gate,method,iteration,fidelity,loss,learning_rate,robust_mean_fidelity,cvar_infidelity
I,GRAPE,1,0.01563968136906624,0.9843604564666748,0.0007999995311938873,,
I,GRAPE,25,0.9241667985916138,0.07583330571651459,0.0007997070337714746,,
I,GRAPE,50,0.9596139788627625,0.040386125445365906,0.0007988285868185884,,
I,GRAPE,75,0.9805596470832825,0.019440457224845886,0.0007973660136428716,,
I,GRAPE,100,0.9851309061050415,0.014869197271764278,0.000795321569426152,,
I,GRAPE,125,0.9855483770370483,0.014451726339757442,0.0007926984065532274,,
I,GRAPE,150,0.9898295402526855,0.010170563124120235,0.000789500569751117,,
I,GRAPE,175,0.9901965260505676,0.009803577326238155,0.0007857329898523859,,
I,GRAPE,200,0.9855843782424927,0.014415725134313107,0.0007814014761921583,,
I,GRAPE,225,0.9896393418312073,0.010360761545598507,0.0007765127076505443,,
I,GRAPE,250,0.9888625741004944,0.011137529276311398,0.0007710742223542895,,
I,GRAPE,275,0.990760087966919,0.009240015409886837,0.0007650944060535315,,
I,GRAPE,300,0.9899609684944153,0.010039134882390499,0.0007585824791915802,,
I,GRAPE,325,0.9912168383598328,0.008783265016973019,0.0007515484826876632,,
I,GRAPE,350,0.9921017289161682,0.00789837446063757,0.0007440032624545552,,
I,GRAPE,375,0.9937030673027039,0.006297036074101925,0.0007359584526749675,,
I,GRAPE,400,0.9914379715919495,0.00856213178485632,0.0007274264578624801,,
I,GRAPE,425,0.9933421015739441,0.0066580018028616905,0.000718420433734683,,
I,GRAPE,450,0.9930159449577332,0.006984158419072628,0.0007089542669280117,,
I,GRAPE,475,0.9942790269851685,0.005721076391637325,0.0006990425535855607,,
I,GRAPE,500,0.9929726123809814,0.007027490995824337,0.000688700576850888,,
I,GRAPE,525,0.9936856031417847,0.006314500235021114,0.000677944283302518,,
I,GRAPE,550,0.9953886866569519,0.004611416719853878,0.00066679025836547,,
I,GRAPE,575,0.9956160187721252,0.004384084604680538,0.000655255700737737,,
I,GRAPE,600,0.9935901761054993,0.006409927271306515,0.00064335839587114,,
I,GRAPE,625,0.9931120872497559,0.006888016127049923,0.0006311166885474491,,
I,GRAPE,650,0.9942204356193542,0.005779667757451534,0.0006185494545920606,,
I,GRAPE,675,0.9935593008995056,0.006440802477300167,0.0006056760717688429,,
I,GRAPE,700,0.9914735555648804,0.008526547811925411,0.0005925163899010278,,
I,GRAPE,725,0.9928502440452576,0.007149859331548214,0.0005790907002642228,,
I,GRAPE,750,0.9951745271682739,0.0048255762085318565,0.0005654197042987343,,
I,GRAPE,775,0.9943232536315918,0.0056768497452139854,0.0005515244816894474,,
I,GRAPE,800,0.9954972863197327,0.004502817057073116,0.0005374264578624799,,
I,GRAPE,825,0.9952413439750671,0.004758759401738644,0.0005231473709487284,,
I,GRAPE,850,0.9960916042327881,0.003908499144017696,0.0005087092382652451,,
I,GRAPE,875,0.995837390422821,0.004162712953984737,0.0004941343223661304,,
I,GRAPE,900,0.9966166019439697,0.003383501200005412,0.00047944509671528975,,
I,GRAPE,925,0.9961856007575989,0.0038145023863762617,0.00046466421103398016,,
I,GRAPE,950,0.9968504905700684,0.0031496125739067793,0.0004498144563765829,,
I,GRAPE,975,0.9967708587646484,0.003229244379326701,0.00043491872998844796,,
I,GRAPE,1000,0.9973140954971313,0.002686007646843791,0.00042000000000000175,,
I,GRAPE,1025,0.9970348477363586,0.002965255407616496,0.00040508127001155555,,
I,GRAPE,1050,0.997542679309845,0.002457423834130168,0.0003901855436234205,,
I,GRAPE,1075,0.9974019527435303,0.0025981504004448652,0.00037533578896602334,,
I,GRAPE,1100,0.9977997541427612,0.002200349001213908,0.00036055490328471386,,
I,GRAPE,1125,0.9977487921714783,0.002251310972496867,0.0003458656776338729,,
I,GRAPE,1150,0.998119056224823,0.0018810469191521406,0.0003312907617347575,,
I,GRAPE,1175,0.9984375238418579,0.0015625793021172285,0.00031685262905127316,,
I,GRAPE,1200,0.9990456104278564,0.0009544926579110324,0.0003025735421375214,,
I,GRAPE,1225,0.9990642070770264,0.0009358960087411106,0.00028847551831055404,,
I,GRAPE,1250,0.9990849494934082,0.0009151535923592746,0.00027458029570126747,,
I,GRAPE,1275,0.9991026520729065,0.0008974510128609836,0.0002609092997357791,,
I,GRAPE,1300,0.9991162419319153,0.0008838610956445336,0.0002474836100989745,,
I,GRAPE,1325,0.99913090467453,0.0008691983530297875,0.0002343239282311593,,
I,GRAPE,1350,0.9991423487663269,0.0008577542612329125,0.00022145054540794148,,
I,GRAPE,1375,0.9991551041603088,0.000844998867250979,0.0002088833114525531,,
I,GRAPE,1400,0.9991658329963684,0.0008342700311914086,0.000196641604128862,,
I,GRAPE,1425,0.999177873134613,0.0008222298929467797,0.00018474429926226482,,
I,GRAPE,1450,0.9991862177848816,0.000813885242678225,0.00017320974163453172,,
I,GRAPE,1475,0.9991945624351501,0.0008055405924096704,0.0001620557166974835,,
I,GRAPE,1500,0.9992044568061829,0.0007956462213769555,0.00015129942314911333,,
I,GRAPE,1525,0.9992092251777649,0.0007908777915872633,0.00014095744641444083,,
I,GRAPE,1550,0.9992197155952454,0.0007803873741067946,0.00013104573307198958,,
I,GRAPE,1575,0.999224841594696,0.000775261374656111,0.00012157956626531827,,
I,GRAPE,1600,0.9992297887802124,0.0007703141891397536,0.00011257354213752138,,
I,GRAPE,1625,0.9992352724075317,0.0007648305618204176,0.00010404154732503417,,
I,GRAPE,1650,0.9992412328720093,0.0007588700973428786,9.599673754544633e-05,,
I,GRAPE,1675,0.9992445707321167,0.0007555322372354567,8.845151731233827e-05,,
I,GRAPE,1700,0.9992498159408569,0.0007502870284952223,8.141752080842129e-05,,
I,GRAPE,1725,0.9992555379867554,0.0007445649825967848,7.490559394647008e-05,,
I,GRAPE,1750,0.9992579221725464,0.0007421807968057692,6.892577764571179e-05,,
I,GRAPE,1775,0.9992605447769165,0.000739558192435652,6.348729234945667e-05,,
I,GRAPE,1800,0.9992650747299194,0.0007350282394327223,5.859852380784215e-05,,
I,GRAPE,1825,0.9992681741714478,0.000731928797904402,5.426701014761444e-05,,
I,GRAPE,1850,0.9992688894271851,0.0007312135421670973,5.049943024888318e-05,,
I,GRAPE,1875,0.9992727041244507,0.0007273988449014723,4.730159344677261e-05,,
I,GRAPE,1900,0.9992784261703491,0.0007216767990030348,4.46784305738478e-05,,
I,GRAPE,1925,0.9992785453796387,0.000721557589713484,4.2633986357128065e-05,,
I,GRAPE,1950,0.999280571937561,0.0007195310317911208,4.117141318141141e-05,,
I,GRAPE,1975,0.9992820024490356,0.0007181005203165114,4.029296622852532e-05,,
I,GRAPE,2000,0.9992858171463013,0.0007142858230508864,4e-05,,
I,Robust GRAPE,1,0.00412123603746295,3.4868335723876953,0.0005999997094176884,0.003998185973614454,0.9966349005699158
I,Robust GRAPE,25,0.8704708218574524,0.6121626496315002,0.0005998184053122424,0.8340176939964294,0.21110045909881592
I,Robust GRAPE,50,0.9448001384735107,0.3366846740245819,0.0005992738526639225,0.9170743823051453,0.13237255811691284
I,Robust GRAPE,75,0.9626644849777222,0.21094579994678497,0.0005983670360049908,0.9454681277275085,0.07938534021377563
I,Robust GRAPE,100,0.9627777338027954,0.19640517234802246,0.0005970991109360656,0.952859103679657,0.07469439506530762
I,Robust GRAPE,125,0.9578236937522888,0.17969854176044464,0.000595471693235793,0.9523069262504578,0.05988582968711853
I,Robust GRAPE,150,0.9796327352523804,0.09474700689315796,0.0005934868568017803,0.9755157828330994,0.03326335549354553
I,Robust GRAPE,175,0.9846271872520447,0.07344917207956314,0.0005911471310077294,0.979771614074707,0.025231748819351196
I,Robust GRAPE,200,0.9866990447044373,0.06416303664445877,0.0005884554974801316,0.9823269248008728,0.02212575078010559
I,Robust GRAPE,225,0.9786224365234375,0.09525024890899658,0.0005854153862986362,0.9734339118003845,0.031537383794784546
I,Robust GRAPE,250,0.9863570928573608,0.061829887330532074,0.000582030671624932,0.9828829169273376,0.020712971687316895
I,Robust GRAPE,275,0.9726496338844299,0.11281293630599976,0.0005783056667657171,0.9685105681419373,0.03598177433013916
I,Robust GRAPE,300,0.9846891760826111,0.06923498213291168,0.000574245118676038,0.9810515642166138,0.02331686019897461
I,Robust GRAPE,325,0.9815798997879028,0.07745672762393951,0.0005698542019100181,0.9785600900650024,0.02506422996520996
I,Robust GRAPE,350,0.9858835935592651,0.06274867057800293,0.0005651385120266685,0.9827203154563904,0.020901411771774292
I,Robust GRAPE,375,0.9832358956336975,0.07152779400348663,0.0005601040584591952,0.9799367785453796,0.02313333749771118
I,Robust GRAPE,400,0.9900972247123718,0.04735423997044563,0.0005547572568568876,0.9867464303970337,0.016131609678268433
I,Robust GRAPE,425,0.9837939143180847,0.06534599512815475,0.0005491049209093409,0.9817447662353516,0.020589500665664673
I,Robust GRAPE,450,0.9894797205924988,0.050286684185266495,0.0005431542536634437,0.9860811233520508,0.017231404781341553
I,Robust GRAPE,475,0.9887190461158752,0.050123367458581924,0.0005369128383441814,0.9859680533409119,0.01653999090194702
I,Robust GRAPE,500,0.9895022511482239,0.04764698073267937,0.0005303886286909646,0.9868543744087219,0.016002148389816284
I,Robust GRAPE,525,0.989913284778595,0.04454011470079422,0.0005235899388217924,0.9876183867454529,0.014714241027832031
I,Robust GRAPE,550,0.9901060461997986,0.048434317111968994,0.0005165254326381668,0.9865496754646301,0.016726404428482056
I,Robust GRAPE,575,0.9910900592803955,0.044747527688741684,0.0005092041127842604,0.9876785278320312,0.015677154064178467
I,Robust GRAPE,600,0.9908372163772583,0.04310621693730354,0.0005016353091744084,0.9879869818687439,0.014619916677474976
I,Robust GRAPE,625,0.9894633293151855,0.04746224731206894,0.0004938286671035459,0.98687744140625,0.015868455171585083
I,Robust GRAPE,650,0.9924745559692383,0.037736862897872925,0.00048579413495573756,0.9895048141479492,0.013143867254257202
I,Robust GRAPE,675,0.9866155385971069,0.053423453122377396,0.0004775419515264692,0.9854127764701843,0.01696762442588806
I,Robust GRAPE,700,0.9921711683273315,0.03585674241185188,0.0004690826329748505,0.9898895621299744,0.011944711208343506
I,Robust GRAPE,725,0.9924215078353882,0.03722677752375603,0.0004604269594223624,0.9899565577507019,0.013069599866867065
I,Robust GRAPE,750,0.9927734136581421,0.036493681371212006,0.000451585961215223,0.989982545375824,0.012832790613174438
I,Robust GRAPE,775,0.9937369227409363,0.03131506219506264,0.00044257090486788037,0.9911422729492188,0.010795921087265015
I,Robust GRAPE,800,0.9907573461532593,0.038125406950712204,0.0004333932787055453,0.9895414710044861,0.012282520532608032
I,Robust GRAPE,825,0.9927844405174255,0.03354446962475777,0.0004240647782240588,0.9906315207481384,0.011306613683700562
I,Robust GRAPE,850,0.9940888285636902,0.0308298971503973,0.00041459729118575135,0.9912965893745422,0.010809898376464844
I,Robust GRAPE,875,0.9936339259147644,0.030660588294267654,0.00040500288247029097,0.9915167689323425,0.010540574789047241
I,Robust GRAPE,900,0.993945837020874,0.030948810279369354,0.000395293778699817,0.9913671612739563,0.010840922594070435
I,Robust GRAPE,925,0.993874192237854,0.028862111270427704,0.0003854823526579618,0.991951584815979,0.009791642427444458
I,Robust GRAPE,950,0.9948331117630005,0.024773839861154556,0.00037558110752260914,0.9929805994033813,0.008391410112380981
I,Robust GRAPE,975,0.9957262873649597,0.023045605048537254,0.0003656026609324877,0.9935666918754578,0.008225440979003906
I,Robust GRAPE,1000,0.9945080876350403,0.025695685297250748,0.0003555597289078979,0.9927967190742493,0.00866672396659851
I,Robust GRAPE,1025,0.9918131828308105,0.03632541745901108,0.0003454651096460691,0.9900097846984863,0.012098640203475952
I,Robust GRAPE,1050,0.9930739402770996,0.0320974625647068,0.0003353316672117932,0.9911258816719055,0.010864555835723877
I,Robust GRAPE,1075,0.9950844049453735,0.02329292707145214,0.00032517231514412183,0.9934173822402954,0.007862895727157593
I,Robust GRAPE,1100,0.9931689500808716,0.02903432585299015,0.00031500000000001264,0.9919328689575195,0.009423822164535522
I,Robust GRAPE,1125,0.9944754838943481,0.02648000419139862,0.00030482768485590346,0.9926592111587524,0.009076148271560669
I,Robust GRAPE,1150,0.9960761666297913,0.022664321586489677,0.00029466833278823197,0.9939597249031067,0.008466541767120361
I,Robust GRAPE,1175,0.996406078338623,0.0202828086912632,0.00028453489035395595,0.9943632483482361,0.007367819547653198
I,Robust GRAPE,1200,0.9960970878601074,0.020658880472183228,0.00027444027109212697,0.9941930770874023,0.007299065589904785
I,Robust GRAPE,1225,0.9960597157478333,0.020288754254579544,0.0002643973390675363,0.994372546672821,0.007147073745727539
I,Robust GRAPE,1250,0.9965894818305969,0.018508246168494225,0.00025441889247741393,0.9947391748428345,0.0065576136112213135
I,Robust GRAPE,1275,0.9966992139816284,0.018717650324106216,0.00024451764734206047,0.9947332739830017,0.006766468286514282
I,Robust GRAPE,1300,0.9967449307441711,0.01850304938852787,0.0002347062213002039,0.9948968291282654,0.006762892007827759
I,Robust GRAPE,1325,0.995936930179596,0.02106282487511635,0.00022499711752972876,0.994127094745636,0.007417649030685425
I,Robust GRAPE,1350,0.9964911937713623,0.017674533650279045,0.00021540270881426725,0.9950067400932312,0.006114691495895386
I,Robust GRAPE,1375,0.9968229532241821,0.018335673958063126,0.00020593522177595922,0.9949061274528503,0.006709545850753784
I,Robust GRAPE,1400,0.9967665672302246,0.01713213324546814,0.0001966067212944717,0.9951784014701843,0.006051123142242432
I,Robust GRAPE,1425,0.9967260956764221,0.017384091392159462,0.00018742909513213565,0.9951040148735046,0.006142526865005493
I,Robust GRAPE,1450,0.9966585040092468,0.01699870266020298,0.00017841403878479206,0.9952705502510071,0.005951583385467529
I,Robust GRAPE,1475,0.9970991015434265,0.016161514446139336,0.0001695730405776513,0.9954214096069336,0.0057877302169799805
I,Robust GRAPE,1500,0.9970243573188782,0.016766119748353958,0.0001609173670251618,0.995282769203186,0.00604856014251709
I,Robust GRAPE,1525,0.9972655177116394,0.015350139699876308,0.00015245804847354195,0.9956220984458923,0.0054915547370910645
I,Robust GRAPE,1550,0.9968359470367432,0.015966787934303284,0.00014420586504427228,0.9954463839530945,0.005499154329299927
I,Robust GRAPE,1575,0.9971381425857544,0.01528584398329258,0.0001361713328964629,0.995679497718811,0.005402088165283203
I,Robust GRAPE,1600,0.9971831440925598,0.015363464131951332,0.0001283646908255991,0.995633602142334,0.005453199148178101
I,Robust GRAPE,1625,0.9973003268241882,0.015726102516055107,0.0001207958872157459,0.9956561923027039,0.005788147449493408
I,Robust GRAPE,1650,0.9972331523895264,0.015495616011321545,0.00011347456736183846,0.9956521391868591,0.005586981773376465
I,Robust GRAPE,1675,0.9971758127212524,0.014438151381909847,0.00010641006117821234,0.9958397746086121,0.004968881607055664
I,Robust GRAPE,1700,0.997329592704773,0.01424588542431593,9.961137130904015e-05,0.9959295392036438,0.005003035068511963
I,Robust GRAPE,1725,0.9975528120994568,0.014248081482946873,9.308716165582323e-05,0.995959460735321,0.005173295736312866
I,Robust GRAPE,1750,0.9975965023040771,0.013877241872251034,8.684574633656034e-05,0.9960556030273438,0.005019247531890869
I,Robust GRAPE,1775,0.9976533055305481,0.013782036490738392,8.089507909066261e-05,0.9960882067680359,0.005015432834625244
I,Robust GRAPE,1800,0.9976012706756592,0.013630854897201061,7.524274314311579e-05,0.9960926175117493,0.004882931709289551
I,Robust GRAPE,1825,0.9976093769073486,0.013347666710615158,6.989594154080749e-05,0.9961773157119751,0.004755914211273193
I,Robust GRAPE,1850,0.9976651072502136,0.013212277553975582,6.486148797333406e-05,0.9962013363838196,0.004718869924545288
I,Robust GRAPE,1875,0.9975860118865967,0.013299545273184776,6.0145798089983905e-05,0.9962040185928345,0.00472608208656311
I,Robust GRAPE,1900,0.9977701306343079,0.012987121008336544,5.575488132396362e-05,0.9962727427482605,0.0046863853931427
I,Robust GRAPE,1925,0.9977110624313354,0.012961247004568577,5.169433323428443e-05,0.9962871670722961,0.004639416933059692
I,Robust GRAPE,1950,0.9977597594261169,0.012779450044035912,4.796932837506882e-05,0.996320903301239,0.004573166370391846
I,Robust GRAPE,1975,0.9978433847427368,0.012727209366858006,4.458461370136463e-05,0.9963509440422058,0.004614084959030151
I,Robust GRAPE,2000,0.9978339672088623,0.012663807719945908,4.154450251986887e-05,0.9963733553886414,0.004580467939376831
I,Robust GRAPE,2025,0.9978013038635254,0.012558150105178356,3.885286899227088e-05,0.9963840842247009,0.004495382308959961
I,Robust GRAPE,2050,0.9978389739990234,0.012437322176992893,3.6513143198219925e-05,0.9964062571525574,0.004454761743545532
I,Robust GRAPE,2075,0.9978958964347839,0.012426628731191158,3.4528306764207154e-05,0.9964308738708496,0.004502028226852417
I,Robust GRAPE,2100,0.9979063272476196,0.012392007745802402,3.290088906393433e-05,0.9964451193809509,0.0044953227043151855
I,Robust GRAPE,2125,0.9977858662605286,0.01253647729754448,3.163296399500936e-05,0.9964231848716736,0.0044966936111450195
I,Robust GRAPE,2150,0.9978851675987244,0.012425413355231285,3.072614733607778e-05,0.9964543581008911,0.004509657621383667
I,Robust GRAPE,2175,0.9979568719863892,0.012197586707770824,3.018159468775736e-05,0.9964908957481384,0.004429906606674194
I,Robust GRAPE,2200,0.9979461431503296,0.012135281227529049,2.9999999999999997e-05,0.9965120553970337,0.004395335912704468
I,NN-seeded GRAPE,1,0.991601288318634,0.008398724719882011,0.00019999706997625503,,
I,NN-seeded GRAPE,20,0.9934219121932983,0.006578100845217705,0.000198830392356538,,
I,NN-seeded GRAPE,40,0.9972491264343262,0.0027508866041898727,0.0001953503690480395,,
I,NN-seeded GRAPE,60,0.99788898229599,0.0021110305096954107,0.0001896456197978949,,
I,NN-seeded GRAPE,80,0.9981876611709595,0.0018123517511412501,0.00018185661446561998,,
I,NN-seeded GRAPE,100,0.9983186721801758,0.0016813407419249415,0.000172175144212722,,
I,NN-seeded GRAPE,120,0.9984580278396606,0.0015419850824400783,0.00016083959896778487,,
I,NN-seeded GRAPE,140,0.9985470175743103,0.00145299534779042,0.00014812909747525683,,
I,NN-seeded GRAPE,160,0.9986149072647095,0.0013851055409759283,0.0001343566144656199,,
I,NN-seeded GRAPE,180,0.9986717104911804,0.001328302314504981,0.00011986127417882194,,
I,NN-seeded GRAPE,200,0.9987208247184753,0.0012791880872100592,0.00010500000000000002,,
I,NN-seeded GRAPE,220,0.9987626075744629,0.0012374052312225103,9.013872582117809e-05,,
I,NN-seeded GRAPE,240,0.9987956285476685,0.001204384258016944,7.564338553438001e-05,,
I,NN-seeded GRAPE,260,0.998822808265686,0.0011772045399993658,6.187090252474307e-05,,
I,NN-seeded GRAPE,280,0.9988467693328857,0.0011532434727996588,4.9160401032215056e-05,,
I,NN-seeded GRAPE,300,0.9988662600517273,0.001133752753958106,3.7824855787278006e-05,,
I,NN-seeded GRAPE,320,0.9988787770271301,0.001121235778555274,2.8143385534380033e-05,,
I,NN-seeded GRAPE,340,0.9988887906074524,0.0011112221982330084,2.0354380202105085e-05,,
I,NN-seeded GRAPE,360,0.9988964200019836,0.0011035928037017584,1.4649630951960429e-05,,
I,NN-seeded GRAPE,380,0.9989028573036194,0.0010971555020660162,1.1169607643461929e-05,,
I,NN-seeded GRAPE,400,0.9989061951637268,0.0010938176419585943,1e-05,,
I,CRAB-SPSA,1,0.18829452991485596,0.811705470085144,,,
I,CRAB-SPSA,25,0.18829452991485596,0.811705470085144,,,
I,CRAB-SPSA,50,0.18829452991485596,0.811705470085144,,,
I,CRAB-SPSA,75,0.18829452991485596,0.811705470085144,,,
I,CRAB-SPSA,100,0.18829452991485596,0.811705470085144,,,
I,CRAB-SPSA,125,0.18829452991485596,0.811705470085144,,,
I,CRAB-SPSA,150,0.18829452991485596,0.811705470085144,,,
I,CRAB-SPSA,175,0.18829452991485596,0.811705470085144,,,
I,CRAB-SPSA,200,0.18829452991485596,0.811705470085144,,,
I,CRAB-SPSA,225,0.18829452991485596,0.811705470085144,,,
I,CRAB-SPSA,250,0.18829452991485596,0.811705470085144,,,
I,CRAB-SPSA,275,0.18829452991485596,0.811705470085144,,,
I,CRAB-SPSA,300,0.18829452991485596,0.811705470085144,,,
I,CRAB-SPSA,325,0.18829452991485596,0.811705470085144,,,
I,CRAB-SPSA,350,0.18829452991485596,0.811705470085144,,,
I,CRAB-SPSA,375,0.18829452991485596,0.811705470085144,,,
I,CRAB-SPSA,400,0.18829452991485596,0.811705470085144,,,
I,CRAB-SPSA,425,0.18829452991485596,0.811705470085144,,,
I,CRAB-SPSA,450,0.18829452991485596,0.811705470085144,,,
I,CRAB-SPSA,475,0.18829452991485596,0.811705470085144,,,
I,CRAB-SPSA,500,0.18829452991485596,0.811705470085144,,,
I,CRAB-SPSA,525,0.18829452991485596,0.811705470085144,,,
I,CRAB-SPSA,550,0.18829452991485596,0.811705470085144,,,
I,CRAB-SPSA,575,0.18829452991485596,0.811705470085144,,,
I,CRAB-SPSA,600,0.18829452991485596,0.811705470085144,,,
I,CRAB-SPSA,625,0.18829452991485596,0.811705470085144,,,
I,CRAB-SPSA,650,0.18829452991485596,0.811705470085144,,,
I,CRAB-SPSA,675,0.18829452991485596,0.811705470085144,,,
I,CRAB-SPSA,700,0.18829452991485596,0.811705470085144,,,
I,CRAB-SPSA,725,0.18829452991485596,0.811705470085144,,,
I,CRAB-SPSA,750,0.18829452991485596,0.811705470085144,,,
I,CRAB-SPSA,775,0.18829452991485596,0.811705470085144,,,
I,CRAB-SPSA,800,0.18829452991485596,0.811705470085144,,,
I,CRAB-SPSA,825,0.18829452991485596,0.811705470085144,,,
I,CRAB-SPSA,850,0.18829452991485596,0.811705470085144,,,
I,CRAB-SPSA,875,0.18829452991485596,0.811705470085144,,,
I,CRAB-SPSA,900,0.18829452991485596,0.811705470085144,,,
I,CRAB-SPSA,925,0.18829452991485596,0.811705470085144,,,
I,CRAB-SPSA,950,0.18829452991485596,0.811705470085144,,,
I,CRAB-SPSA,975,0.18829452991485596,0.811705470085144,,,
I,CRAB-SPSA,1000,0.18829452991485596,0.811705470085144,,,
I,CRAB-SPSA,1025,0.18829452991485596,0.811705470085144,,,
I,CRAB-SPSA,1050,0.18829452991485596,0.811705470085144,,,
I,CRAB-SPSA,1075,0.18829452991485596,0.811705470085144,,,
I,CRAB-SPSA,1100,0.18829452991485596,0.811705470085144,,,
I,CRAB-SPSA,1125,0.18829452991485596,0.811705470085144,,,
I,CRAB-SPSA,1150,0.18829452991485596,0.811705470085144,,,
I,CRAB-SPSA,1175,0.18829452991485596,0.811705470085144,,,
I,CRAB-SPSA,1200,0.18829452991485596,0.811705470085144,,,
I,CRAB-SPSA,1225,0.18829452991485596,0.811705470085144,,,
I,CRAB-SPSA,1250,0.18829452991485596,0.811705470085144,,,
I,CRAB-SPSA,1275,0.18829452991485596,0.811705470085144,,,
I,CRAB-SPSA,1300,0.18829452991485596,0.811705470085144,,,
I,CRAB-SPSA,1325,0.18829452991485596,0.811705470085144,,,
I,CRAB-SPSA,1350,0.18829452991485596,0.811705470085144,,,
I,CRAB-SPSA,1375,0.18829452991485596,0.811705470085144,,,
I,CRAB-SPSA,1400,0.18829452991485596,0.811705470085144,,,
I,CRAB-SPSA,1425,0.18829452991485596,0.811705470085144,,,
I,CRAB-SPSA,1450,0.18829452991485596,0.811705470085144,,,
I,CRAB-SPSA,1475,0.18829452991485596,0.811705470085144,,,
I,CRAB-SPSA,1500,0.18829452991485596,0.811705470085144,,,
X,GRAPE,1,0.06497551500797272,0.935024619102478,0.0007999995311938873,,
X,GRAPE,25,0.9531440138816833,0.04685608297586441,0.0007997070337714746,,
X,GRAPE,50,0.98170006275177,0.01830003224313259,0.0007988285868185884,,
X,GRAPE,75,0.9846106171607971,0.015389478765428066,0.0007973660136428716,,
X,GRAPE,100,0.9850907921791077,0.014909302815794945,0.000795321569426152,,
X,GRAPE,125,0.9915412068367004,0.008458888158202171,0.0007926984065532274,,
X,GRAPE,150,0.9908648729324341,0.009135222062468529,0.000789500569751117,,
X,GRAPE,175,0.9931381940841675,0.00686190091073513,0.0007857329898523859,,
X,GRAPE,200,0.9884575605392456,0.011542534455657005,0.0007814014761921583,,
X,GRAPE,225,0.990204930305481,0.009795164689421654,0.0007765127076505443,,
X,GRAPE,250,0.990450382232666,0.009549712762236595,0.0007710742223542895,,
X,GRAPE,275,0.992478609085083,0.007521485909819603,0.0007650944060535315,,
X,GRAPE,300,0.9922177195549011,0.007782375440001488,0.0007585824791915802,,
X,GRAPE,325,0.9935570359230042,0.006443058606237173,0.0007515484826876632,,
X,GRAPE,350,0.9930863976478577,0.0069136968813836575,0.0007440032624545552,,
X,GRAPE,375,0.9941025972366333,0.005897497292608023,0.0007359584526749675,,
X,GRAPE,400,0.9937493801116943,0.0062507144175469875,0.0007274264578624801,,
X,GRAPE,425,0.9948235154151917,0.005176579114049673,0.000718420433734683,,
X,GRAPE,450,0.9941601157188416,0.005839978810399771,0.0007089542669280117,,
X,GRAPE,475,0.9950587153434753,0.004941379185765982,0.0006990425535855607,,
X,GRAPE,500,0.9847707748413086,0.015229319222271442,0.000688700576850888,,
X,GRAPE,525,0.9916157722473145,0.008384321816265583,0.000677944283302518,,
X,GRAPE,550,0.9928632974624634,0.0071367970667779446,0.00066679025836547,,
X,GRAPE,575,0.9942357540130615,0.0057643405161798,0.000655255700737737,,
X,GRAPE,600,0.9936608672142029,0.006339227315038443,0.00064335839587114,,
X,GRAPE,625,0.9949321746826172,0.005067919846624136,0.0006311166885474491,,
X,GRAPE,650,0.9947026968002319,0.00529739772900939,0.0006185494545920606,,
X,GRAPE,675,0.9957951307296753,0.0042049637995660305,0.0006056760717688429,,
X,GRAPE,700,0.9949600100517273,0.0050400844775140285,0.0005925163899010278,,
X,GRAPE,725,0.9955729246139526,0.004427169915288687,0.0005790907002642228,,
X,GRAPE,750,0.9968050122261047,0.0031950820703059435,0.0005654197042987343,,
X,GRAPE,775,0.9963303208351135,0.0036697734612971544,0.0005515244816894474,,
X,GRAPE,800,0.9967565536499023,0.003243540646508336,0.0005374264578624799,,
X,GRAPE,825,0.9956976175308228,0.0043024769984185696,0.0005231473709487284,,
X,GRAPE,850,0.995796799659729,0.0042032948695123196,0.0005087092382652451,,
X,GRAPE,875,0.9957656264305115,0.004234468098729849,0.0004941343223661304,,
X,GRAPE,900,0.996504008769989,0.003496085526421666,0.00047944509671528975,,
X,GRAPE,925,0.9973557591438293,0.002644335152581334,0.00046466421103398016,,
X,GRAPE,950,0.9961801171302795,0.003819977166131139,0.0004498144563765829,,
X,GRAPE,975,0.9972098469734192,0.0027902473229914904,0.00043491872998844796,,
X,GRAPE,1000,0.9971305727958679,0.00286952150054276,0.00042000000000000175,,
X,GRAPE,1025,0.9976398348808289,0.0023602594155818224,0.00040508127001155555,,
X,GRAPE,1050,0.9974392652511597,0.002560829045251012,0.0003901855436234205,,
X,GRAPE,1075,0.9978581070899963,0.002141987206414342,0.00037533578896602334,,
X,GRAPE,1100,0.9978375434875488,0.0021625508088618517,0.00036055490328471386,,
X,GRAPE,1125,0.9981144070625305,0.0018856871174648404,0.0003458656776338729,,
X,GRAPE,1150,0.9987089037895203,0.0012911903904750943,0.0003312907617347575,,
X,GRAPE,1175,0.9991397261619568,0.0008603680180385709,0.00031685262905127316,,
X,GRAPE,1200,0.9991537928581238,0.0008463013218715787,0.0003025735421375214,,
X,GRAPE,1225,0.9991726279258728,0.0008274661959148943,0.00028847551831055404,,
X,GRAPE,1250,0.9991821646690369,0.0008179294527508318,0.00027458029570126747,,
X,GRAPE,1275,0.9991969466209412,0.000803147500846535,0.0002609092997357791,,
X,GRAPE,1300,0.99921053647995,0.0007895576418377459,0.0002474836100989745,,
X,GRAPE,1325,0.9992207884788513,0.0007793056429363787,0.0002343239282311593,,
X,GRAPE,1350,0.9992290735244751,0.0007710205391049385,0.00022145054540794148,,
X,GRAPE,1375,0.9992431402206421,0.0007569538429379463,0.0002088833114525531,,
X,GRAPE,1400,0.9992512464523315,0.0007488476112484932,0.000196641604128862,,
X,GRAPE,1425,0.9992574453353882,0.0007426487281918526,0.00018474429926226482,,
X,GRAPE,1450,0.9992692470550537,0.0007308470085263252,0.00017320974163453172,,
X,GRAPE,1475,0.999274730682373,0.0007253633812069893,0.0001620557166974835,,
X,GRAPE,1500,0.9992812871932983,0.0007188068120740354,0.00015129942314911333,,
X,GRAPE,1525,0.9992910623550415,0.0007090316503308713,0.00014095744641444083,,
X,GRAPE,1550,0.9992961883544922,0.0007039056508801877,0.00013104573307198958,,
X,GRAPE,1575,0.9993025064468384,0.0006975875585339963,0.00012157956626531827,,
X,GRAPE,1600,0.9993041753768921,0.0006959186284802854,0.00011257354213752138,,
X,GRAPE,1625,0.9993120431900024,0.0006880508153699338,0.00010404154732503417,,
X,GRAPE,1650,0.9993160963058472,0.0006839976995252073,9.599673754544633e-05,,
X,GRAPE,1675,0.999321699142456,0.0006783948629163206,8.845151731233827e-05,,
X,GRAPE,1700,0.9993282556533813,0.0006718383519910276,8.141752080842129e-05,,
X,GRAPE,1725,0.9993305206298828,0.0006695733754895627,7.490559394647008e-05,,
X,GRAPE,1750,0.9993325471878052,0.0006675467593595386,6.892577764571179e-05,,
X,GRAPE,1775,0.9993374347686768,0.0006626591784879565,6.348729234945667e-05,,
X,GRAPE,1800,0.9993413686752319,0.0006587252719327807,5.859852380784215e-05,,
X,GRAPE,1825,0.9993435144424438,0.0006565795047208667,5.426701014761444e-05,,
X,GRAPE,1850,0.9993466138839722,0.0006534800631925464,5.049943024888318e-05,,
X,GRAPE,1875,0.9993468523025513,0.0006532416446134448,4.730159344677261e-05,,
X,GRAPE,1900,0.9993499517440796,0.0006501422030851245,4.46784305738478e-05,,
X,GRAPE,1925,0.9993513822555542,0.0006487116916105151,4.2633986357128065e-05,,
X,GRAPE,1950,0.9993537664413452,0.0006463275058194995,4.117141318141141e-05,,
X,GRAPE,1975,0.9993555545806885,0.0006445393664762378,4.029296622852532e-05,,
X,GRAPE,2000,0.999355673789978,0.000644420157186687,4e-05,,
X,Robust GRAPE,1,0.008620012551546097,3.4732089042663574,0.0005999997094176884,0.008157323114573956,0.9933239221572876
X,Robust GRAPE,25,0.8489327430725098,0.7531031966209412,0.0005998184053122424,0.7987927794456482,0.2672189474105835
X,Robust GRAPE,50,0.9643243551254272,0.24956196546554565,0.0005992738526639225,0.9367595911026001,0.10043036937713623
X,Robust GRAPE,75,0.9761621952056885,0.1271292120218277,0.0005983670360049908,0.9671598672866821,0.04696729779243469
X,Robust GRAPE,100,0.9855263829231262,0.0808783769607544,0.0005970991109360656,0.9790132641792297,0.030278444290161133
X,Robust GRAPE,125,0.9903497695922852,0.061522144824266434,0.000595471693235793,0.9843698740005493,0.02416101098060608
X,Robust GRAPE,150,0.9918429851531982,0.04984845593571663,0.0005934868568017803,0.9870802164077759,0.01918092370033264
X,Robust GRAPE,175,0.9879122376441956,0.05826941132545471,0.0005911471310077294,0.9843103289604187,0.020327836275100708
X,Robust GRAPE,200,0.9918128252029419,0.048407476395368576,0.0005884554974801316,0.9871205687522888,0.01822701096534729
X,Robust GRAPE,225,0.993021547794342,0.040514666587114334,0.0005854153862986362,0.9895049929618835,0.01536056399345398
X,Robust GRAPE,250,0.9918871521949768,0.04120752960443497,0.000582030671624932,0.9891646504402161,0.014839351177215576
X,Robust GRAPE,275,0.9935877919197083,0.03700655698776245,0.0005783056667657171,0.9902046322822571,0.013865798711776733
X,Robust GRAPE,300,0.9936070442199707,0.03660014644265175,0.000574245118676038,0.9905573129653931,0.01384282112121582
X,Robust GRAPE,325,0.9942302703857422,0.032761529088020325,0.0005698542019100181,0.9915518164634705,0.012362182140350342
X,Robust GRAPE,350,0.994389533996582,0.03305361792445183,0.0005651385120266685,0.9912118911743164,0.012436479330062866
X,Robust GRAPE,375,0.9951152801513672,0.029904799535870552,0.0005601040584591952,0.9920365214347839,0.01137089729309082
X,Robust GRAPE,400,0.9947062730789185,0.029186181724071503,0.0005547572568568876,0.9925197958946228,0.01094132661819458
X,Robust GRAPE,425,0.995376467704773,0.026280907914042473,0.0005491049209093409,0.9932946562767029,0.009967803955078125
X,Robust GRAPE,450,0.9948849678039551,0.029652291908860207,0.0005431542536634437,0.9919778108596802,0.011009842157363892
X,Robust GRAPE,475,0.9954192638397217,0.026694534346461296,0.0005369128383441814,0.9928032159805298,0.009944498538970947
X,Robust GRAPE,500,0.9939447641372681,0.0368565134704113,0.0005303886286909646,0.9899898767471313,0.013860523700714111
X,Robust GRAPE,525,0.9967235922813416,0.021363670006394386,0.0005235899388217924,0.9942812323570251,0.00824543833732605
X,Robust GRAPE,550,0.9923964142799377,0.04039490967988968,0.0005165254326381668,0.9895380139350891,0.014885962009429932
X,Robust GRAPE,575,0.9932268261909485,0.036097731441259384,0.0005092041127842604,0.9908941388130188,0.013478904962539673
X,Robust GRAPE,600,0.992379367351532,0.032852377742528915,0.0005016353091744084,0.9907047152519226,0.010624140501022339
X,Robust GRAPE,625,0.9935697317123413,0.028131434693932533,0.0004938286671035459,0.9920427203178406,0.009162425994873047
X,Robust GRAPE,650,0.9957730174064636,0.02643764205276966,0.00048579413495573756,0.9933416247367859,0.01036795973777771
X,Robust GRAPE,675,0.9964073896408081,0.024371983483433723,0.0004775419515264692,0.9940702319145203,0.009899526834487915
X,Robust GRAPE,700,0.9944589734077454,0.02487613633275032,0.0004690826329748505,0.993039608001709,0.008249610662460327
X,Robust GRAPE,725,0.9948779344558716,0.02397274784743786,0.0004604269594223624,0.9932714700698853,0.008081257343292236
X,Robust GRAPE,750,0.9957874417304993,0.02585005573928356,0.000451585961215223,0.9937114715576172,0.01023244857788086
X,Robust GRAPE,775,0.9966529011726379,0.02256370335817337,0.00044257090486788037,0.9945360422134399,0.009168177843093872
X,Robust GRAPE,800,0.9956093430519104,0.021730832755565643,0.0004333932787055453,0.9938983917236328,0.007492184638977051
X,Robust GRAPE,825,0.995527982711792,0.021417735144495964,0.0004240647782240588,0.9939942359924316,0.007293105125427246
X,Robust GRAPE,850,0.9969296455383301,0.020623166114091873,0.00041459729118575135,0.9949701428413391,0.008348435163497925
X,Robust GRAPE,875,0.9965656995773315,0.02260478213429451,0.00040500288247029097,0.9944538474082947,0.009082645177841187
X,Robust GRAPE,900,0.9829504489898682,0.06369271874427795,0.000395293778699817,0.9824032187461853,0.019364088773727417
X,Robust GRAPE,925,0.9975386261940002,0.018139410763978958,0.0003854823526579618,0.9953184127807617,0.007330805063247681
X,Robust GRAPE,950,0.9926245808601379,0.029126040637493134,0.00037558110752260914,0.9921308755874634,0.009254097938537598
X,Robust GRAPE,975,0.9968229532241821,0.01783154346048832,0.0003656026609324877,0.9952605366706848,0.006609797477722168
X,Robust GRAPE,1000,0.9963502883911133,0.01966048963367939,0.0003555597289078979,0.9946069717407227,0.007078289985656738
X,Robust GRAPE,1025,0.9976301193237305,0.016068972647190094,0.0003454651096460691,0.9959875345230103,0.006457537412643433
X,Robust GRAPE,1050,0.9942460656166077,0.02821907214820385,0.0003353316672117932,0.9926620721817017,0.01008462905883789
X,Robust GRAPE,1075,0.9975886344909668,0.015757320448756218,0.00032517231514412183,0.9959673285484314,0.006208658218383789
X,Robust GRAPE,1100,0.9958689212799072,0.020229531452059746,0.00031500000000001264,0.9943668246269226,0.006976693868637085
X,Robust GRAPE,1125,0.9957616329193115,0.021247418597340584,0.00030482768485590346,0.9941649436950684,0.007449120283126831
X,Robust GRAPE,1150,0.9955987334251404,0.021048428490757942,0.00029466833278823197,0.9942962527275085,0.007295459508895874
X,Robust GRAPE,1175,0.9947348237037659,0.02457875944674015,0.00028453489035395595,0.9937219023704529,0.008690118789672852
X,Robust GRAPE,1200,0.997929573059082,0.015484048053622246,0.00027444027109212697,0.9961087107658386,0.00634804368019104
X,Robust GRAPE,1225,0.9973198175430298,0.016339890658855438,0.0002643973390675363,0.9958144426345825,0.006315886974334717
X,Robust GRAPE,1250,0.9972167611122131,0.01690414734184742,0.00025441889247741393,0.9954153895378113,0.006357342004776001
X,Robust GRAPE,1275,0.9978108406066895,0.014258850365877151,0.00024451764734206047,0.9962510466575623,0.00554695725440979
X,Robust GRAPE,1300,0.9972397089004517,0.015497581101953983,0.0002347062213002039,0.9960980415344238,0.005890011787414551
X,Robust GRAPE,1325,0.9978672862052917,0.015085349790751934,0.00022499711752972876,0.9961898922920227,0.006094753742218018
X,Robust GRAPE,1350,0.9980192184448242,0.01502844225615263,0.00021540270881426725,0.996293842792511,0.0062275230884552
X,Robust GRAPE,1375,0.9980114102363586,0.014129296876490116,0.00020593522177595922,0.9964486360549927,0.005726039409637451
X,Robust GRAPE,1400,0.9974002838134766,0.0141078419983387,0.0001966067212944717,0.9961830377578735,0.005127280950546265
X,Robust GRAPE,1425,0.9975786805152893,0.013581566512584686,0.00018742909513213565,0.9963359832763672,0.004997313022613525
X,Robust GRAPE,1450,0.9982333779335022,0.013600979000329971,0.00017841403878479206,0.9965769052505493,0.005607306957244873
X,Robust GRAPE,1475,0.9982955455780029,0.013136650435626507,0.0001695730405776513,0.996690571308136,0.005414992570877075
X,Robust GRAPE,1500,0.9976903200149536,0.013219911605119705,0.0001609173670251618,0.9964486956596375,0.004905790090560913
X,Robust GRAPE,1525,0.9978243112564087,0.012863160111010075,0.00015245804847354195,0.996560275554657,0.004831641912460327
X,Robust GRAPE,1550,0.9983217716217041,0.012720371596515179,0.00014420586504427228,0.9967865347862244,0.005218952894210815
X,Robust GRAPE,1575,0.9983693957328796,0.012410877272486687,0.0001361713328964629,0.9968568682670593,0.005091190338134766
X,Robust GRAPE,1600,0.9979109764099121,0.012559689581394196,0.0001283646908255991,0.9966451525688171,0.004743725061416626
X,Robust GRAPE,1625,0.9980047345161438,0.01228270959109068,0.0001207958872157459,0.9967327117919922,0.00467991828918457
X,Robust GRAPE,1650,0.9983910918235779,0.012107173912227154,0.00011347456736183846,0.9969281554222107,0.00495070219039917
X,Robust GRAPE,1675,0.9984188079833984,0.011925444938242435,0.00010641006117821234,0.9969685673713684,0.004875004291534424
X,Robust GRAPE,1700,0.9981083273887634,0.011927680112421513,9.961137130904015e-05,0.9968382716178894,0.004582643508911133
X,Robust GRAPE,1725,0.9982000589370728,0.011675328947603703,9.308716165582323e-05,0.9969248175621033,0.004533261060714722
X,Robust GRAPE,1750,0.9984215497970581,0.0114331915974617,8.684574633656034e-05,0.9970588684082031,0.004608899354934692
X,Robust GRAPE,1775,0.9984115958213806,0.011340395547449589,8.089507909066261e-05,0.9970694780349731,0.004547417163848877
X,Robust GRAPE,1800,0.9984105229377747,0.011272604577243328,7.524274314311579e-05,0.9970819354057312,0.004509836435317993
X,Robust GRAPE,1825,0.998413622379303,0.01121712476015091,6.989594154080749e-05,0.9970950484275818,0.004483669996261597
X,Robust GRAPE,1850,0.9984244108200073,0.011159677058458328,6.486148797333406e-05,0.997109055519104,0.004461914300918579
X,Robust GRAPE,1875,0.9984332323074341,0.011106736958026886,6.0145798089983905e-05,0.9971216320991516,0.004440814256668091
X,Robust GRAPE,1900,0.9984359741210938,0.011066265404224396,5.575488132396362e-05,0.9971332550048828,0.004423469305038452
X,Robust GRAPE,1925,0.9984434843063354,0.011017114855349064,5.169433323428443e-05,0.997144877910614,0.004403501749038696
X,Robust GRAPE,1950,0.9984484910964966,0.010977644473314285,4.796932837506882e-05,0.9971548318862915,0.004387110471725464
X,Robust GRAPE,1975,0.9984521865844727,0.010936982929706573,4.458461370136463e-05,0.9971647262573242,0.0043690502643585205
X,Robust GRAPE,2000,0.9984586238861084,0.010903704911470413,4.154450251986887e-05,0.9971731305122375,0.004356712102890015
X,Robust GRAPE,2025,0.9984652996063232,0.010866458527743816,3.885286899227088e-05,0.9971815347671509,0.004341989755630493
X,Robust GRAPE,2050,0.9984686374664307,0.010835070163011551,3.6513143198219925e-05,0.9971898198127747,0.004328817129135132
X,Robust GRAPE,2075,0.9984711408615112,0.010805852711200714,3.4528306764207154e-05,0.9971973299980164,0.004316061735153198
X,Robust GRAPE,2100,0.998477578163147,0.010774041526019573,3.290088906393433e-05,0.997204601764679,0.0043039023876190186
X,Robust GRAPE,2125,0.9984806776046753,0.010748232714831829,3.163296399500936e-05,0.9972114562988281,0.00429341197013855
X,Robust GRAPE,2150,0.9984854459762573,0.010720650665462017,3.072614733607778e-05,0.9972183108329773,0.004282772541046143
X,Robust GRAPE,2175,0.9984868764877319,0.010690964758396149,3.018159468775736e-05,0.9972262382507324,0.004269212484359741
X,Robust GRAPE,2200,0.9984934329986572,0.010663778521120548,2.9999999999999997e-05,0.9972319602966309,0.004259258508682251
X,NN-seeded GRAPE,1,0.9961111545562744,0.003888856153935194,0.00019999706997625503,,
X,NN-seeded GRAPE,20,0.9951562285423279,0.004843782167881727,0.000198830392356538,,
X,NN-seeded GRAPE,40,0.9982362389564514,0.0017637718701735139,0.0001953503690480395,,
X,NN-seeded GRAPE,60,0.9987120032310486,0.001288007595576346,0.0001896456197978949,,
X,NN-seeded GRAPE,80,0.998913586139679,0.0010864246869459748,0.00018185661446561998,,
X,NN-seeded GRAPE,100,0.9990253448486328,0.0009746659779921174,0.000172175144212722,,
X,NN-seeded GRAPE,120,0.9990471601486206,0.0009528507362119853,0.00016083959896778487,,
X,NN-seeded GRAPE,140,0.9991552233695984,0.0008447875152342021,0.00014812909747525683,,
X,NN-seeded GRAPE,160,0.9991962313652039,0.0008037795196287334,0.0001343566144656199,,
X,NN-seeded GRAPE,180,0.9992271065711975,0.000772904313635081,0.00011986127417882194,,
X,NN-seeded GRAPE,200,0.9992527961730957,0.0007472147117368877,0.00010500000000000002,,
X,NN-seeded GRAPE,220,0.9992731809616089,0.0007268299232237041,9.013872582117809e-05,,
X,NN-seeded GRAPE,240,0.9992865324020386,0.0007134784827940166,7.564338553438001e-05,,
X,NN-seeded GRAPE,260,0.9992976188659668,0.0007023920188657939,6.187090252474307e-05,,
X,NN-seeded GRAPE,280,0.9993065595626831,0.0006934513221494853,4.9160401032215056e-05,,
X,NN-seeded GRAPE,300,0.9993144273757935,0.0006855835090391338,3.7824855787278006e-05,,
X,NN-seeded GRAPE,320,0.9993177652359009,0.0006822456489317119,2.8143385534380033e-05,,
X,NN-seeded GRAPE,340,0.9993202686309814,0.0006797422538511455,2.0354380202105085e-05,,
X,NN-seeded GRAPE,360,0.9993225336074829,0.0006774772773496807,1.4649630951960429e-05,,
X,NN-seeded GRAPE,380,0.9993253946304321,0.0006746162544004619,1.1169607643461929e-05,,
X,NN-seeded GRAPE,400,0.9993273019790649,0.0006727089057676494,1e-05,,
X,CRAB-SPSA,1,0.03141224384307861,0.9685877561569214,,,
X,CRAB-SPSA,25,0.017191290855407715,0.9828087091445923,,,
X,CRAB-SPSA,50,0.025813519954681396,0.9741864800453186,,,
X,CRAB-SPSA,75,0.0013229846954345703,0.9986770153045654,,,
X,CRAB-SPSA,100,0.02006089687347412,0.9799391031265259,,,
X,CRAB-SPSA,125,0.020752429962158203,0.9792475700378418,,,
X,CRAB-SPSA,150,0.01592308282852173,0.9840769171714783,,,
X,CRAB-SPSA,175,0.0017038583755493164,0.9982961416244507,,,
X,CRAB-SPSA,200,0.008786499500274658,0.9912135004997253,,,
X,CRAB-SPSA,225,0.0027598142623901367,0.9972401857376099,,,
X,CRAB-SPSA,250,0.010483145713806152,0.9895168542861938,,,
X,CRAB-SPSA,275,0.0018267631530761719,0.9981732368469238,,,
X,CRAB-SPSA,300,0.0005135536193847656,0.9994864463806152,,,
X,CRAB-SPSA,325,0.016921043395996094,0.9830789566040039,,,
X,CRAB-SPSA,350,0.01584380865097046,0.9841561913490295,,,
X,CRAB-SPSA,375,0.00718766450881958,0.9928123354911804,,,
X,CRAB-SPSA,400,0.03199326992034912,0.9680067300796509,,,
X,CRAB-SPSA,425,0.0071402788162231445,0.9928597211837769,,,
X,CRAB-SPSA,450,0.008767843246459961,0.99123215675354,,,
X,CRAB-SPSA,475,0.03209406137466431,0.9679059386253357,,,
X,CRAB-SPSA,500,0.01379406452178955,0.9862059354782104,,,
X,CRAB-SPSA,525,0.025726497173309326,0.9742735028266907,,,
X,CRAB-SPSA,550,0.004527270793914795,0.9954727292060852,,,
X,CRAB-SPSA,575,0.0115128755569458,0.9884871244430542,,,
X,CRAB-SPSA,600,0.0005438327789306641,0.9994561672210693,,,
X,CRAB-SPSA,625,0.006920933723449707,0.9930790662765503,,,
X,CRAB-SPSA,650,0.013932883739471436,0.9860671162605286,,,
X,CRAB-SPSA,675,0.017974555492401123,0.9820254445075989,,,
X,CRAB-SPSA,700,0.0030484795570373535,0.9969515204429626,,,
X,CRAB-SPSA,725,0.03120744228363037,0.9687925577163696,,,
X,CRAB-SPSA,750,0.019872426986694336,0.9801275730133057,,,
X,CRAB-SPSA,775,0.021366655826568604,0.9786333441734314,,,
X,CRAB-SPSA,800,0.0389288067817688,0.9610711932182312,,,
X,CRAB-SPSA,825,0.005320847034454346,0.9946791529655457,,,
X,CRAB-SPSA,850,0.007332205772399902,0.9926677942276001,,,
X,CRAB-SPSA,875,0.0069522857666015625,0.9930477142333984,,,
X,CRAB-SPSA,900,0.005585968494415283,0.9944140315055847,,,
X,CRAB-SPSA,925,0.011461019515991211,0.9885389804840088,,,
X,CRAB-SPSA,950,0.013385117053985596,0.9866148829460144,,,
X,CRAB-SPSA,975,0.020905792713165283,0.9790942072868347,,,
X,CRAB-SPSA,1000,0.003458261489868164,0.9965417385101318,,,
X,CRAB-SPSA,1025,0.0018059015274047852,0.9981940984725952,,,
X,CRAB-SPSA,1050,0.002664923667907715,0.9973350763320923,,,
X,CRAB-SPSA,1075,0.0016240477561950684,0.9983759522438049,,,
X,CRAB-SPSA,1100,0.00186842679977417,0.9981315732002258,,,
X,CRAB-SPSA,1125,0.0017186999320983887,0.9982813000679016,,,
X,CRAB-SPSA,1150,0.016006946563720703,0.9839930534362793,,,
X,CRAB-SPSA,1175,0.009614169597625732,0.9903858304023743,,,
X,CRAB-SPSA,1200,0.003334522247314453,0.9966654777526855,,,
X,CRAB-SPSA,1225,0.00979679822921753,0.9902032017707825,,,
X,CRAB-SPSA,1250,0.005289137363433838,0.9947108626365662,,,
X,CRAB-SPSA,1275,0.032473981380462646,0.9675260186195374,,,
X,CRAB-SPSA,1300,0.010267674922943115,0.9897323250770569,,,
X,CRAB-SPSA,1325,0.011425018310546875,0.9885749816894531,,,
X,CRAB-SPSA,1350,0.0031081438064575195,0.9968918561935425,,,
X,CRAB-SPSA,1375,0.010741829872131348,0.9892581701278687,,,
X,CRAB-SPSA,1400,0.0043160319328308105,0.9956839680671692,,,
X,CRAB-SPSA,1425,0.005868136882781982,0.994131863117218,,,
X,CRAB-SPSA,1450,0.008538782596588135,0.9914612174034119,,,
X,CRAB-SPSA,1475,0.011380434036254883,0.9886195659637451,,,
X,CRAB-SPSA,1500,0.01966679096221924,0.9803332090377808,,,
Y,GRAPE,1,0.002210076665505767,0.9977902173995972,0.0007999995311938873,,
Y,GRAPE,25,0.9026052951812744,0.09739500284194946,0.0007997070337714746,,
Y,GRAPE,50,0.9576300382614136,0.042370256036520004,0.0007988285868185884,,
Y,GRAPE,75,0.9783351421356201,0.02166515216231346,0.0007973660136428716,,
Y,GRAPE,100,0.969357967376709,0.030642326921224594,0.000795321569426152,,
Y,GRAPE,125,0.9817221164703369,0.018278177827596664,0.0007926984065532274,,
Y,GRAPE,150,0.9867298603057861,0.013270433060824871,0.000789500569751117,,
Y,GRAPE,175,0.9893369078636169,0.01066338550299406,0.0007857329898523859,,
Y,GRAPE,200,0.9904184937477112,0.009581799618899822,0.0007814014761921583,,
Y,GRAPE,225,0.9872046113014221,0.012795682065188885,0.0007765127076505443,,
Y,GRAPE,250,0.9919887781143188,0.008011515252292156,0.0007710742223542895,,
Y,GRAPE,275,0.9917775988578796,0.008222694508731365,0.0007650944060535315,,
Y,GRAPE,300,0.9934009909629822,0.006599302403628826,0.0007585824791915802,,
Y,GRAPE,325,0.9940173029899597,0.005982990376651287,0.0007515484826876632,,
Y,GRAPE,350,0.996402382850647,0.0035979105159640312,0.0007440032624545552,,
Y,GRAPE,375,0.9863544702529907,0.013645823113620281,0.0007359584526749675,,
Y,GRAPE,400,0.9917693734169006,0.008230919949710369,0.0007274264578624801,,
Y,GRAPE,425,0.9963721632957458,0.003628130303695798,0.000718420433734683,,
Y,GRAPE,450,0.9912425875663757,0.008757705800235271,0.0007089542669280117,,
Y,GRAPE,475,0.9964307546615601,0.003569538937881589,0.0006990425535855607,,
Y,GRAPE,500,0.9925112724304199,0.007489021401852369,0.000688700576850888,,
Y,GRAPE,525,0.995005190372467,0.00499510345980525,0.000677944283302518,,
Y,GRAPE,550,0.9946485757827759,0.005351718049496412,0.00066679025836547,,
Y,GRAPE,575,0.9956547617912292,0.004345532041043043,0.000655255700737737,,
Y,GRAPE,600,0.9955092072486877,0.004491086583584547,0.00064335839587114,,
Y,GRAPE,625,0.9964920282363892,0.0035082658287137747,0.0006311166885474491,,
Y,GRAPE,650,0.9957755208015442,0.004224773030728102,0.0006185494545920606,,
Y,GRAPE,675,0.9965123534202576,0.0034879406448453665,0.0006056760717688429,,
Y,GRAPE,700,0.9969337582588196,0.0030665358062833548,0.0005925163899010278,,
Y,GRAPE,725,0.997430682182312,0.0025696121156215668,0.0005790907002642228,,
Y,GRAPE,750,0.9969534277915955,0.0030468665063381195,0.0005654197042987343,,
Y,GRAPE,775,0.9975066184997559,0.002493675798177719,0.0005515244816894474,,
Y,GRAPE,800,0.9976429343223572,0.0023573599755764008,0.0005374264578624799,,
Y,GRAPE,825,0.9979571104049683,0.0020431841257959604,0.0005231473709487284,,
Y,GRAPE,850,0.9977118968963623,0.0022883976344019175,0.0005087092382652451,,
Y,GRAPE,875,0.9986572265625,0.0013430679682642221,0.0004941343223661304,,
Y,GRAPE,900,0.9950860738754272,0.00491422088816762,0.00047944509671528975,,
Y,GRAPE,925,0.9959299564361572,0.004070338327437639,0.00046466421103398016,,
Y,GRAPE,950,0.9970166087150574,0.002983685815706849,0.0004498144563765829,,
Y,GRAPE,975,0.997061014175415,0.0029392805881798267,0.00043491872998844796,,
Y,GRAPE,1000,0.9976702332496643,0.002330061513930559,0.00042000000000000175,,
Y,GRAPE,1025,0.9976156949996948,0.0023845997639000416,0.00040508127001155555,,
Y,GRAPE,1050,0.998202919960022,0.0017973748035728931,0.0003901855436234205,,
Y,GRAPE,1075,0.9978513121604919,0.0021489826031029224,0.00037533578896602334,,
Y,GRAPE,1100,0.9983203411102295,0.0016799536533653736,0.00036055490328471386,,
Y,GRAPE,1125,0.9983363151550293,0.001663979608565569,0.0003458656776338729,,
Y,Robust GRAPE,1,0.002027263166382909,3.4900662899017334,0.0005999997094176884,0.004521854221820831,0.9977432489395142
Y,Robust GRAPE,25,0.7877538800239563,0.8481418490409851,0.0005998184053122424,0.7649117112159729,0.2672047019004822
Y,Robust GRAPE,50,0.9389538168907166,0.2924317419528961,0.0005992738526639225,0.9186326861381531,0.1000119149684906
Y,Robust GRAPE,75,0.9612732529640198,0.22968456149101257,0.0005983670360049908,0.9451361894607544,0.09072905778884888
Y,Robust GRAPE,100,0.9696143269538879,0.1793709695339203,0.0005970991109360656,0.9532255530357361,0.06814029812812805
Y,Robust GRAPE,125,0.9741204977035522,0.14151962101459503,0.000595471693235793,0.9624924063682556,0.052088022232055664
Y,Robust GRAPE,150,0.9753480553627014,0.12168717384338379,0.0005934868568017803,0.9692638516426086,0.04419910907745361
Y,Robust GRAPE,175,0.9781572222709656,0.10044290870428085,0.0005911471310077294,0.9734477996826172,0.03469836711883545
Y,Robust GRAPE,200,0.9823247194290161,0.08048862218856812,0.0005884554974801316,0.9772574305534363,0.02671360969543457
Y,Robust GRAPE,225,0.984237790107727,0.07264509052038193,0.0005854153862986362,0.9796274304389954,0.024339944124221802
Y,Robust GRAPE,250,0.9843361973762512,0.07401809841394424,0.000582030671624932,0.9791130423545837,0.024977922439575195
Y,Robust GRAPE,275,0.9872073531150818,0.062356136739254,0.0005783056667657171,0.9824247360229492,0.021325230598449707
Y,Robust GRAPE,300,0.9895350933074951,0.05665558949112892,0.000574245118676038,0.9844993948936462,0.020459741353988647
Y,Robust GRAPE,325,0.991162121295929,0.04979065805673599,0.0005698542019100181,0.9860838055610657,0.01802411675453186
Y,Robust GRAPE,350,0.9899289608001709,0.05347954481840134,0.0005651385120266685,0.9848629832267761,0.018847405910491943
Y,Robust GRAPE,375,0.9918927550315857,0.04588036611676216,0.0005601040584591952,0.9871065020561218,0.016586214303970337
Y,Robust GRAPE,400,0.9921061992645264,0.04347895458340645,0.0005547572568568876,0.9877627491950989,0.01556500792503357
Y,Robust GRAPE,425,0.9915773272514343,0.04558349773287773,0.0005491049209093409,0.987148106098175,0.016205638647079468
Y,Robust GRAPE,450,0.9882769584655762,0.05676892772316933,0.0005431542536634437,0.9842524528503418,0.019531935453414917
Y,Robust GRAPE,475,0.9919286966323853,0.042595576494932175,0.0005369128383441814,0.9878838658332825,0.014938503503799438
Y,Robust GRAPE,500,0.9945298433303833,0.03514069691300392,0.0005303886286909646,0.9901477694511414,0.013211965560913086
Y,Robust GRAPE,525,0.990656852722168,0.049701955169439316,0.0005235899388217924,0.9866814017295837,0.01802647113800049
Y,Robust GRAPE,550,0.9919918775558472,0.044149670749902725,0.0005165254326381668,0.9875631332397461,0.01580280065536499
Y,Robust GRAPE,575,0.9920920729637146,0.04321680963039398,0.0005092041127842604,0.9878889918327332,0.015465021133422852
Y,Robust GRAPE,600,0.9952182769775391,0.03266475722193718,0.0005016353091744084,0.9908515810966492,0.012489467859268188
Y,Robust GRAPE,625,0.9914942383766174,0.04542653635144234,0.0004938286671035459,0.9872018694877625,0.016081541776657104
Y,Robust GRAPE,650,0.9920349717140198,0.041503649204969406,0.00048579413495573756,0.9884805679321289,0.014679163694381714
Y,Robust GRAPE,675,0.9939075708389282,0.03858845308423042,0.0004775419515264692,0.9891589283943176,0.014436393976211548
Y,Robust GRAPE,700,0.995576024055481,0.029629815369844437,0.0004690826329748505,0.9916346669197083,0.011226743459701538
Y,Robust GRAPE,725,0.9895554780960083,0.05144430324435234,0.0004604269594223624,0.9854676127433777,0.017644673585891724
Y,Robust GRAPE,750,0.9900892972946167,0.046370647847652435,0.000451585961215223,0.987147331237793,0.01573789119720459
Y,Robust GRAPE,775,0.9951105713844299,0.030228285118937492,0.00044257090486788037,0.991624653339386,0.011308759450912476
Y,Robust GRAPE,800,0.9963549375534058,0.029297588393092155,0.0004333932787055453,0.9918360114097595,0.01165875792503357
Y,Robust GRAPE,825,0.9967044591903687,0.02769024297595024,0.0004240647782240588,0.9922792315483093,0.011115700006484985
Y,Robust GRAPE,850,0.9947642683982849,0.030646832659840584,0.00041459729118575135,0.991432785987854,0.011228978633880615
Y,Robust GRAPE,875,0.9959349036216736,0.026916678994894028,0.00040500288247029097,0.9925617575645447,0.010275304317474365
Y,Robust GRAPE,900,0.9966903924942017,0.02755650132894516,0.000395293778699817,0.9923095703125,0.011037379503250122
Y,Robust GRAPE,925,0.9970098733901978,0.026080047711730003,0.0003854823526579618,0.9927271008491516,0.010544389486312866
Y,Robust GRAPE,950,0.9960232973098755,0.026255624368786812,0.00037558110752260914,0.9927555322647095,0.010022670030593872
Y,Robust GRAPE,975,0.9965046048164368,0.024799885228276253,0.0003656026609324877,0.9931480288505554,0.009634733200073242
Y,Robust GRAPE,1000,0.9970455765724182,0.025465955957770348,0.0003555597289078979,0.9928919672966003,0.010268747806549072
Y,Robust GRAPE,1025,0.997273862361908,0.02432779222726822,0.0003454651096460691,0.9932193160057068,0.009880363941192627
Y,Robust GRAPE,1050,0.9967606067657471,0.02367919497191906,0.0003353316672117932,0.993457019329071,0.009264260530471802
Y,Robust GRAPE,1075,0.9970346093177795,0.02273753471672535,0.00032517231514412183,0.9937089085578918,0.008987069129943848
Y,Robust GRAPE,1100,0.9974286556243896,0.02325325459241867,0.00031500000000001264,0.993513286113739,0.00946316123008728
Y,Robust GRAPE,1125,0.9975817799568176,0.022505026310682297,0.00030482768485590346,0.9937359094619751,0.00921487808227539
Y,Robust GRAPE,1150,0.997357189655304,0.021294381469488144,0.00029466833278823197,0.9940946698188782,0.0084972083568573
Y,Robust GRAPE,1175,0.9971088767051697,0.021814271807670593,0.00028453489035395595,0.9939443469047546,0.008578091859817505
Y,Robust GRAPE,1200,0.9953495860099792,0.02824559062719345,0.00027444027109212697,0.992168128490448,0.010508626699447632
Y,Robust GRAPE,1225,0.9972056746482849,0.022457847371697426,0.0002643973390675363,0.9936376810073853,0.00886717438697815
Y,Robust GRAPE,1250,0.9969041347503662,0.023298874497413635,0.00025441889247741393,0.9935224652290344,0.009150058031082153
Y,Robust GRAPE,1275,0.9973685145378113,0.021814310923218727,0.00024451764734206047,0.9939233660697937,0.00873720645904541
Y,Robust GRAPE,1300,0.997604489326477,0.0202928576618433,0.0002347062213002039,0.9943516850471497,0.008165746927261353
Y,Robust GRAPE,1325,0.9978504776954651,0.01939990557730198,0.00022499711752972876,0.994598388671875,0.007898926734924316
Y,Robust GRAPE,1350,0.9977253675460815,0.020202700048685074,0.00021540270881426725,0.9943695068359375,0.00819811224937439
Y,Robust GRAPE,1375,0.9978272914886475,0.019678696990013123,0.00020593522177595922,0.9945194125175476,0.0080166757106781
Y,Robust GRAPE,1400,0.997684895992279,0.01951463893055916,0.0001966067212944717,0.9945575594902039,0.007837772369384766
Y,Robust GRAPE,1425,0.9978577494621277,0.01894010603427887,0.00018742909513213565,0.9947132468223572,0.007673770189285278
Y,Robust GRAPE,1450,0.9979789853096008,0.018915871158242226,0.00017841403878479206,0.9947256445884705,0.0077467262744903564
Y,Robust GRAPE,1475,0.9980306625366211,0.01841980591416359,0.0001695730405776513,0.9948660135269165,0.007544070482254028
Y,Robust GRAPE,1500,0.9979844689369202,0.01827113889157772,0.0001609173670251618,0.9948917627334595,0.007431358098983765
Y,Robust GRAPE,1525,0.9981171488761902,0.0177779458463192,0.00015245804847354195,0.9950292706489563,0.007282644510269165
Y,Robust GRAPE,1550,0.9980491399765015,0.01796036958694458,0.00014420586504427228,0.9949849247932434,0.007329344749450684
Y,Robust GRAPE,1575,0.9981154799461365,0.0175881776958704,0.0001361713328964629,0.9950828552246094,0.007190793752670288
Y,Robust GRAPE,1600,0.9982252717018127,0.01707589253783226,0.0001283646908255991,0.9952210783958435,0.007014542818069458
Y,Robust GRAPE,1625,0.9982671141624451,0.01685710996389389,0.0001207958872157459,0.9952824711799622,0.006937563419342041
Y,Robust GRAPE,1650,0.9982580542564392,0.016757700592279434,0.00011347456736183846,0.9953056573867798,0.006880640983581543
Y,Robust GRAPE,1675,0.9982945919036865,0.01643817313015461,0.00010641006117821234,0.9953905344009399,0.006748616695404053
Y,Robust GRAPE,1700,0.9984048008918762,0.016017882153391838,9.961137130904015e-05,0.9955088496208191,0.00662076473236084
Y,Robust GRAPE,1725,0.9984308481216431,0.015824677422642708,9.308716165582323e-05,0.9955610632896423,0.006544142961502075
Y,Robust GRAPE,1750,0.9984427690505981,0.01567036285996437,8.684574633656034e-05,0.9956009984016418,0.00647580623626709
Y,Robust GRAPE,1775,0.9984534978866577,0.015533395111560822,8.089507909066261e-05,0.9956367611885071,0.006415516138076782
Y,Robust GRAPE,1800,0.998464822769165,0.015400268137454987,7.524274314311579e-05,0.9956728219985962,0.006358295679092407
Y,Robust GRAPE,1825,0.998476505279541,0.01527596265077591,6.989594154080749e-05,0.9957049489021301,0.006304651498794556
Y,Robust GRAPE,1850,0.9984883069992065,0.015160570852458477,6.486148797333406e-05,0.9957354664802551,0.006255984306335449
Y,Robust GRAPE,1875,0.998496949672699,0.015053648501634598,6.0145798089983905e-05,0.9957637786865234,0.006209284067153931
Y,Robust GRAPE,1900,0.9985052943229675,0.0149537343531847,5.575488132396362e-05,0.995790421962738,0.0061660706996917725
Y,Robust GRAPE,1925,0.9985130429267883,0.014860216528177261,5.169433323428443e-05,0.9958149790763855,0.006125211715698242
Y,Robust GRAPE,1950,0.9985221028327942,0.014770923182368279,4.796932837506882e-05,0.9958378076553345,0.006087005138397217
Y,Robust GRAPE,1975,0.9985275864601135,0.014690367504954338,4.458461370136463e-05,0.9958600401878357,0.0060517191886901855
Y,Robust GRAPE,2000,0.9985347390174866,0.01461346261203289,4.154450251986887e-05,0.9958797693252563,0.0060183703899383545
Y,Robust GRAPE,2025,0.9985396265983582,0.014544086530804634,3.885286899227088e-05,0.9958991408348083,0.00598829984664917
Y,Robust GRAPE,2050,0.9985457062721252,0.014474423602223396,3.6513143198219925e-05,0.9959165453910828,0.005957573652267456
Y,Robust GRAPE,2075,0.9985540509223938,0.014409663155674934,3.4528306764207154e-05,0.9959341287612915,0.005931586027145386
Y,Robust GRAPE,2100,0.9985552430152893,0.014353303238749504,3.290088906393433e-05,0.9959497451782227,0.005905270576477051
Y,Robust GRAPE,2125,0.9985637068748474,0.014293985441327095,3.163296399500936e-05,0.9959648251533508,0.005881369113922119
Y,Robust GRAPE,2150,0.9985681176185608,0.014235015027225018,3.072614733607778e-05,0.995980441570282,0.005855470895767212
Y,Robust GRAPE,2175,0.9985756278038025,0.014175919815897942,3.018159468775736e-05,0.995995819568634,0.005831301212310791
Y,Robust GRAPE,2200,0.9985806941986084,0.01411775778979063,2.9999999999999997e-05,0.9960107207298279,0.005805850028991699
Y,NN-seeded GRAPE,1,0.9739065170288086,0.0260934978723526,0.00019999706997625503,,
Y,NN-seeded GRAPE,20,0.9913249611854553,0.008675053715705872,0.000198830392356538,,
Y,NN-seeded GRAPE,40,0.9942290782928467,0.005770936608314514,0.0001953503690480395,,
Y,NN-seeded GRAPE,60,0.9958241581916809,0.004175856709480286,0.0001896456197978949,,
Y,NN-seeded GRAPE,80,0.9967377781867981,0.003262236947193742,0.00018185661446561998,,
Y,NN-seeded GRAPE,100,0.9973052740097046,0.0026947411242872477,0.000172175144212722,,
Y,NN-seeded GRAPE,120,0.9976460337638855,0.0023539813701063395,0.00016083959896778487,,
Y,NN-seeded GRAPE,140,0.9978991150856018,0.002100900048390031,0.00014812909747525683,,
Y,NN-seeded GRAPE,160,0.9980878233909607,0.0019121917430311441,0.0001343566144656199,,
Y,NN-seeded GRAPE,180,0.9982307553291321,0.0017692598048597574,0.00011986127417882194,,
Y,NN-seeded GRAPE,200,0.998343825340271,0.0016561897937208414,0.00010500000000000002,,
Y,NN-seeded GRAPE,220,0.9984321594238281,0.0015678558265790343,9.013872582117809e-05,,
Y,NN-seeded GRAPE,240,0.9985055327415466,0.0014944825088605285,7.564338553438001e-05,,
Y,NN-seeded GRAPE,260,0.9985598921775818,0.0014401230728253722,6.187090252474307e-05,,
Y,NN-seeded GRAPE,280,0.9986038208007812,0.0013961944496259093,4.9160401032215056e-05,,
Y,NN-seeded GRAPE,300,0.9986374378204346,0.001362577429972589,3.7824855787278006e-05,,
Y,NN-seeded GRAPE,320,0.9986617565155029,0.0013382587349042296,2.8143385534380033e-05,,
Y,NN-seeded GRAPE,340,0.9986804127693176,0.0013196024810895324,2.0354380202105085e-05,,
Y,NN-seeded GRAPE,360,0.998691737651825,0.0013082775985822082,1.4649630951960429e-05,,
Y,NN-seeded GRAPE,380,0.9987024664878845,0.0012975487625226378,1.1169607643461929e-05,,
Y,NN-seeded GRAPE,400,0.9987093806266785,0.0012906346237286925,1e-05,,
Y,CRAB-SPSA,1,0.003457188606262207,0.9965428113937378,,,
Y,CRAB-SPSA,25,0.008231759071350098,0.9917682409286499,,,
Y,CRAB-SPSA,50,0.03611481189727783,0.9638851881027222,,,
Y,CRAB-SPSA,75,0.09225165843963623,0.9077483415603638,,,
Y,CRAB-SPSA,100,0.0019460320472717285,0.9980539679527283,,,
Y,CRAB-SPSA,125,0.0026844143867492676,0.9973155856132507,,,
Y,CRAB-SPSA,150,0.001056075096130371,0.9989439249038696,,,
Y,CRAB-SPSA,175,0.0727003812789917,0.9272996187210083,,,
Y,CRAB-SPSA,200,0.01813483238220215,0.9818651676177979,,,
Y,CRAB-SPSA,225,0.004583001136779785,0.9954169988632202,,,
Y,CRAB-SPSA,250,0.0047737956047058105,0.9952262043952942,,,
Y,CRAB-SPSA,275,0.004767417907714844,0.9952325820922852,,,
Y,CRAB-SPSA,300,0.018805265426635742,0.9811947345733643,,,
Y,CRAB-SPSA,325,0.07621711492538452,0.9237828850746155,,,
Y,CRAB-SPSA,350,0.0237959623336792,0.9762040376663208,,,
Y,CRAB-SPSA,375,0.019745588302612305,0.9802544116973877,,,
Y,CRAB-SPSA,400,0.01163792610168457,0.9883620738983154,,,
Y,CRAB-SPSA,425,0.0017371177673339844,0.998262882232666,,,
Y,CRAB-SPSA,450,0.0068888068199157715,0.9931111931800842,,,
Y,CRAB-SPSA,475,0.0037046074867248535,0.9962953925132751,,,
Y,CRAB-SPSA,500,0.004870474338531494,0.9951295256614685,,,
Y,CRAB-SPSA,525,0.028350889682769775,0.9716491103172302,,,
Y,CRAB-SPSA,550,0.009029567241668701,0.9909704327583313,,,
Y,CRAB-SPSA,575,0.009123682975769043,0.990876317024231,,,
Y,CRAB-SPSA,600,0.04254436492919922,0.9574556350708008,,,
Y,CRAB-SPSA,625,0.04207444190979004,0.95792555809021,,,
Y,CRAB-SPSA,650,0.00913536548614502,0.990864634513855,,,
Y,CRAB-SPSA,675,0.0043836236000061035,0.9956163763999939,,,
Y,CRAB-SPSA,700,0.003981471061706543,0.9960185289382935,,,
Y,CRAB-SPSA,725,0.00047707557678222656,0.9995229244232178,,,
Y,CRAB-SPSA,750,0.01767784357070923,0.9823221564292908,,,
Y,CRAB-SPSA,775,0.030549287796020508,0.9694507122039795,,,
Y,CRAB-SPSA,800,0.021312296390533447,0.9786877036094666,,,
Y,CRAB-SPSA,825,0.00044792890548706055,0.9995520710945129,,,
Y,CRAB-SPSA,850,0.003667473793029785,0.9963325262069702,,,
Y,CRAB-SPSA,875,0.009622514247894287,0.9903774857521057,,,
Y,CRAB-SPSA,900,0.01613152027130127,0.9838684797286987,,,
Y,CRAB-SPSA,925,0.003399670124053955,0.996600329875946,,,
Y,CRAB-SPSA,950,0.010563552379608154,0.9894364476203918,,,
Y,CRAB-SPSA,975,0.01656895875930786,0.9834310412406921,,,
Y,CRAB-SPSA,1000,0.012539029121398926,0.9874609708786011,,,
Y,CRAB-SPSA,1025,0.015425562858581543,0.9845744371414185,,,
Y,CRAB-SPSA,1050,0.03248906135559082,0.9675109386444092,,,
Y,CRAB-SPSA,1075,0.04122084379196167,0.9587791562080383,,,
Y,CRAB-SPSA,1100,0.029047667980194092,0.9709523320198059,,,
Y,CRAB-SPSA,1125,0.03453618288040161,0.9654638171195984,,,
Y,CRAB-SPSA,1150,0.006335139274597168,0.9936648607254028,,,
Y,CRAB-SPSA,1175,0.0003084540367126465,0.9996915459632874,,,
Y,CRAB-SPSA,1200,0.010242104530334473,0.9897578954696655,,,
Y,CRAB-SPSA,1225,0.023618102073669434,0.9763818979263306,,,
Y,CRAB-SPSA,1250,0.022291123867034912,0.9777088761329651,,,
Y,CRAB-SPSA,1275,0.01733464002609253,0.9826653599739075,,,
Y,CRAB-SPSA,1300,0.016690850257873535,0.9833091497421265,,,
Y,CRAB-SPSA,1325,0.0094679594039917,0.9905320405960083,,,
Y,CRAB-SPSA,1350,0.0033222436904907227,0.9966777563095093,,,
Y,CRAB-SPSA,1375,0.007783174514770508,0.9922168254852295,,,
Y,CRAB-SPSA,1400,0.018696248531341553,0.9813037514686584,,,
Y,CRAB-SPSA,1425,0.017323195934295654,0.9826768040657043,,,
Y,CRAB-SPSA,1450,0.0001933574676513672,0.9998066425323486,,,
Y,CRAB-SPSA,1475,0.00327146053314209,0.9967285394668579,,,
Y,CRAB-SPSA,1500,0.003358006477355957,0.996641993522644,,,
Z,GRAPE,1,0.026113687083125114,0.9738863706588745,0.0007999995311938873,,
Z,GRAPE,25,0.942276120185852,0.057723965495824814,0.0007997070337714746,,
Z,GRAPE,50,0.9744662046432495,0.025533881038427353,0.0007988285868185884,,
Z,GRAPE,75,0.9818500280380249,0.018150057643651962,0.0007973660136428716,,
Z,GRAPE,100,0.9833058714866638,0.016694214195013046,0.000795321569426152,,
Z,GRAPE,125,0.982170045375824,0.01783004030585289,0.0007926984065532274,,
Z,GRAPE,150,0.9842020869255066,0.015797998756170273,0.000789500569751117,,
Z,GRAPE,175,0.9887079000473022,0.011292185634374619,0.0007857329898523859,,
Z,GRAPE,200,0.9889439344406128,0.011056151241064072,0.0007814014761921583,,
Z,GRAPE,225,0.9909617900848389,0.009038295596837997,0.0007765127076505443,,
Z,GRAPE,250,0.9897640943527222,0.010235991328954697,0.0007710742223542895,,
Z,GRAPE,275,0.9916566014289856,0.008343484252691269,0.0007650944060535315,,
Z,GRAPE,300,0.9917312860488892,0.008268799632787704,0.0007585824791915802,,
Z,GRAPE,325,0.9929949641227722,0.007005121558904648,0.0007515484826876632,,
Z,GRAPE,350,0.9921042323112488,0.007895853370428085,0.0007440032624545552,,
Z,GRAPE,375,0.9934285879135132,0.006571497768163681,0.0007359584526749675,,
Z,GRAPE,400,0.9916974306106567,0.008302655071020126,0.0007274264578624801,,
Z,GRAPE,425,0.9911301732063293,0.008869912475347519,0.000718420433734683,,
Z,GRAPE,450,0.982305109500885,0.017694976180791855,0.0007089542669280117,,
Z,GRAPE,475,0.9962812662124634,0.003718819236382842,0.0006990425535855607,,
Z,GRAPE,500,0.990634560585022,0.009365525096654892,0.000688700576850888,,
Z,GRAPE,525,0.9881256222724915,0.01187446340918541,0.000677944283302518,,
Z,GRAPE,550,0.9907331466674805,0.009266939014196396,0.00066679025836547,,
Z,GRAPE,575,0.9932320713996887,0.006768013816326857,0.000655255700737737,,
Z,GRAPE,600,0.9932315945625305,0.00676849065348506,0.00064335839587114,,
Z,GRAPE,625,0.9944941401481628,0.0055059450678527355,0.0006311166885474491,,
Z,GRAPE,650,0.9940080046653748,0.0059920805506408215,0.0006185494545920606,,
Z,GRAPE,675,0.9952822923660278,0.004717792849987745,0.0006056760717688429,,
Z,GRAPE,700,0.9946231842041016,0.005376901011914015,0.0005925163899010278,,
Z,GRAPE,725,0.9954313039779663,0.004568781238049269,0.0005790907002642228,,
Z,GRAPE,750,0.9961156249046326,0.0038844605442136526,0.0005654197042987343,,
Z,GRAPE,775,0.9969343543052673,0.003065731143578887,0.0005515244816894474,,
Z,GRAPE,800,0.9953355193138123,0.0046645659022033215,0.0005374264578624799,,
Z,GRAPE,825,0.996026873588562,0.003973211627453566,0.0005231473709487284,,
Z,GRAPE,850,0.9973312616348267,0.002668823814019561,0.0005087092382652451,,
Z,GRAPE,875,0.9977244138717651,0.0022756715770810843,0.0004941343223661304,,
Z,GRAPE,900,0.9966812133789062,0.003318872069939971,0.00047944509671528975,,
Z,GRAPE,925,0.9973962306976318,0.002603854751214385,0.00046466421103398016,,
Z,GRAPE,950,0.9974925518035889,0.0025075336452573538,0.0004498144563765829,,
Z,GRAPE,975,0.997973620891571,0.002026464557275176,0.00043491872998844796,,
Z,GRAPE,1000,0.9975030422210693,0.002497043227776885,0.00042000000000000175,,
Z,GRAPE,1025,0.9979373216629028,0.002062763785943389,0.00040508127001155555,,
Z,GRAPE,1050,0.9981326460838318,0.0018674393650144339,0.0003901855436234205,,
Z,GRAPE,1075,0.9983815550804138,0.0016185303684324026,0.00037533578896602334,,
Z,GRAPE,1100,0.9982810020446777,0.0017190834041684866,0.00036055490328471386,,
Z,GRAPE,1125,0.9993768930435181,0.0006231923471204937,0.0003458656776338729,,
Z,GRAPE,1150,0.9993935823440552,0.0006065031047910452,0.0003312907617347575,,
Z,GRAPE,1175,0.9994314312934875,0.0005686541553586721,0.00031685262905127316,,
Z,GRAPE,1200,0.9994527697563171,0.0005473156925290823,0.0003025735421375214,,
Z,GRAPE,1225,0.9994723200798035,0.0005277653690427542,0.00028847551831055404,,
Z,GRAPE,1250,0.9994913935661316,0.0005086918827146292,0.00027458029570126747,,
Z,Robust GRAPE,1,0.01724238693714142,3.441633701324463,0.0005999997094176884,0.017184892669320107,0.9840407371520996
Z,Robust GRAPE,25,0.8487200736999512,0.6122449040412903,0.0005998184053122424,0.8266226053237915,0.1917250156402588
Z,Robust GRAPE,50,0.9558814167976379,0.2393336296081543,0.0005992738526639225,0.9340807795524597,0.08619719743728638
Z,Robust GRAPE,75,0.9741592407226562,0.16935287415981293,0.0005983670360049908,0.9568314552307129,0.06689566373825073
Z,Robust GRAPE,100,0.9809286594390869,0.13709667325019836,0.0005970991109360656,0.9651331305503845,0.05543890595436096
Z,Robust GRAPE,125,0.9860168695449829,0.10958223044872284,0.000595471693235793,0.9731213450431824,0.04581359028816223
Z,Robust GRAPE,150,0.989203929901123,0.08547097444534302,0.0005934868568017803,0.9793405532836914,0.0360102653503418
Z,Robust GRAPE,175,0.9880626797676086,0.0783548355102539,0.0005911471310077294,0.9797325134277344,0.030766665935516357
Z,Robust GRAPE,200,0.9907079935073853,0.0687728077173233,0.0005884554974801316,0.9825323224067688,0.028008729219436646
Z,Robust GRAPE,225,0.9922311305999756,0.060284215956926346,0.0005854153862986362,0.9849778413772583,0.024995386600494385
Z,Robust GRAPE,250,0.9878142476081848,0.06424307078123093,0.000582030671624932,0.9820649027824402,0.022748053073883057
Z,Robust GRAPE,275,0.9940210580825806,0.040878258645534515,0.0005783056667657171,0.988730251789093,0.015752941370010376
Z,Robust GRAPE,300,0.9931826591491699,0.045107826590538025,0.000574245118676038,0.9880356788635254,0.017550736665725708
Z,Robust GRAPE,325,0.9886779189109802,0.057959992438554764,0.0005698542019100181,0.9842204451560974,0.020572185516357422
Z,Robust GRAPE,350,0.9930433034896851,0.043946750462055206,0.0005651385120266685,0.9888638854026794,0.017235875129699707
Z,Robust GRAPE,375,0.9950094819068909,0.03451130911707878,0.0005601040584591952,0.990497887134552,0.013345718383789062
Z,Robust GRAPE,400,0.9934021830558777,0.04040379449725151,0.0005547572568568876,0.9894835352897644,0.015526294708251953
Z,Robust GRAPE,425,0.9927260279655457,0.04115944355726242,0.0005491049209093409,0.989308774471283,0.015462785959243774
Z,Robust GRAPE,450,0.9928393363952637,0.03994631767272949,0.0005431542536634437,0.9891395568847656,0.014616727828979492
Z,Robust GRAPE,475,0.9939578771591187,0.03490623086690903,0.0005369128383441814,0.9908828139305115,0.013164520263671875
Z,Robust GRAPE,500,0.9935863614082336,0.035370346158742905,0.0005303886286909646,0.9902936816215515,0.012833505868911743
Z,Robust GRAPE,525,0.992277204990387,0.041226595640182495,0.0005235899388217924,0.988506019115448,0.014673173427581787
Z,Robust GRAPE,550,0.994757890701294,0.0327962227165699,0.0005165254326381668,0.991032600402832,0.012391090393066406
Z,Robust GRAPE,575,0.9941698908805847,0.0293210931122303,0.0005092041127842604,0.9917837381362915,0.010183095932006836
Z,Robust GRAPE,600,0.9955397844314575,0.02889099344611168,0.0005016353091744084,0.9922723174095154,0.011135309934616089
Z,Robust GRAPE,625,0.9943745732307434,0.031677812337875366,0.0004938286671035459,0.9914539456367493,0.011670827865600586
Z,Robust GRAPE,650,0.9954240322113037,0.02778019569814205,0.00048579413495573756,0.9924638867378235,0.010445326566696167
Z,Robust GRAPE,675,0.99567049741745,0.02542337216436863,0.0004775419515264692,0.9932802319526672,0.009582698345184326
Z,Robust GRAPE,700,0.9952993988990784,0.02770867571234703,0.0004690826329748505,0.9928154349327087,0.010548919439315796
Z,Robust GRAPE,725,0.9964902400970459,0.02271946892142296,0.0004604269594223624,0.9937340021133423,0.008629053831100464
Z,Robust GRAPE,750,0.9950705766677856,0.027378510683774948,0.000451585961215223,0.9924784898757935,0.009951651096343994
Z,Robust GRAPE,775,0.9951174259185791,0.024388562887907028,0.00044257090486788037,0.9933764338493347,0.008588254451751709
Z,Robust GRAPE,800,0.9953926205635071,0.0242091566324234,0.0004333932787055453,0.9934355020523071,0.008691459894180298
Z,Robust GRAPE,825,0.9952444434165955,0.026264887303113937,0.0004240647782240588,0.9929751753807068,0.009656250476837158
Z,Robust GRAPE,850,0.9960173964500427,0.021505441516637802,0.00041459729118575135,0.9940704703330994,0.007728785276412964
Z,Robust GRAPE,875,0.9950674772262573,0.024028921499848366,0.00040500288247029097,0.9933233261108398,0.008279740810394287
Z,Robust GRAPE,900,0.9976215362548828,0.0171011071652174,0.000395293778699817,0.9953479170799255,0.006713598966598511
Z,Robust GRAPE,925,0.9973505139350891,0.017313821241259575,0.0003854823526579618,0.9952799081802368,0.006629467010498047
Z,Robust GRAPE,950,0.9970305562019348,0.018288802355527878,0.00037558110752260914,0.9949256777763367,0.006829947233200073
Z,Robust GRAPE,975,0.9969240427017212,0.019752947613596916,0.0003656026609324877,0.9945707321166992,0.007498413324356079
Z,Robust GRAPE,1000,0.9960285425186157,0.02092779241502285,0.0003555597289078979,0.9942079782485962,0.007442742586135864
Z,Robust GRAPE,1025,0.9979940056800842,0.016214197501540184,0.0003454651096460691,0.9956207275390625,0.006552547216415405
Z,Robust GRAPE,1050,0.9965484142303467,0.019808776676654816,0.0003353316672117932,0.9946550726890564,0.007341444492340088
Z,Robust GRAPE,1075,0.9971334338188171,0.017553923651576042,0.00032517231514412183,0.9952635169029236,0.006633847951889038
Z,Robust GRAPE,1100,0.9975512623786926,0.017734406515955925,0.00031500000000001264,0.9952296614646912,0.007010132074356079
Z,Robust GRAPE,1125,0.9978706240653992,0.01642310805618763,0.00030482768485590346,0.9955747723579407,0.006578922271728516
Z,Robust GRAPE,1150,0.9972750544548035,0.016937918961048126,0.00029466833278823197,0.9954498410224915,0.006441831588745117
Z,Robust GRAPE,1175,0.9975505471229553,0.01593298837542534,0.00028453489035395595,0.9957218170166016,0.006136864423751831
Z,Robust GRAPE,1200,0.9980596303939819,0.015697916969656944,0.00027444027109212697,0.9957731366157532,0.00635373592376709
Z,Robust GRAPE,1225,0.9982371926307678,0.01482867170125246,0.0002643973390675363,0.995999813079834,0.006043732166290283
Z,Robust GRAPE,1250,0.9976533055305481,0.015293155796825886,0.00025441889247741393,0.9959047436714172,0.005900770425796509
Z,Robust GRAPE,1275,0.9979149103164673,0.014438639394938946,0.00024451764734206047,0.996129035949707,0.005655020475387573
Z,Robust GRAPE,1300,0.998346745967865,0.014388520270586014,0.0002347062213002039,0.996124267578125,0.005906343460083008
Z,Robust GRAPE,1325,0.9984503984451294,0.01367918960750103,0.00022499711752972876,0.9963054656982422,0.005623340606689453
Z,Robust GRAPE,1350,0.9980080723762512,0.013908199034631252,0.00021540270881426725,0.996279239654541,0.005463629961013794
Z,Robust GRAPE,1375,0.9982178807258606,0.013293505646288395,0.00020593522177595922,0.9964351654052734,0.005297601222991943
Z,Robust GRAPE,1400,0.9985647797584534,0.013165957294404507,0.0001966067212944717,0.9964433908462524,0.005449354648590088
Z,Robust GRAPE,1425,0.998593807220459,0.012652427889406681,0.00018742909513213565,0.9965673685073853,0.005209028720855713
Z,Robust GRAPE,1450,0.998302698135376,0.012789840810000896,0.00017841403878479206,0.9965759515762329,0.0051122307777404785
Z,Robust GRAPE,1475,0.9984887838363647,0.01235366053879261,0.0001695730405776513,0.996673583984375,0.0050106048583984375
Z,Robust GRAPE,1500,0.9987377524375916,0.01218107808381319,0.0001609173670251618,0.9967010617256165,0.005079835653305054
Z,Robust GRAPE,1525,0.9986376762390137,0.011850209906697273,0.00015245804847354195,0.9967588782310486,0.004831135272979736
Z,Robust GRAPE,1550,0.998470664024353,0.011909883469343185,0.00014420586504427228,0.9968075156211853,0.004791945219039917
Z,Robust GRAPE,1575,0.9986793398857117,0.011576234363019466,0.0001361713328964629,0.996872067451477,0.004751652479171753
Z,Robust GRAPE,1600,0.9989108443260193,0.0115231117233634,0.0001283646908255991,0.9968692064285278,0.004868686199188232
Z,Robust GRAPE,1625,0.9989404082298279,0.011175896972417831,0.0001207958872157459,0.9969582557678223,0.004716336727142334
Z,Robust GRAPE,1650,0.99861741065979,0.011195169761776924,0.00011347456736183846,0.996985912322998,0.00453224778175354
Z,Robust GRAPE,1675,0.9987193942070007,0.010899885557591915,0.00010641006117821234,0.9970573782920837,0.004450976848602295
Z,Robust GRAPE,1700,0.9989879131317139,0.010827727615833282,9.961137130904015e-05,0.997054398059845,0.00457996129989624
Z,Robust GRAPE,1725,0.9990067481994629,0.01058676466345787,9.308716165582323e-05,0.9971123933792114,0.004470527172088623
Z,Robust GRAPE,1750,0.9988002777099609,0.010615330189466476,8.684574633656034e-05,0.9971372485160828,0.004368513822555542
Z,Robust GRAPE,1775,0.9988428354263306,0.010460328310728073,8.089507909066261e-05,0.9971743822097778,0.004318267107009888
Z,Robust GRAPE,1800,0.9990426301956177,0.010201694443821907,7.524274314311579e-05,0.9972060322761536,0.004300177097320557
Z,Robust GRAPE,1825,0.9990534782409668,0.010121717117726803,6.989594154080749e-05,0.9972290396690369,0.00426936149597168
Z,Robust GRAPE,1850,0.998913586139679,0.010159988887608051,6.486148797333406e-05,0.9972516894340515,0.00421673059463501
Z,Robust GRAPE,1875,0.9989643692970276,0.009984477423131466,6.0145798089983905e-05,0.997288703918457,0.004158318042755127
Z,Robust GRAPE,1900,0.9990832805633545,0.009823780506849289,5.575488132396362e-05,0.9973024725914001,0.004139631986618042
Z,Robust GRAPE,1925,0.9990859031677246,0.009697534143924713,5.169433323428443e-05,0.9973301291465759,0.004075586795806885
Z,Robust GRAPE,1950,0.9990125894546509,0.00976599007844925,4.796932837506882e-05,0.9973441362380981,0.00408172607421875
Z,Robust GRAPE,1975,0.9990373849868774,0.009675703942775726,4.458461370136463e-05,0.9973629117012024,0.004050642251968384
Z,Robust GRAPE,2000,0.999055027961731,0.00958937592804432,4.154450251986887e-05,0.997380256652832,0.004016399383544922
Z,Robust GRAPE,2025,0.9990808963775635,0.009490926750004292,3.885286899227088e-05,0.9973937273025513,0.003976941108703613
Z,Robust GRAPE,2050,0.9990920424461365,0.00942891463637352,3.6513143198219925e-05,0.9974052309989929,0.003950715065002441
Z,Robust GRAPE,2075,0.9991176724433899,0.009445800445973873,3.4528306764207154e-05,0.9974076151847839,0.003980696201324463
Z,Robust GRAPE,2100,0.9991015791893005,0.009355999529361725,3.290088906393433e-05,0.9974249005317688,0.003921627998352051
Z,Robust GRAPE,2125,0.999107301235199,0.00932210311293602,3.163296399500936e-05,0.9974338412284851,0.003908812999725342
Z,Robust GRAPE,2150,0.9991306662559509,0.00934544950723648,3.072614733607778e-05,0.9974374175071716,0.003942251205444336
Z,Robust GRAPE,2175,0.9991196990013123,0.00925301481038332,3.018159468775736e-05,0.9974525570869446,0.0038834810256958008
Z,Robust GRAPE,2200,0.9991260170936584,0.009219961240887642,2.9999999999999997e-05,0.9974612593650818,0.003871411085128784
Z,NN-seeded GRAPE,1,0.9944190382957458,0.005580974277108908,0.00019999706997625503,,
Z,NN-seeded GRAPE,20,0.9946157932281494,0.005384219344705343,0.000198830392356538,,
Z,NN-seeded GRAPE,40,0.998028039932251,0.0019719728734344244,0.0001953503690480395,,
Z,NN-seeded GRAPE,60,0.9982941150665283,0.0017058976227417588,0.0001896456197978949,,
Z,NN-seeded GRAPE,80,0.9983952641487122,0.001604748540557921,0.00018185661446561998,,
Z,NN-seeded GRAPE,100,0.9985681176185608,0.0014318950707092881,0.000172175144212722,,
Z,NN-seeded GRAPE,120,0.9986611604690552,0.0013388522202149034,0.00016083959896778487,,
Z,NN-seeded GRAPE,140,0.9987258315086365,0.0012741811806336045,0.00014812909747525683,,
Z,NN-seeded GRAPE,160,0.998775839805603,0.0012241728836670518,0.0001343566144656199,,
Z,NN-seeded GRAPE,180,0.9988216161727905,0.0011783965164795518,0.00011986127417882194,,
Z,NN-seeded GRAPE,200,0.9988595843315125,0.001140428357757628,0.00010500000000000002,,
Z,NN-seeded GRAPE,220,0.998892605304718,0.0011074073845520616,9.013872582117809e-05,,
Z,NN-seeded GRAPE,240,0.9989176392555237,0.0010823734337463975,7.564338553438001e-05,,
Z,NN-seeded GRAPE,260,0.9989417195320129,0.0010582931572571397,6.187090252474307e-05,,
Z,NN-seeded GRAPE,280,0.9989586472511292,0.0010413654381409287,4.9160401032215056e-05,,
Z,NN-seeded GRAPE,300,0.9989721775054932,0.001027835183776915,3.7824855787278006e-05,,
Z,NN-seeded GRAPE,320,0.9989845752716064,0.0010154374176636338,2.8143385534380033e-05,,
Z,NN-seeded GRAPE,340,0.9989906549453735,0.001009357743896544,2.0354380202105085e-05,,
Z,NN-seeded GRAPE,360,0.9989969730377197,0.0010030396515503526,1.4649630951960429e-05,,
Z,NN-seeded GRAPE,380,0.9990028142929077,0.0009971983963623643,1.1169607643461929e-05,,
Z,NN-seeded GRAPE,400,0.999003529548645,0.0009964831406250596,1e-05,,
Z,CRAB-SPSA,1,0.0573350191116333,0.9426649808883667,,,
Z,CRAB-SPSA,25,0.09289240837097168,0.9071075916290283,,,
Z,CRAB-SPSA,50,0.0031281113624572754,0.9968718886375427,,,
Z,CRAB-SPSA,75,0.004051864147186279,0.9959481358528137,,,
Z,CRAB-SPSA,100,0.012331664562225342,0.9876683354377747,,,
Z,CRAB-SPSA,125,0.025025367736816406,0.9749746322631836,,,
Z,CRAB-SPSA,150,0.006596088409423828,0.9934039115905762,,,
Z,CRAB-SPSA,175,0.024558722972869873,0.9754412770271301,,,
Z,CRAB-SPSA,200,0.005632936954498291,0.9943670630455017,,,
Z,CRAB-SPSA,225,0.0024546384811401367,0.9975453615188599,,,
Z,CRAB-SPSA,250,0.008871734142303467,0.9911282658576965,,,
Z,CRAB-SPSA,275,0.02786177396774292,0.9721382260322571,,,
Z,CRAB-SPSA,300,0.006526827812194824,0.9934731721878052,,,
Z,CRAB-SPSA,325,0.0009883642196655273,0.9990116357803345,,,
Z,CRAB-SPSA,350,0.032197415828704834,0.9678025841712952,,,
Z,CRAB-SPSA,375,0.006917238235473633,0.9930827617645264,,,
Z,CRAB-SPSA,400,0.03293764591217041,0.9670623540878296,,,
Z,CRAB-SPSA,425,0.012515068054199219,0.9874849319458008,,,
Z,CRAB-SPSA,450,0.00408405065536499,0.995915949344635,,,
Z,CRAB-SPSA,475,0.002486288547515869,0.9975137114524841,,,
Z,CRAB-SPSA,500,0.003371119499206543,0.9966288805007935,,,
Z,CRAB-SPSA,525,0.0025587081909179688,0.997441291809082,,,
Z,CRAB-SPSA,550,0.0004208087921142578,0.9995791912078857,,,
Z,CRAB-SPSA,575,0.03359276056289673,0.9664072394371033,,,
Z,CRAB-SPSA,600,0.03688681125640869,0.9631131887435913,,,
Z,CRAB-SPSA,625,0.0008034110069274902,0.9991965889930725,,,
Z,CRAB-SPSA,650,0.018039941787719727,0.9819600582122803,,,
Z,CRAB-SPSA,675,0.0056822896003723145,0.9943177103996277,,,
Z,CRAB-SPSA,700,0.0006530284881591797,0.9993469715118408,,,
Z,CRAB-SPSA,725,0.009694516658782959,0.990305483341217,,,
Z,CRAB-SPSA,750,0.0036806464195251465,0.9963193535804749,,,
Z,CRAB-SPSA,775,0.02580314874649048,0.9741968512535095,,,
Z,CRAB-SPSA,800,0.020274043083190918,0.9797259569168091,,,
Z,CRAB-SPSA,825,0.03440064191818237,0.9655993580818176,,,
Z,CRAB-SPSA,850,0.01500469446182251,0.9849953055381775,,,
Z,CRAB-SPSA,875,0.009449541568756104,0.9905504584312439,,,
Z,CRAB-SPSA,900,0.004601240158081055,0.995398759841919,,,
Z,CRAB-SPSA,925,0.004238784313201904,0.9957612156867981,,,
Z,CRAB-SPSA,950,0.01641780138015747,0.9835821986198425,,,
Z,CRAB-SPSA,975,0.010017812252044678,0.9899821877479553,,,
Z,CRAB-SPSA,1000,0.015431106090545654,0.9845688939094543,,,
Z,CRAB-SPSA,1025,0.005766510963439941,0.9942334890365601,,,
Z,CRAB-SPSA,1050,0.012467741966247559,0.9875322580337524,,,
Z,CRAB-SPSA,1075,0.0035953521728515625,0.9964046478271484,,,
Z,CRAB-SPSA,1100,0.023203909397125244,0.9767960906028748,,,
Z,CRAB-SPSA,1125,0.029381275177001953,0.970618724822998,,,
Z,CRAB-SPSA,1150,0.00484776496887207,0.9951522350311279,,,
Z,CRAB-SPSA,1175,0.005717277526855469,0.9942827224731445,,,
Z,CRAB-SPSA,1200,0.02224290370941162,0.9777570962905884,,,
Z,CRAB-SPSA,1225,0.003965497016906738,0.9960345029830933,,,
Z,CRAB-SPSA,1250,0.018500208854675293,0.9814997911453247,,,
Z,CRAB-SPSA,1275,0.00889599323272705,0.991104006767273,,,
Z,CRAB-SPSA,1300,0.009469449520111084,0.9905305504798889,,,
Z,CRAB-SPSA,1325,0.018258988857269287,0.9817410111427307,,,
Z,CRAB-SPSA,1350,0.006112396717071533,0.9938876032829285,,,
Z,CRAB-SPSA,1375,0.00018990039825439453,0.9998100996017456,,,
Z,CRAB-SPSA,1400,0.006152093410491943,0.9938479065895081,,,
Z,CRAB-SPSA,1425,0.009463369846343994,0.990536630153656,,,
Z,CRAB-SPSA,1450,0.012462913990020752,0.9875370860099792,,,
Z,CRAB-SPSA,1475,0.014217019081115723,0.9857829809188843,,,
Z,CRAB-SPSA,1500,0.00830078125,0.99169921875,,,
H,GRAPE,1,0.011923639103770256,0.988076388835907,0.0007999995311938873,,
H,GRAPE,25,0.9432558417320251,0.05674418434500694,0.0007997070337714746,,
H,GRAPE,50,0.9844070672988892,0.01559295691549778,0.0007988285868185884,,
H,GRAPE,75,0.9907766580581665,0.009223366156220436,0.0007973660136428716,,
H,GRAPE,100,0.9915627241134644,0.008437300100922585,0.000795321569426152,,
H,GRAPE,125,0.9907466769218445,0.009253347292542458,0.0007926984065532274,,
H,GRAPE,150,0.9939005970954895,0.006099427584558725,0.000789500569751117,,
H,GRAPE,175,0.9937806725502014,0.006219352129846811,0.0007857329898523859,,
H,GRAPE,200,0.9927952885627747,0.007204736117273569,0.0007814014761921583,,
H,GRAPE,225,0.9942233562469482,0.005776668433099985,0.0007765127076505443,,
H,GRAPE,250,0.9943569898605347,0.005643034819513559,0.0007710742223542895,,
H,GRAPE,275,0.9901253581047058,0.00987466610968113,0.0007650944060535315,,
H,GRAPE,300,0.9924965500831604,0.007503474596887827,0.0007585824791915802,,
H,GRAPE,325,0.9938397407531738,0.006160283926874399,0.0007515484826876632,,
H,GRAPE,350,0.995354950428009,0.004645074252039194,0.0007440032624545552,,
H,GRAPE,375,0.9920299053192139,0.007970119826495647,0.0007359584526749675,,
H,GRAPE,400,0.9853145480155945,0.014685477130115032,0.0007274264578624801,,
H,GRAPE,425,0.9960989952087402,0.0039010297041386366,0.000718420433734683,,
H,GRAPE,450,0.9968277215957642,0.003172303317114711,0.0007089542669280117,,
H,GRAPE,475,0.9940284490585327,0.0059715756215155125,0.0006990425535855607,,
H,GRAPE,500,0.9946418404579163,0.005358184687793255,0.000688700576850888,,
H,GRAPE,525,0.9952750205993652,0.00472500454634428,0.000677944283302518,,
H,GRAPE,550,0.996063768863678,0.003936256282031536,0.00066679025836547,,
H,GRAPE,575,0.9955884218215942,0.004411603324115276,0.000655255700737737,,
H,GRAPE,600,0.9964378476142883,0.003562177298590541,0.00064335839587114,,
H,GRAPE,625,0.996054470539093,0.003945554606616497,0.0006311166885474491,,
H,GRAPE,650,0.9966932535171509,0.0033067716285586357,0.0006185494545920606,,
H,GRAPE,675,0.9967893958091736,0.0032106293365359306,0.0006056760717688429,,
H,GRAPE,700,0.9974859356880188,0.002514089457690716,0.0005925163899010278,,
H,GRAPE,725,0.9964871406555176,0.0035128844901919365,0.0005790907002642228,,
H,GRAPE,750,0.9971634149551392,0.0028366101905703545,0.0005654197042987343,,
H,GRAPE,775,0.997654378414154,0.002345646731555462,0.0005515244816894474,,
H,GRAPE,800,0.9915227293968201,0.008477295748889446,0.0005374264578624799,,
H,GRAPE,825,0.9927597641944885,0.007240260951220989,0.0005231473709487284,,
H,GRAPE,850,0.9972062706947327,0.0027937544509768486,0.0005087092382652451,,
H,GRAPE,875,0.991786003112793,0.008214022032916546,0.0004941343223661304,,
H,GRAPE,900,0.9949697256088257,0.005030299536883831,0.00047944509671528975,,
H,GRAPE,925,0.9979079961776733,0.0020920289680361748,0.00046466421103398016,,
H,GRAPE,950,0.9991152882575989,0.0008847370045259595,0.0004498144563765829,,
H,GRAPE,975,0.9992543458938599,0.0007456793682649732,0.00043491872998844796,,
H,GRAPE,1000,0.9992791414260864,0.0007208838360384107,0.00042000000000000175,,
H,GRAPE,1025,0.9992952346801758,0.0007047905819490552,0.00040508127001155555,,
H,GRAPE,1050,0.9993163347244263,0.0006836905959062278,0.0003901855436234205,,
H,GRAPE,1075,0.999335527420044,0.000664497900288552,0.00037533578896602334,,
H,GRAPE,1100,0.9993478059768677,0.0006522193434648216,0.00036055490328471386,,
H,GRAPE,1125,0.9993628263473511,0.0006371989729814231,0.0003458656776338729,,
H,GRAPE,1150,0.9993761777877808,0.0006238475325517356,0.0003312907617347575,,
H,GRAPE,1175,0.9993904829025269,0.0006095424760133028,0.00031685262905127316,,
H,GRAPE,1200,0.9993993043899536,0.000600720988586545,0.0003025735421375214,,
H,GRAPE,1225,0.9994097352027893,0.0005902901757508516,0.00028847551831055404,,
H,GRAPE,1250,0.999418318271637,0.0005817071069031954,0.00027458029570126747,,
H,GRAPE,1275,0.9994288086891174,0.0005712166894227266,0.0002609092997357791,,
H,GRAPE,1300,0.9994359612464905,0.0005640641320496798,0.0002474836100989745,,
H,GRAPE,1325,0.999445378780365,0.000554646598175168,0.0002343239282311593,,
H,GRAPE,1350,0.9994542002677917,0.0005458251107484102,0.00022145054540794148,,
H,GRAPE,1375,0.9994571805000305,0.0005428449367173016,0.0002088833114525531,,
H,GRAPE,1400,0.9994660019874573,0.0005340234492905438,0.000196641604128862,,
H,GRAPE,1425,0.9994726777076721,0.0005273477290757,0.00018474429926226482,,
H,GRAPE,1450,0.999476969242096,0.0005230561946518719,0.00017320974163453172,,
H,GRAPE,1475,0.9994832873344421,0.0005167381023056805,0.0001620557166974835,,
H,GRAPE,1500,0.9994891285896301,0.0005108968471176922,0.00015129942314911333,,
H,GRAPE,1525,0.9994953274726868,0.0005046979640610516,0.00014095744641444083,,
H,Robust GRAPE,1,0.0013751243241131306,3.495681047439575,0.0005999997094176884,0.0017128173494711518,0.9991791844367981
H,Robust GRAPE,25,0.8746384382247925,0.5055546760559082,0.0005998184053122424,0.8611521124839783,0.16089659929275513
H,Robust GRAPE,50,0.9602953791618347,0.20008565485477448,0.0005992738526639225,0.9438543319702148,0.06949004530906677
H,Robust GRAPE,75,0.9742968678474426,0.1216200739145279,0.0005983670360049908,0.9658731818199158,0.0411931574344635
H,Robust GRAPE,100,0.9810228943824768,0.09524352848529816,0.0005970991109360656,0.9754797220230103,0.034497231245040894
H,Robust GRAPE,125,0.9837772250175476,0.08303824812173843,0.000595471693235793,0.9766910672187805,0.029004156589508057
H,Robust GRAPE,150,0.9865754246711731,0.06874748319387436,0.0005934868568017803,0.9817590117454529,0.02472102642059326
H,Robust GRAPE,175,0.9890860319137573,0.0622696578502655,0.0005911471310077294,0.9837172627449036,0.023381739854812622
H,Robust GRAPE,200,0.9916707277297974,0.05299096927046776,0.0005884554974801316,0.9855789542198181,0.020160198211669922
H,Robust GRAPE,225,0.9918181896209717,0.051316406577825546,0.0005854153862986362,0.9854056239128113,0.019026577472686768
H,Robust GRAPE,250,0.991425633430481,0.048753827810287476,0.000582030671624932,0.9872061610221863,0.01825687289237976
H,Robust GRAPE,275,0.9923219680786133,0.04694639891386032,0.0005783056667657171,0.9868909120559692,0.017439305782318115
H,Robust GRAPE,300,0.9931662678718567,0.041547741740942,0.000574245118676038,0.9886276125907898,0.01556086540222168
H,Robust GRAPE,325,0.9928344488143921,0.041914552450180054,0.0005698542019100181,0.9891390204429626,0.015925079584121704
H,Robust GRAPE,350,0.9938045144081116,0.03773036599159241,0.0005651385120266685,0.9901183247566223,0.014435261487960815
H,Robust GRAPE,375,0.9937459826469421,0.037705741822719574,0.0005601040584591952,0.989627480506897,0.014052540063858032
H,Robust GRAPE,400,0.9943519830703735,0.03478550910949707,0.0005547572568568876,0.9904457330703735,0.013055235147476196
H,Robust GRAPE,425,0.9948218464851379,0.03211728483438492,0.0005491049209093409,0.9915930032730103,0.012354552745819092
H,Robust GRAPE,450,0.9950506091117859,0.0308393482118845,0.0005431542536634437,0.9920520782470703,0.011961162090301514
H,Robust GRAPE,475,0.9928839802742004,0.039259687066078186,0.0005369128383441814,0.9891255497932434,0.014179229736328125
H,Robust GRAPE,500,0.9944055080413818,0.032459430396556854,0.0005303886286909646,0.9911064505577087,0.011980652809143066
H,Robust GRAPE,525,0.9953153133392334,0.030782649293541908,0.0005235899388217924,0.9921621680259705,0.012173205614089966
H,Robust GRAPE,550,0.9935153126716614,0.03363964706659317,0.0005165254326381668,0.9907039999961853,0.011905699968338013
H,Robust GRAPE,575,0.9934225082397461,0.03167909383773804,0.0005092041127842604,0.99135822057724,0.010972917079925537
H,Robust GRAPE,600,0.9891526699066162,0.047077346593141556,0.0005016353091744084,0.9870819449424744,0.015541046857833862
H,Robust GRAPE,625,0.9965721964836121,0.022764477878808975,0.0004938286671035459,0.9935421943664551,0.00858566164970398
H,Robust GRAPE,650,0.9955946207046509,0.026135561987757683,0.00048579413495573756,0.9934967160224915,0.010151058435440063
H,Robust GRAPE,675,0.9945421814918518,0.02943333424627781,0.0004775419515264692,0.9925783276557922,0.011035680770874023
H,Robust GRAPE,700,0.9951826333999634,0.02740292064845562,0.0004690826329748505,0.9922370910644531,0.00988149642944336
H,Robust GRAPE,725,0.995917558670044,0.025058390572667122,0.0004604269594223624,0.9928488731384277,0.00921630859375
H,Robust GRAPE,750,0.9955088496208191,0.026044312864542007,0.000451585961215223,0.9934824109077454,0.010023504495620728
H,Robust GRAPE,775,0.9956486225128174,0.023942790925502777,0.00044257090486788037,0.9937494397163391,0.008893698453903198
H,Robust GRAPE,800,0.9957810044288635,0.02564510516822338,0.0004333932787055453,0.9927339553833008,0.009439796209335327
H,Robust GRAPE,825,0.9958535432815552,0.02557823248207569,0.0004240647782240588,0.9927781224250793,0.009473025798797607
H,Robust GRAPE,850,0.9965449571609497,0.021358365193009377,0.00041459729118575135,0.9939495325088501,0.007901668548583984
H,Robust GRAPE,875,0.9966981410980225,0.019391300156712532,0.00040500288247029097,0.9946643114089966,0.007168948650360107
H,Robust GRAPE,900,0.9966551661491394,0.02092638425529003,0.000395293778699817,0.9939869046211243,0.007712036371231079
H,Robust GRAPE,925,0.9966295957565308,0.019900240004062653,0.0003854823526579618,0.9950494766235352,0.0077193379402160645
H,Robust GRAPE,950,0.9962213039398193,0.02264299802482128,0.00037558110752260914,0.9935423135757446,0.008270829916000366
H,Robust GRAPE,975,0.9969596266746521,0.019368119537830353,0.0003656026609324877,0.9943443536758423,0.007114529609680176
H,Robust GRAPE,1000,0.996520459651947,0.021388860419392586,0.0003555597289078979,0.9947417378425598,0.008433818817138672
H,Robust GRAPE,1025,0.9974217414855957,0.01880311779677868,0.0003454651096460691,0.9952296614646912,0.0076361000537872314
H,Robust GRAPE,1050,0.9968312978744507,0.018411848694086075,0.0003353316672117932,0.9947196841239929,0.00664171576499939
H,Robust GRAPE,1075,0.9970199465751648,0.017231332138180733,0.00032517231514412183,0.9950448274612427,0.006197184324264526
H,Robust GRAPE,1100,0.9975029230117798,0.017693983390927315,0.00031500000000001264,0.9955334067344666,0.007153242826461792
H,Robust GRAPE,1125,0.9978210926055908,0.01664154604077339,0.00030482768485590346,0.9957432150840759,0.006803631782531738
H,Robust GRAPE,1150,0.9972975850105286,0.016453120857477188,0.00029466833278823197,0.995286762714386,0.006024748086929321
H,Robust GRAPE,1175,0.997398853302002,0.015543628484010696,0.00028453489035395595,0.9955434799194336,0.0056571364402771
H,Robust GRAPE,1200,0.9978821873664856,0.01592259854078293,0.00027444027109212697,0.9959089159965515,0.006475597620010376
H,Robust GRAPE,1225,0.9981518983840942,0.015174178406596184,0.0002643973390675363,0.9960212707519531,0.006231337785720825
H,Robust GRAPE,1250,0.9975727200508118,0.014827890321612358,0.00025441889247741393,0.9957477450370789,0.005432009696960449
H,Robust GRAPE,1275,0.9975881576538086,0.01575467362999916,0.00024451764734206047,0.9954248666763306,0.005844861268997192
H,Robust GRAPE,1300,0.9964035749435425,0.019092286005616188,0.0002347062213002039,0.9945842623710632,0.0067198872566223145
H,Robust GRAPE,1325,0.9981577396392822,0.013356254436075687,0.00022499711752972876,0.9961748123168945,0.005125671625137329
H,Robust GRAPE,1350,0.9970839023590088,0.016853677108883858,0.00021540270881426725,0.9957292675971985,0.006444364786148071
H,Robust GRAPE,1375,0.9981774091720581,0.013909446075558662,0.00020593522177595922,0.9960935711860657,0.005453437566757202
H,Robust GRAPE,1400,0.9979780316352844,0.013681016862392426,0.0001966067212944717,0.996501088142395,0.005439847707748413
H,Robust GRAPE,1425,0.9974693655967712,0.015011723153293133,0.00018742909513213565,0.9959684610366821,0.00563281774520874
H,Robust GRAPE,1450,0.9982883930206299,0.013340274803340435,0.00017841403878479206,0.9963922500610352,0.00534704327583313
H,Robust GRAPE,1475,0.9983786940574646,0.012934260070323944,0.0001695730405776513,0.9963117837905884,0.005082875490188599
H,Robust GRAPE,1500,0.9982344508171082,0.01287692878395319,0.0001609173670251618,0.9966943860054016,0.005203604698181152
H,Robust GRAPE,1525,0.9983920454978943,0.012258721515536308,0.00015245804847354195,0.9968112111091614,0.004974424839019775
H,Robust GRAPE,1550,0.998514711856842,0.012453405186533928,0.00014420586504427228,0.9964346289634705,0.004934877157211304
H,Robust GRAPE,1575,0.9985852241516113,0.012047872878611088,0.0001361713328964629,0.9965537190437317,0.004790991544723511
H,Robust GRAPE,1600,0.998476505279541,0.01185808889567852,0.0001283646908255991,0.9969081282615662,0.004828214645385742
H,Robust GRAPE,1625,0.9985495209693909,0.01161954551935196,0.0001207958872157459,0.9969504475593567,0.004746139049530029
H,Robust GRAPE,1650,0.9986750483512878,0.011522318236529827,0.00011347456736183846,0.9967090487480164,0.004604041576385498
H,Robust GRAPE,1675,0.9987030625343323,0.011280969716608524,0.00010641006117821234,0.9967808127403259,0.004509657621383667
H,Robust GRAPE,1700,0.9986190795898438,0.011260319501161575,9.961137130904015e-05,0.9970253109931946,0.00460284948348999
H,Robust GRAPE,1725,0.9986745715141296,0.01104447990655899,9.308716165582323e-05,0.9970523715019226,0.004514038562774658
H,Robust GRAPE,1750,0.9987421631813049,0.011055950075387955,8.684574633656034e-05,0.9968481063842773,0.004430562257766724
H,Robust GRAPE,1775,0.9987697601318359,0.010832725092768669,8.089507909066261e-05,0.996913731098175,0.004343897104263306
H,Robust GRAPE,1800,0.9987149834632874,0.010840333998203278,7.524274314311579e-05,0.9971126914024353,0.004445075988769531
H,Robust GRAPE,1825,0.9987455010414124,0.010706616565585136,6.989594154080749e-05,0.9971296191215515,0.004387557506561279
H,Robust GRAPE,1850,0.9988149404525757,0.010473597794771194,6.486148797333406e-05,0.9970192909240723,0.004204988479614258
H,Robust GRAPE,1875,0.9988292455673218,0.010323728434741497,6.0145798089983905e-05,0.9970656633377075,0.004145503044128418
H,Robust GRAPE,1900,0.9987930059432983,0.01046695839613676,5.575488132396362e-05,0.9971761703491211,0.004290521144866943
H,Robust GRAPE,1925,0.9988161325454712,0.010354082100093365,5.169433323428443e-05,0.9971851706504822,0.004236727952957153
H,Robust GRAPE,1950,0.9988284111022949,0.010236550122499466,4.796932837506882e-05,0.9971897006034851,0.0041695237159729
H,Robust GRAPE,1975,0.9988587498664856,0.010069618932902813,4.458461370136463e-05,0.9971675872802734,0.00406375527381897
H,Robust GRAPE,2000,0.9988648295402527,0.010089877992868423,4.154450251986887e-05,0.9971405863761902,0.004063338041305542
H,Robust GRAPE,2025,0.9988680481910706,0.009994433261454105,3.885286899227088e-05,0.9971917271614075,0.004035919904708862
H,Robust GRAPE,2050,0.9988756775856018,0.00995025783777237,3.6513143198219925e-05,0.9971985220909119,0.0040160417556762695
H,Robust GRAPE,2075,0.9988852143287659,0.00999030563980341,3.4528306764207154e-05,0.9971696138381958,0.00402987003326416
H,Robust GRAPE,2100,0.9988871216773987,0.00987987034022808,3.290088906393433e-05,0.9972156882286072,0.003988206386566162
H,Robust GRAPE,2125,0.9988933205604553,0.00984448567032814,3.163296399500936e-05,0.9972218871116638,0.003972858190536499
H,Robust GRAPE,2150,0.9989016652107239,0.00989451538771391,3.072614733607778e-05,0.9971967935562134,0.003995060920715332
H,Robust GRAPE,2175,0.9989014267921448,0.009787882678210735,3.018159468775736e-05,0.9972379803657532,0.003951311111450195
H,Robust GRAPE,2200,0.998914897441864,0.009820777922868729,2.9999999999999997e-05,0.9972177743911743,0.003968715667724609
H,NN-seeded GRAPE,1,0.9963064789772034,0.0036935347598046064,0.00019999706997625503,,
H,NN-seeded GRAPE,20,0.9951863884925842,0.004813625477254391,0.000198830392356538,,
H,NN-seeded GRAPE,40,0.9981967210769653,0.0018032927764579654,0.0001953503690480395,,
H,NN-seeded GRAPE,60,0.9986164569854736,0.0013835568679496646,0.0001896456197978949,,
H,NN-seeded GRAPE,80,0.9988267421722412,0.0011732716811820865,0.00018185661446561998,,
H,NN-seeded GRAPE,100,0.9989678859710693,0.0010321278823539615,0.000172175144212722,,
H,NN-seeded GRAPE,120,0.9990800619125366,0.0009199519408866763,0.00016083959896778487,,
H,NN-seeded GRAPE,140,0.9991711974143982,0.000828816439025104,0.00014812909747525683,,
H,NN-seeded GRAPE,160,0.9992393255233765,0.0007606883300468326,0.0001343566144656199,,
H,NN-seeded GRAPE,180,0.9992901086807251,0.0007099051726981997,0.00011986127417882194,,
H,NN-seeded GRAPE,200,0.999322772026062,0.0006772418273612857,0.00010500000000000002,,
H,NN-seeded GRAPE,220,0.99934983253479,0.0006501813186332583,9.013872582117809e-05,,
H,NN-seeded GRAPE,240,0.9993680715560913,0.0006319422973319888,7.564338553438001e-05,,
H,NN-seeded GRAPE,260,0.9993828535079956,0.0006171603454276919,6.187090252474307e-05,,
H,NN-seeded GRAPE,280,0.999392032623291,0.0006079812301322818,4.9160401032215056e-05,,
H,NN-seeded GRAPE,300,0.999398946762085,0.0006010670913383365,3.7824855787278006e-05,,
H,NN-seeded GRAPE,320,0.9994043707847595,0.0005956430686637759,2.8143385534380033e-05,,
H,NN-seeded GRAPE,340,0.9994080662727356,0.0005919475806877017,2.0354380202105085e-05,,
H,NN-seeded GRAPE,360,0.9994115233421326,0.000588490511290729,1.4649630951960429e-05,,
H,NN-seeded GRAPE,380,0.9994125962257385,0.000587417627684772,1.1169607643461929e-05,,
H,NN-seeded GRAPE,400,0.9994166493415833,0.0005833645118400455,1e-05,,
H,CRAB-SPSA,1,0.0019227862358093262,0.9980772137641907,,,
H,CRAB-SPSA,25,0.015431046485900879,0.9845689535140991,,,
H,CRAB-SPSA,50,0.03742861747741699,0.962571382522583,,,
H,CRAB-SPSA,75,0.007384598255157471,0.9926154017448425,,,
H,CRAB-SPSA,100,0.0034409761428833008,0.9965590238571167,,,
H,CRAB-SPSA,125,0.00949406623840332,0.9905059337615967,,,
H,CRAB-SPSA,150,0.013716399669647217,0.9862836003303528,,,
H,CRAB-SPSA,175,0.012617111206054688,0.9873828887939453,,,
H,CRAB-SPSA,200,0.012271225452423096,0.9877287745475769,,,
H,CRAB-SPSA,225,0.014072418212890625,0.9859275817871094,,,
H,CRAB-SPSA,250,0.007122993469238281,0.9928770065307617,,,
H,CRAB-SPSA,275,0.00449901819229126,0.9955009818077087,,,
H,CRAB-SPSA,300,0.018123149871826172,0.9818768501281738,,,
H,CRAB-SPSA,325,0.00895380973815918,0.9910461902618408,,,
H,CRAB-SPSA,350,0.0014802813529968262,0.9985197186470032,,,
H,CRAB-SPSA,375,0.0001767277717590332,0.999823272228241,,,
H,CRAB-SPSA,400,0.014878451824188232,0.9851215481758118,,,
H,CRAB-SPSA,425,0.00014269351959228516,0.9998573064804077,,,
H,CRAB-SPSA,450,0.00420534610748291,0.9957946538925171,,,
H,CRAB-SPSA,475,0.002102196216583252,0.9978978037834167,,,
H,CRAB-SPSA,500,0.018863976001739502,0.9811360239982605,,,
H,CRAB-SPSA,525,0.012752234935760498,0.9872477650642395,,,
H,CRAB-SPSA,550,0.013590514659881592,0.9864094853401184,,,
H,CRAB-SPSA,575,0.005296528339385986,0.994703471660614,,,
H,CRAB-SPSA,600,0.006260335445404053,0.993739664554596,,,
H,CRAB-SPSA,625,6.079673767089844e-05,0.9999392032623291,,,
H,CRAB-SPSA,650,0.026322782039642334,0.9736772179603577,,,
H,CRAB-SPSA,675,0.009321510791778564,0.9906784892082214,,,
H,CRAB-SPSA,700,0.005932807922363281,0.9940671920776367,,,
H,CRAB-SPSA,725,0.011061608791351318,0.9889383912086487,,,
H,CRAB-SPSA,750,0.04055964946746826,0.9594403505325317,,,
H,CRAB-SPSA,775,0.028563976287841797,0.9714360237121582,,,
H,CRAB-SPSA,800,0.0021418333053588867,0.9978581666946411,,,
H,CRAB-SPSA,825,0.0024862289428710938,0.9975137710571289,,,
H,CRAB-SPSA,850,0.0002605319023132324,0.9997394680976868,,,
H,CRAB-SPSA,875,0.010156571865081787,0.9898434281349182,,,
H,CRAB-SPSA,900,0.0017380714416503906,0.9982619285583496,,,
H,CRAB-SPSA,925,0.0009722709655761719,0.9990277290344238,,,
H,CRAB-SPSA,950,0.00393366813659668,0.9960663318634033,,,
H,CRAB-SPSA,975,0.005814075469970703,0.9941859245300293,,,
H,CRAB-SPSA,1000,0.002975642681121826,0.9970243573188782,,,
H,CRAB-SPSA,1025,0.004394173622131348,0.9956058263778687,,,
H,CRAB-SPSA,1050,0.009694695472717285,0.9903053045272827,,,
H,CRAB-SPSA,1075,0.010486960411071777,0.9895130395889282,,,
H,CRAB-SPSA,1100,0.03843480348587036,0.9615651965141296,,,
H,CRAB-SPSA,1125,0.025967001914978027,0.974032998085022,,,
H,CRAB-SPSA,1150,0.038135528564453125,0.9618644714355469,,,
H,CRAB-SPSA,1175,0.017736494541168213,0.9822635054588318,,,
H,CRAB-SPSA,1200,0.0072400569915771484,0.9927599430084229,,,
H,CRAB-SPSA,1225,0.01288294792175293,0.9871170520782471,,,
H,CRAB-SPSA,1250,0.007120907306671143,0.9928790926933289,,,
H,CRAB-SPSA,1275,0.01122438907623291,0.9887756109237671,,,
H,CRAB-SPSA,1300,0.02610546350479126,0.9738945364952087,,,
H,CRAB-SPSA,1325,0.061640918254852295,0.9383590817451477,,,
H,CRAB-SPSA,1350,0.030043423175811768,0.9699565768241882,,,
H,CRAB-SPSA,1375,0.06020402908325195,0.939795970916748,,,
H,CRAB-SPSA,1400,0.029434382915496826,0.9705656170845032,,,
H,CRAB-SPSA,1425,0.020170092582702637,0.9798299074172974,,,
H,CRAB-SPSA,1450,0.0037211179733276367,0.9962788820266724,,,
H,CRAB-SPSA,1475,0.0020858049392700195,0.99791419506073,,,
H,CRAB-SPSA,1500,0.005448341369628906,0.9945516586303711,,,
S,GRAPE,1,0.00265934644266963,0.9973410367965698,0.0007999995311938873,,
S,GRAPE,25,0.9213970899581909,0.07860327512025833,0.0007997070337714746,,
S,GRAPE,50,0.965304970741272,0.03469539061188698,0.0007988285868185884,,
S,GRAPE,75,0.9758490324020386,0.024151328951120377,0.0007973660136428716,,
S,GRAPE,100,0.9843437671661377,0.015656594187021255,0.000795321569426152,,
S,GRAPE,125,0.9870031476020813,0.012997213751077652,0.0007926984065532274,,
S,GRAPE,150,0.9885246753692627,0.011475685983896255,0.000789500569751117,,
S,GRAPE,175,0.9904500246047974,0.009550336748361588,0.0007857329898523859,,
S,GRAPE,200,0.9943667054176331,0.005633655935525894,0.0007814014761921583,,
S,GRAPE,225,0.9833784699440002,0.016621891409158707,0.0007765127076505443,,
S,GRAPE,250,0.9900032877922058,0.00999707356095314,0.0007710742223542895,,
S,GRAPE,275,0.9857966899871826,0.014203671365976334,0.0007650944060535315,,
S,GRAPE,300,0.9847996830940247,0.015200678259134293,0.0007585824791915802,,
S,GRAPE,325,0.9931405782699585,0.006859783548861742,0.0007515484826876632,,
S,GRAPE,350,0.9907094240188599,0.009290937334299088,0.0007440032624545552,,
S,GRAPE,375,0.9948655962944031,0.005134765524417162,0.0007359584526749675,,
S,GRAPE,400,0.9930177330970764,0.006982628721743822,0.0007274264578624801,,
S,GRAPE,425,0.9926220774650574,0.007378284353762865,0.000718420433734683,,
S,GRAPE,450,0.9943017363548279,0.005698625463992357,0.0007089542669280117,,
S,GRAPE,475,0.9922664165496826,0.007733945269137621,0.0006990425535855607,,
S,GRAPE,500,0.9927074909210205,0.00729287089779973,0.000688700576850888,,
S,GRAPE,525,0.9940626621246338,0.005937699694186449,0.000677944283302518,,
S,GRAPE,550,0.9845214486122131,0.015478912740945816,0.00066679025836547,,
S,GRAPE,575,0.9928204417228699,0.007179920095950365,0.000655255700737737,,
S,GRAPE,600,0.9941818714141846,0.005818490404635668,0.00064335839587114,,
S,GRAPE,625,0.9948002099990845,0.0052001518197357655,0.0006311166885474491,,
S,GRAPE,650,0.9947940111160278,0.005206350702792406,0.0006185494545920606,,
S,GRAPE,675,0.9946104288101196,0.005389933008700609,0.0006056760717688429,,
S,GRAPE,700,0.9956836700439453,0.004316691774874926,0.0005925163899010278,,
S,GRAPE,725,0.9953375458717346,0.004662815947085619,0.0005790907002642228,,
S,GRAPE,750,0.9962263107299805,0.0037740510888397694,0.0005654197042987343,,
S,GRAPE,775,0.9960816502571106,0.003918711561709642,0.0005515244816894474,,
S,GRAPE,800,0.9968867897987366,0.003113572020083666,0.0005374264578624799,,
S,GRAPE,825,0.9964109659194946,0.003589395899325609,0.0005231473709487284,,
S,GRAPE,850,0.9971222281455994,0.002878133673220873,0.0005087092382652451,,
S,GRAPE,875,0.9969788789749146,0.0030214828439056873,0.0004941343223661304,,
S,GRAPE,900,0.9975665211677551,0.002433840651065111,0.00047944509671528975,,
S,GRAPE,925,0.9972386360168457,0.002761725801974535,0.00046466421103398016,,
S,GRAPE,950,0.997663676738739,0.0023366850800812244,0.0004498144563765829,,
S,GRAPE,975,0.9979589581489563,0.0020414036698639393,0.00043491872998844796,,
S,GRAPE,1000,0.9982774257659912,0.0017229360528290272,0.00042000000000000175,,
S,GRAPE,1025,0.9978463053703308,0.0021540564484894276,0.00040508127001155555,,
S,GRAPE,1050,0.9984130263328552,0.0015873354859650135,0.0003901855436234205,,
S,GRAPE,1075,0.9984312057495117,0.0015691560693085194,0.00037533578896602334,,
S,GRAPE,1100,0.9994328618049622,0.000567499955650419,0.00036055490328471386,,
S,GRAPE,1125,0.9994476437568665,0.0005527180037461221,0.0003458656776338729,,
S,GRAPE,1150,0.9994727969169617,0.0005275648436509073,0.0003312907617347575,,
S,GRAPE,1175,0.9994941353797913,0.0005062263226136565,0.00031685262905127316,,
S,Robust GRAPE,1,0.17162159085273743,2.930776357650757,0.0005999997094176884,0.16883718967437744,0.8474899530410767
S,Robust GRAPE,25,0.9180862903594971,0.34536242485046387,0.0005998184053122424,0.9071017503738403,0.11370021104812622
S,Robust GRAPE,50,0.95878666639328,0.1864984631538391,0.0005992738526639225,0.9513482451438904,0.0644221305847168
S,Robust GRAPE,75,0.9774100184440613,0.10595372319221497,0.0005983670360049908,0.9718607068061829,0.03681623935699463
S,Robust GRAPE,100,0.9826353788375854,0.08842741698026657,0.0005970991109360656,0.9772735834121704,0.032224178314208984
S,Robust GRAPE,125,0.9854731559753418,0.08371444791555405,0.000595471693235793,0.9793277978897095,0.032343536615371704
S,Robust GRAPE,150,0.988807201385498,0.06551589071750641,0.0005934868568017803,0.9831851124763489,0.02500540018081665
S,Robust GRAPE,175,0.988074779510498,0.06603629887104034,0.0005911471310077294,0.983708381652832,0.025212913751602173
S,Robust GRAPE,200,0.9892854690551758,0.05850635841488838,0.0005884554974801316,0.9848475456237793,0.021759480237960815
S,Robust GRAPE,225,0.988983154296875,0.05738300085067749,0.0005854153862986362,0.9839593768119812,0.020216941833496094
S,Robust GRAPE,250,0.9905304908752441,0.05375656113028526,0.000582030671624932,0.9867353439331055,0.02068150043487549
S,Robust GRAPE,275,0.9906955361366272,0.05334152281284332,0.0005783056667657171,0.9859949350357056,0.020021259784698486
S,Robust GRAPE,300,0.9886370301246643,0.05560322478413582,0.000574245118676038,0.9842853546142578,0.019016951322555542
S,Robust GRAPE,325,0.9937629699707031,0.038584619760513306,0.0005698542019100181,0.9900047183036804,0.014901489019393921
S,Robust GRAPE,350,0.9896371960639954,0.0498821847140789,0.0005651385120266685,0.9861772656440735,0.017131060361862183
S,Robust GRAPE,375,0.9938716888427734,0.035606034100055695,0.0005601040584591952,0.9903656244277954,0.013228833675384521
S,Robust GRAPE,400,0.9953814744949341,0.031238028779625893,0.0005547572568568876,0.9918394088745117,0.01230582594871521
S,Robust GRAPE,425,0.9924606680870056,0.038282640278339386,0.0005491049209093409,0.9888664484024048,0.013073086738586426
S,Robust GRAPE,450,0.9946063756942749,0.030228639021515846,0.0005431542536634437,0.9913460612297058,0.01078730821609497
S,Robust GRAPE,475,0.9832502007484436,0.07578499615192413,0.0005369128383441814,0.980380654335022,0.026277154684066772
S,Robust GRAPE,500,0.9921692609786987,0.04063953831791878,0.0005303886286909646,0.9893985986709595,0.014804810285568237
S,Robust GRAPE,525,0.9956314563751221,0.02777380496263504,0.0005235899388217924,0.9925816655158997,0.01065787672996521
S,Robust GRAPE,550,0.9953262805938721,0.029008639976382256,0.0005165254326381668,0.9920491576194763,0.010922640562057495
S,Robust GRAPE,575,0.9946151971817017,0.03015209548175335,0.0005092041127842604,0.9919043779373169,0.011114388704299927
S,Robust GRAPE,600,0.9950330257415771,0.02865687757730484,0.0005016353091744084,0.9922395944595337,0.010619550943374634
S,Robust GRAPE,625,0.9946387410163879,0.029797246679663658,0.0004938286671035459,0.9915207028388977,0.010637730360031128
S,Robust GRAPE,650,0.9951562285423279,0.027901867404580116,0.00048579413495573756,0.992077648639679,0.010090440511703491
S,Robust GRAPE,675,0.9953831434249878,0.026897452771663666,0.0004775419515264692,0.9926458597183228,0.00995093584060669
S,Robust GRAPE,700,0.9958915114402771,0.024866007268428802,0.0004690826329748505,0.9931506514549255,0.009271979331970215
S,Robust GRAPE,725,0.9953088164329529,0.02715875953435898,0.0004604269594223624,0.9923092722892761,0.009851157665252686
S,Robust GRAPE,750,0.9960237741470337,0.024831166490912437,0.000451585961215223,0.9930334091186523,0.009258836507797241
S,Robust GRAPE,775,0.9956457614898682,0.02509338967502117,0.00044257090486788037,0.992975652217865,0.009143084287643433
S,Robust GRAPE,800,0.9960801005363464,0.023339902982115746,0.0004333932787055453,0.9934115409851074,0.008554279804229736
S,Robust GRAPE,825,0.9960280656814575,0.024873163551092148,0.0004240647782240588,0.993083655834198,0.009323209524154663
S,Robust GRAPE,850,0.9963217377662659,0.0237436406314373,0.00041459729118575135,0.9933986663818359,0.008975982666015625
S,Robust GRAPE,875,0.9964152574539185,0.021836044266819954,0.00040500288247029097,0.9937783479690552,0.00801965594291687
S,Robust GRAPE,900,0.9968221187591553,0.020470378920435905,0.000395293778699817,0.9941736459732056,0.007644057273864746
S,Robust GRAPE,925,0.9965695738792419,0.02246467024087906,0.0003854823526579618,0.9936767816543579,0.008473962545394897
S,Robust GRAPE,950,0.996178925037384,0.025795219466090202,0.00037558110752260914,0.9935351610183716,0.010339438915252686
S,Robust GRAPE,975,0.9947606921195984,0.029032493010163307,0.0003656026609324877,0.991990864276886,0.010522663593292236
S,Robust GRAPE,1000,0.9957653880119324,0.0245116725564003,0.0003555597289078979,0.9931971430778503,0.008982747793197632
S,Robust GRAPE,1025,0.9963526725769043,0.02230684645473957,0.0003454651096460691,0.9938446879386902,0.008336067199707031
S,Robust GRAPE,1050,0.9955158829689026,0.025293337181210518,0.0003353316672117932,0.992779552936554,0.00905907154083252
S,Robust GRAPE,1075,0.9965373277664185,0.02169906720519066,0.00032517231514412183,0.9938258528709412,0.008041411638259888
S,Robust GRAPE,1100,0.9964492917060852,0.0216375719755888,0.00031500000000001264,0.9938886761665344,0.007983654737472534
S,Robust GRAPE,1125,0.9968427419662476,0.020174449309706688,0.00030482768485590346,0.9942578673362732,0.007516622543334961
S,Robust GRAPE,1150,0.9968984127044678,0.020331230014562607,0.00029466833278823197,0.9942203760147095,0.007633298635482788
S,Robust GRAPE,1175,0.9971900582313538,0.019267050549387932,0.00028453489035395595,0.9945366978645325,0.007329106330871582
S,Robust GRAPE,1200,0.9968963861465454,0.019774772226810455,0.00027444027109212697,0.9943270087242126,0.007332056760787964
S,Robust GRAPE,1225,0.9971469640731812,0.018922166898846626,0.0002643973390675363,0.9945716857910156,0.00709378719329834
S,Robust GRAPE,1250,0.9973222017288208,0.01866915635764599,0.00025441889247741393,0.994698166847229,0.007126271724700928
S,Robust GRAPE,1275,0.9974631667137146,0.018042169511318207,0.00024451764734206047,0.994855523109436,0.006907165050506592
S,Robust GRAPE,1300,0.9973081350326538,0.01822676509618759,0.0002347062213002039,0.9947564005851746,0.006860792636871338
S,Robust GRAPE,1325,0.9974790215492249,0.017661940306425095,0.00022499711752972876,0.9949272274971008,0.006712019443511963
S,Robust GRAPE,1350,0.9975840449333191,0.0175024326890707,0.00021540270881426725,0.9949952363967896,0.006721019744873047
S,Robust GRAPE,1375,0.9976617693901062,0.017083970829844475,0.00020593522177595922,0.9950979351997375,0.006562411785125732
S,Robust GRAPE,1400,0.9976373314857483,0.01669131964445114,0.0001966067212944717,0.9951078295707703,0.006290912628173828
S,Robust GRAPE,1425,0.9975279569625854,0.017599277198314667,0.00018742909513213565,0.9949488043785095,0.006717264652252197
S,Robust GRAPE,1450,0.9978757500648499,0.016981514170765877,0.00017841403878479206,0.995400607585907,0.0068385303020477295
S,Robust GRAPE,1475,0.997795581817627,0.016939377412199974,0.0001695730405776513,0.9953851699829102,0.006746649742126465
S,Robust GRAPE,1500,0.9975760579109192,0.01688055321574211,0.0001609173670251618,0.9950480461120605,0.006336390972137451
S,Robust GRAPE,1525,0.9973312616348267,0.01782064326107502,0.00015245804847354195,0.994895875453949,0.006698429584503174
S,Robust GRAPE,1550,0.997567355632782,0.01667923480272293,0.00014420586504427228,0.9950539469718933,0.006200283765792847
S,Robust GRAPE,1575,0.9978792071342468,0.01580364815890789,0.0001361713328964629,0.9954619407653809,0.006096452474594116
S,Robust GRAPE,1600,0.9977372288703918,0.015990503132343292,0.0001283646908255991,0.9952770471572876,0.0060031116008758545
S,Robust GRAPE,1625,0.9978092908859253,0.015695564448833466,0.0001207958872157459,0.9953832030296326,0.005925297737121582
S,Robust GRAPE,1650,0.9977424740791321,0.016069995239377022,0.00011347456736183846,0.9952338337898254,0.0060307979583740234
S,Robust GRAPE,1675,0.9979016780853271,0.0153838861733675,0.00010641006117821234,0.9954389929771423,0.005816221237182617
S,Robust GRAPE,1700,0.9980217218399048,0.01537080854177475,9.961137130904015e-05,0.9956232309341431,0.00601041316986084
S,Robust GRAPE,1725,0.9981086850166321,0.014960726723074913,9.308716165582323e-05,0.9956530928611755,0.005814939737319946
S,Robust GRAPE,1750,0.9981330037117004,0.014860725030303001,8.684574633656034e-05,0.9956923723220825,0.005790650844573975
S,Robust GRAPE,1775,0.998144268989563,0.014795555733144283,8.089507909066261e-05,0.9957063794136047,0.005764096975326538
S,Robust GRAPE,1800,0.998153805732727,0.014727439731359482,7.524274314311579e-05,0.9957210421562195,0.005734771490097046
S,Robust GRAPE,1825,0.9981622695922852,0.014667420648038387,6.989594154080749e-05,0.9957364201545715,0.0057106614112854
S,Robust GRAPE,1850,0.9981733560562134,0.014609812758862972,6.486148797333406e-05,0.9957497715950012,0.0056885480880737305
S,Robust GRAPE,1875,0.9981802701950073,0.014556638896465302,6.0145798089983905e-05,0.9957630038261414,0.005666553974151611
S,Robust GRAPE,1900,0.9981902837753296,0.014507411979138851,5.575488132396362e-05,0.9957748651504517,0.005648255348205566
S,Robust GRAPE,1925,0.9981962442398071,0.014463385567069054,5.169433323428443e-05,0.9957853555679321,0.005629926919937134
S,Robust GRAPE,1950,0.9982038736343384,0.014421596191823483,4.796932837506882e-05,0.9957960247993469,0.005614250898361206
S,Robust GRAPE,1975,0.9982119202613831,0.014383828267455101,4.458461370136463e-05,0.9958047866821289,0.005600273609161377
S,Robust GRAPE,2000,0.9982166886329651,0.014346839860081673,4.154450251986887e-05,0.9958144426345825,0.005585223436355591
S,Robust GRAPE,2025,0.998223602771759,0.014308597892522812,3.885286899227088e-05,0.9958229064941406,0.005569964647293091
S,Robust GRAPE,2050,0.9982290863990784,0.01427399180829525,3.6513143198219925e-05,0.9958314299583435,0.005556195974349976
S,Robust GRAPE,2075,0.9982343316078186,0.014240499585866928,3.4528306764207154e-05,0.9958400130271912,0.005543142557144165
S,Robust GRAPE,2100,0.9982412457466125,0.014210160821676254,3.290088906393433e-05,0.9958470463752747,0.0055322349071502686
S,Robust GRAPE,2125,0.998243510723114,0.014181729406118393,3.163296399500936e-05,0.9958552718162537,0.005520254373550415
S,Robust GRAPE,2150,0.998249351978302,0.014152498915791512,3.072614733607778e-05,0.9958616495132446,0.005508929491043091
S,Robust GRAPE,2175,0.9982550740242004,0.0141228549182415,3.018159468775736e-05,0.9958691596984863,0.005497992038726807
S,Robust GRAPE,2200,0.9982566237449646,0.014095469377934933,2.9999999999999997e-05,0.9958763122558594,0.005485564470291138
S,NN-seeded GRAPE,1,0.9961729049682617,0.003827109467238188,0.00019999706997625503,,
S,NN-seeded GRAPE,20,0.9942908883094788,0.005709126126021147,0.000198830392356538,,
S,NN-seeded GRAPE,40,0.9981981515884399,0.0018018628470599651,0.0001953503690480395,,
S,NN-seeded GRAPE,60,0.9985740780830383,0.0014259363524615765,0.0001896456197978949,,
S,NN-seeded GRAPE,80,0.9987265467643738,0.0012734676711261272,0.00018185661446561998,,
S,NN-seeded GRAPE,100,0.9987982511520386,0.0012017632834613323,0.000172175144212722,,
S,NN-seeded GRAPE,120,0.9988742470741272,0.0011257673613727093,0.00016083959896778487,,
S,NN-seeded GRAPE,140,0.9989438652992249,0.0010561490198597312,0.00014812909747525683,,
S,NN-seeded GRAPE,160,0.9990031719207764,0.0009968423983082175,0.0001343566144656199,,
S,NN-seeded GRAPE,180,0.9990503787994385,0.0009496355196461082,0.00011986127417882194,,
S,NN-seeded GRAPE,200,0.9990934729576111,0.0009065413614735007,0.00010500000000000002,,
S,NN-seeded GRAPE,220,0.9991274476051331,0.0008725667139515281,9.013872582117809e-05,,
S,NN-seeded GRAPE,240,0.9991578459739685,0.0008421682869084179,7.564338553438001e-05,,
S,NN-seeded GRAPE,260,0.9991819262504578,0.0008180880104191601,6.187090252474307e-05,,
S,NN-seeded GRAPE,280,0.9992000460624695,0.0007999681984074414,4.9160401032215056e-05,,
S,NN-seeded GRAPE,300,0.9992167353630066,0.000783278897870332,3.7824855787278006e-05,,
S,NN-seeded GRAPE,320,0.9992277026176453,0.0007723116432316601,2.8143385534380033e-05,,
S,NN-seeded GRAPE,340,0.9992374181747437,0.0007625960861332715,2.0354380202105085e-05,,
S,NN-seeded GRAPE,360,0.9992425441741943,0.0007574700866825879,1.4649630951960429e-05,,
S,NN-seeded GRAPE,380,0.9992469549179077,0.000753059342969209,1.1169607643461929e-05,,
S,NN-seeded GRAPE,400,0.999251127243042,0.0007488870178349316,1e-05,,
S,CRAB-SPSA,1,0.18508684635162354,0.8149131536483765,,,
S,CRAB-SPSA,25,0.18508684635162354,0.8149131536483765,,,
S,CRAB-SPSA,50,0.18508684635162354,0.8149131536483765,,,
S,CRAB-SPSA,75,0.18508684635162354,0.8149131536483765,,,
S,CRAB-SPSA,100,0.18508684635162354,0.8149131536483765,,,
S,CRAB-SPSA,125,0.18508684635162354,0.8149131536483765,,,
S,CRAB-SPSA,150,0.18508684635162354,0.8149131536483765,,,
S,CRAB-SPSA,175,0.18508684635162354,0.8149131536483765,,,
S,CRAB-SPSA,200,0.18508684635162354,0.8149131536483765,,,
S,CRAB-SPSA,225,0.18508684635162354,0.8149131536483765,,,
S,CRAB-SPSA,250,0.18508684635162354,0.8149131536483765,,,
S,CRAB-SPSA,275,0.18508684635162354,0.8149131536483765,,,
S,CRAB-SPSA,300,0.18508684635162354,0.8149131536483765,,,
S,CRAB-SPSA,325,0.18508684635162354,0.8149131536483765,,,
S,CRAB-SPSA,350,0.18508684635162354,0.8149131536483765,,,
S,CRAB-SPSA,375,0.18508684635162354,0.8149131536483765,,,
S,CRAB-SPSA,400,0.18508684635162354,0.8149131536483765,,,
S,CRAB-SPSA,425,0.18508684635162354,0.8149131536483765,,,
S,CRAB-SPSA,450,0.18508684635162354,0.8149131536483765,,,
S,CRAB-SPSA,475,0.18508684635162354,0.8149131536483765,,,
S,CRAB-SPSA,500,0.18508684635162354,0.8149131536483765,,,
S,CRAB-SPSA,525,0.18508684635162354,0.8149131536483765,,,
S,CRAB-SPSA,550,0.18508684635162354,0.8149131536483765,,,
S,CRAB-SPSA,575,0.18508684635162354,0.8149131536483765,,,
S,CRAB-SPSA,600,0.18508684635162354,0.8149131536483765,,,
S,CRAB-SPSA,625,0.18508684635162354,0.8149131536483765,,,
S,CRAB-SPSA,650,0.18508684635162354,0.8149131536483765,,,
S,CRAB-SPSA,675,0.18508684635162354,0.8149131536483765,,,
S,CRAB-SPSA,700,0.18508684635162354,0.8149131536483765,,,
S,CRAB-SPSA,725,0.18508684635162354,0.8149131536483765,,,
S,CRAB-SPSA,750,0.18508684635162354,0.8149131536483765,,,
S,CRAB-SPSA,775,0.18508684635162354,0.8149131536483765,,,
S,CRAB-SPSA,800,0.18508684635162354,0.8149131536483765,,,
S,CRAB-SPSA,825,0.18508684635162354,0.8149131536483765,,,
S,CRAB-SPSA,850,0.18508684635162354,0.8149131536483765,,,
S,CRAB-SPSA,875,0.18508684635162354,0.8149131536483765,,,
S,CRAB-SPSA,900,0.18508684635162354,0.8149131536483765,,,
S,CRAB-SPSA,925,0.18508684635162354,0.8149131536483765,,,
S,CRAB-SPSA,950,0.18508684635162354,0.8149131536483765,,,
S,CRAB-SPSA,975,0.18508684635162354,0.8149131536483765,,,
S,CRAB-SPSA,1000,0.18508684635162354,0.8149131536483765,,,
S,CRAB-SPSA,1025,0.18508684635162354,0.8149131536483765,,,
S,CRAB-SPSA,1050,0.18508684635162354,0.8149131536483765,,,
S,CRAB-SPSA,1075,0.18508684635162354,0.8149131536483765,,,
S,CRAB-SPSA,1100,0.18508684635162354,0.8149131536483765,,,
S,CRAB-SPSA,1125,0.18508684635162354,0.8149131536483765,,,
S,CRAB-SPSA,1150,0.18508684635162354,0.8149131536483765,,,
S,CRAB-SPSA,1175,0.18508684635162354,0.8149131536483765,,,
S,CRAB-SPSA,1200,0.18508684635162354,0.8149131536483765,,,
S,CRAB-SPSA,1225,0.18508684635162354,0.8149131536483765,,,
S,CRAB-SPSA,1250,0.18508684635162354,0.8149131536483765,,,
S,CRAB-SPSA,1275,0.18508684635162354,0.8149131536483765,,,
S,CRAB-SPSA,1300,0.18508684635162354,0.8149131536483765,,,
S,CRAB-SPSA,1325,0.18508684635162354,0.8149131536483765,,,
S,CRAB-SPSA,1350,0.18508684635162354,0.8149131536483765,,,
S,CRAB-SPSA,1375,0.18508684635162354,0.8149131536483765,,,
S,CRAB-SPSA,1400,0.18508684635162354,0.8149131536483765,,,
S,CRAB-SPSA,1425,0.18508684635162354,0.8149131536483765,,,
S,CRAB-SPSA,1450,0.18508684635162354,0.8149131536483765,,,
S,CRAB-SPSA,1475,0.18508684635162354,0.8149131536483765,,,
S,CRAB-SPSA,1500,0.18508684635162354,0.8149131536483765,,,
T,GRAPE,1,0.0055749136954545975,0.9944251179695129,0.0007999995311938873,,
T,GRAPE,25,0.9227383136749268,0.0772617757320404,0.0007997070337714746,,
T,GRAPE,50,0.9757561683654785,0.024243919178843498,0.0007988285868185884,,
T,GRAPE,75,0.9830377697944641,0.016962317749857903,0.0007973660136428716,,
T,GRAPE,100,0.9871926307678223,0.012807456776499748,0.000795321569426152,,
T,GRAPE,125,0.9915934801101685,0.008406607434153557,0.0007926984065532274,,
T,GRAPE,150,0.9888847470283508,0.011115340515971184,0.000789500569751117,,
T,GRAPE,175,0.9906271696090698,0.00937291793525219,0.0007857329898523859,,
T,GRAPE,200,0.9921108484268188,0.007889239117503166,0.0007814014761921583,,
T,GRAPE,225,0.9908203482627869,0.009179739281535149,0.0007765127076505443,,
T,GRAPE,250,0.9924606680870056,0.007539419457316399,0.0007710742223542895,,
T,GRAPE,275,0.9923282861709595,0.007671801373362541,0.0007650944060535315,,
T,GRAPE,300,0.9935535788536072,0.006446508690714836,0.0007585824791915802,,
T,GRAPE,325,0.9926708936691284,0.007329193875193596,0.0007515484826876632,,
T,GRAPE,350,0.9940236806869507,0.00597640685737133,0.0007440032624545552,,
T,GRAPE,375,0.9929178357124329,0.0070822518318891525,0.0007359584526749675,,
T,GRAPE,400,0.9940667152404785,0.005933372303843498,0.0007274264578624801,,
T,GRAPE,425,0.9938182234764099,0.0061818636022508144,0.000718420433734683,,
T,GRAPE,450,0.9948934316635132,0.005106655415147543,0.0007089542669280117,,
T,GRAPE,475,0.9936774969100952,0.006322590168565512,0.0006990425535855607,,
T,GRAPE,500,0.9947969913482666,0.005203095730394125,0.000688700576850888,,
T,GRAPE,525,0.9944308996200562,0.005569187458604574,0.000677944283302518,,
T,GRAPE,550,0.9953237771987915,0.004676309879869223,0.00066679025836547,,
T,GRAPE,575,0.9947584867477417,0.005241600330919027,0.000655255700737737,,
T,GRAPE,600,0.9957929849624634,0.004207102116197348,0.00064335839587114,,
T,GRAPE,625,0.9946907162666321,0.0053093708120286465,0.0006311166885474491,,
T,GRAPE,650,0.9954511523246765,0.004548934753984213,0.0006185494545920606,,
T,GRAPE,675,0.9960309267044067,0.003969160374253988,0.0006056760717688429,,
T,GRAPE,700,0.9968922734260559,0.0031078136526048183,0.0005925163899010278,,
T,GRAPE,725,0.9948146939277649,0.005185393150895834,0.0005790907002642228,,
T,GRAPE,750,0.9956823587417603,0.004317728336900473,0.0005654197042987343,,
T,GRAPE,775,0.9966632723808289,0.003336814697831869,0.0005515244816894474,,
T,GRAPE,800,0.9968684315681458,0.0031316555105149746,0.0005374264578624799,,
T,GRAPE,825,0.9964330792427063,0.0035670078359544277,0.0005231473709487284,,
T,GRAPE,850,0.996924877166748,0.0030752099119126797,0.0005087092382652451,,
T,GRAPE,875,0.9967256188392639,0.0032744682393968105,0.0004941343223661304,,
T,GRAPE,900,0.9969086647033691,0.003091422375291586,0.00047944509671528975,,
T,GRAPE,925,0.998456597328186,0.0015434896340593696,0.00046466421103398016,,
T,GRAPE,950,0.9951395392417908,0.004860547836869955,0.0004498144563765829,,
T,GRAPE,975,0.9956573843955994,0.004342702683061361,0.00043491872998844796,,
T,GRAPE,1000,0.9956585764884949,0.0043415105901658535,0.00042000000000000175,,
T,GRAPE,1025,0.9968811869621277,0.0031188998837023973,0.00040508127001155555,,
T,GRAPE,1050,0.9963235259056091,0.003676560940220952,0.0003901855436234205,,
T,GRAPE,1075,0.9972183704376221,0.0027817164082080126,0.00037533578896602334,,
T,GRAPE,1100,0.9973743557929993,0.0026257310528308153,0.00036055490328471386,,
T,GRAPE,1125,0.9979479312896729,0.0020521555561572313,0.0003458656776338729,,
T,GRAPE,1150,0.997658908367157,0.0023411784786731005,0.0003312907617347575,,
T,GRAPE,1175,0.9981628656387329,0.0018372212070971727,0.00031685262905127316,,
T,GRAPE,1200,0.9981738328933716,0.0018262539524585009,0.0003025735421375214,,
T,GRAPE,1225,0.998535692691803,0.0014643941540271044,0.00028847551831055404,,
T,GRAPE,1250,0.9990365505218506,0.000963536323979497,0.00027458029570126747,,
T,GRAPE,1275,0.9994636178016663,0.0005364690441638231,0.0002609092997357791,,
T,GRAPE,1300,0.9994781613349915,0.0005219255108386278,0.0002474836100989745,,
T,GRAPE,1325,0.9994911551475525,0.0005089316982775927,0.0002343239282311593,,
T,Robust GRAPE,1,0.011214109137654305,3.4728219509124756,0.0005999997094176884,0.012845232151448727,0.9979207515716553
T,Robust GRAPE,25,0.889811635017395,0.49296578764915466,0.0005998184053122424,0.864931046962738,0.16513872146606445
T,Robust GRAPE,50,0.9589308500289917,0.18832527101039886,0.0005992738526639225,0.9487330317497253,0.06399253010749817
T,Robust GRAPE,75,0.9670299291610718,0.14319545030593872,0.0005983670360049908,0.9612792134284973,0.04766950011253357
T,Robust GRAPE,100,0.9756959676742554,0.10837064683437347,0.0005970991109360656,0.9707602858543396,0.03655102849006653
T,Robust GRAPE,125,0.9843809008598328,0.07205798476934433,0.000595471693235793,0.9804011583328247,0.02455979585647583
T,Robust GRAPE,150,0.9883840680122375,0.05628815293312073,0.0005934868568017803,0.9846170544624329,0.019526004791259766
T,Robust GRAPE,175,0.991040825843811,0.044139109551906586,0.0005911471310077294,0.9879294633865356,0.015406012535095215
T,Robust GRAPE,200,0.9902777671813965,0.04405111074447632,0.0005884554974801316,0.9877483248710632,0.014717936515808105
T,Robust GRAPE,225,0.9893689751625061,0.04664484038949013,0.0005854153862986362,0.9868098497390747,0.015215545892715454
T,Robust GRAPE,250,0.9921004176139832,0.04111091420054436,0.000582030671624932,0.9890667200088501,0.014851748943328857
T,Robust GRAPE,275,0.9916355013847351,0.041653845459222794,0.0005783056667657171,0.9886248707771301,0.01460924744606018
T,Robust GRAPE,300,0.9936657547950745,0.03456546738743782,0.000574245118676038,0.9906255602836609,0.012570977210998535
T,Robust GRAPE,325,0.9932395219802856,0.034310679882764816,0.0005698542019100181,0.9905391931533813,0.012059330940246582
T,Robust GRAPE,350,0.995018720626831,0.027045685797929764,0.0005651385120266685,0.9926810264587402,0.009830057621002197
T,Robust GRAPE,375,0.9938714504241943,0.03161497041583061,0.0005601040584591952,0.9915108680725098,0.011331319808959961
T,Robust GRAPE,400,0.993626058101654,0.031071363016963005,0.0005547572568568876,0.9913823008537292,0.010719627141952515
T,Robust GRAPE,425,0.992030680179596,0.0363328792154789,0.0005491049209093409,0.9898452758789062,0.012139052152633667
T,Robust GRAPE,450,0.994421660900116,0.027808530256152153,0.0005431542536634437,0.9923678636550903,0.009731829166412354
T,Robust GRAPE,475,0.9940120577812195,0.03010575659573078,0.0005369128383441814,0.9915939569473267,0.010474234819412231
T,Robust GRAPE,500,0.9954742193222046,0.025768674910068512,0.0005303886286909646,0.9931621551513672,0.00960308313369751
T,Robust GRAPE,525,0.9960510730743408,0.023031480610370636,0.0005235899388217924,0.9938282370567322,0.008606970310211182
T,Robust GRAPE,550,0.992932915687561,0.034838367253541946,0.0005165254326381668,0.9903818368911743,0.012101829051971436
T,Robust GRAPE,575,0.9961130023002625,0.023052463307976723,0.0005092041127842604,0.9938640594482422,0.008686155080795288
T,Robust GRAPE,600,0.994995653629303,0.025413203984498978,0.0005016353091744084,0.9931535124778748,0.009041309356689453
T,Robust GRAPE,625,0.9946735501289368,0.027129685506224632,0.0004938286671035459,0.9926720857620239,0.009649991989135742
T,Robust GRAPE,650,0.9959628582000732,0.022913064807653427,0.00048579413495573756,0.9938456416130066,0.008480817079544067
T,Robust GRAPE,675,0.9951574206352234,0.02423112653195858,0.0004775419515264692,0.993307888507843,0.008464008569717407
T,Robust GRAPE,700,0.9966868162155151,0.019423246383666992,0.0004690826329748505,0.9947124719619751,0.007214725017547607
T,Robust GRAPE,725,0.996059000492096,0.022345341742038727,0.0004604269594223624,0.9940288662910461,0.008288592100143433
T,Robust GRAPE,750,0.9964653253555298,0.020589547231793404,0.000451585961215223,0.9944931864738464,0.007698476314544678
T,Robust GRAPE,775,0.9959331750869751,0.021924158558249474,0.00044257090486788037,0.9942455291748047,0.008068352937698364
T,Robust GRAPE,800,0.9970393776893616,0.01822490058839321,0.0004333932787055453,0.9951211214065552,0.006923317909240723
T,Robust GRAPE,825,0.9970836639404297,0.01814696192741394,0.0004240647782240588,0.9951543807983398,0.006923079490661621
T,Robust GRAPE,850,0.9977939128875732,0.016203241422772408,0.00041459729118575135,0.9957605600357056,0.0065048933029174805
T,Robust GRAPE,875,0.9953362345695496,0.023413773626089096,0.00040500288247029097,0.9933806657791138,0.008086830377578735
T,Robust GRAPE,900,0.9971148371696472,0.016967713832855225,0.000395293778699817,0.9953036308288574,0.006257236003875732
T,Robust GRAPE,925,0.9929652214050293,0.03231997787952423,0.0003854823526579618,0.9912330508232117,0.011011987924575806
T,Robust GRAPE,950,0.9961594343185425,0.020025383681058884,0.00037558110752260914,0.9946703314781189,0.0072365403175354
T,Robust GRAPE,975,0.9975829720497131,0.015554085373878479,0.0003656026609324877,0.9957418441772461,0.005919009447097778
T,Robust GRAPE,1000,0.9959280490875244,0.02034187875688076,0.0003555597289078979,0.9944230914115906,0.007128477096557617
T,Robust GRAPE,1025,0.9968644976615906,0.018796643242239952,0.0003454651096460691,0.9948967099189758,0.007038325071334839
T,Robust GRAPE,1050,0.997392475605011,0.01675586961209774,0.0003353316672117932,0.9954469799995422,0.006396681070327759
T,Robust GRAPE,1075,0.9968312978744507,0.01714565046131611,0.00032517231514412183,0.9952402114868164,0.006144523620605469
T,Robust GRAPE,1100,0.9972072243690491,0.01586495339870453,0.00031500000000001264,0.9956161379814148,0.005791991949081421
T,Robust GRAPE,1125,0.9974255561828613,0.016403645277023315,0.00030482768485590346,0.9955393075942993,0.006245434284210205
T,Robust GRAPE,1150,0.9976754784584045,0.015384426340460777,0.00029466833278823197,0.9958246350288391,0.005922824144363403
T,Robust GRAPE,1175,0.9974048137664795,0.015137335285544395,0.00028453489035395595,0.9958111047744751,0.005568593740463257
T,Robust GRAPE,1200,0.9976758360862732,0.014244362711906433,0.00027444027109212697,0.9960671663284302,0.005324691534042358
T,Robust GRAPE,1225,0.9977532029151917,0.014924149960279465,0.0002643973390675363,0.995954155921936,0.005754053592681885
T,Robust GRAPE,1250,0.9979615807533264,0.01407851092517376,0.00025441889247741393,0.9961884617805481,0.005485445261001587
T,Robust GRAPE,1275,0.9977791905403137,0.013832618482410908,0.00024451764734206047,0.996175229549408,0.005191117525100708
T,Robust GRAPE,1300,0.9979560375213623,0.01320696622133255,0.0002347062213002039,0.9963571429252625,0.005013257265090942
T,Robust GRAPE,1325,0.9980635643005371,0.013501719571650028,0.00022499711752972876,0.9963456392288208,0.005273699760437012
T,Robust GRAPE,1350,0.9982269406318665,0.012862605974078178,0.00021540270881426725,0.9965205192565918,0.00507315993309021
T,Robust GRAPE,1375,0.9980343580245972,0.012856461107730865,0.00020593522177595922,0.9964505434036255,0.004893988370895386
T,Robust GRAPE,1400,0.9981662034988403,0.012354401871562004,0.0001966067212944717,0.9965968132019043,0.00474470853805542
T,Robust GRAPE,1425,0.9983086585998535,0.012412009760737419,0.00018742909513213565,0.9966408014297485,0.004907369613647461
T,Robust GRAPE,1450,0.998420000076294,0.011972595937550068,0.00017841403878479206,0.9967605471611023,0.004768580198287964
T,Robust GRAPE,1475,0.998256266117096,0.01192489080131054,0.0001695730405776513,0.9967118501663208,0.0045951008796691895
T,Robust GRAPE,1500,0.9983537793159485,0.011554611846804619,0.0001609173670251618,0.9968183636665344,0.004484325647354126
T,Robust GRAPE,1525,0.998498260974884,0.011562077328562737,0.00015245804847354195,0.9968706369400024,0.0046204328536987305
T,Robust GRAPE,1550,0.9985743165016174,0.011240033432841301,0.00014420586504427228,0.9969572424888611,0.004514157772064209
T,Robust GRAPE,1575,0.9984301328659058,0.011162216775119305,0.0001361713328964629,0.9969230890274048,0.0043434202671051025
T,Robust GRAPE,1600,0.9985015988349915,0.010893196798861027,0.0001283646908255991,0.9970003366470337,0.004263192415237427
T,Robust GRAPE,1625,0.9986352920532227,0.01085874903947115,0.0001207958872157459,0.9970604181289673,0.004369378089904785
T,Robust GRAPE,1650,0.998683512210846,0.010620519518852234,0.00011347456736183846,0.9971216320991516,0.004283547401428223
T,Robust GRAPE,1675,0.9985645413398743,0.0105523020029068,0.00010641006117821234,0.9970917701721191,0.00413888692855835
T,Robust GRAPE,1700,0.9986186027526855,0.010345649905502796,9.961137130904015e-05,0.9971519708633423,0.004077225923538208
T,Robust GRAPE,1725,0.9987708330154419,0.010050949640572071,9.308716165582323e-05,0.9972643256187439,0.004057168960571289
T,Robust GRAPE,1750,0.9987819194793701,0.009907487779855728,8.684574633656034e-05,0.9972943663597107,0.003988921642303467
T,Robust GRAPE,1775,0.9987888336181641,0.009818876162171364,8.089507909066261e-05,0.9973163604736328,0.003949195146560669
T,Robust GRAPE,1800,0.99880051612854,0.009735852479934692,7.524274314311579e-05,0.9973360300064087,0.003914684057235718
T,Robust GRAPE,1825,0.9988082647323608,0.009665627032518387,6.989594154080749e-05,0.9973556399345398,0.0038861334323883057
T,Robust GRAPE,1850,0.9988168478012085,0.009600121527910233,6.486148797333406e-05,0.9973720908164978,0.0038590729236602783
T,Robust GRAPE,1875,0.9988278150558472,0.009533978067338467,6.0145798089983905e-05,0.9973888397216797,0.0038335025310516357
T,Robust GRAPE,1900,0.9988354444503784,0.00947632547467947,5.575488132396362e-05,0.9974042177200317,0.003810405731201172
T,Robust GRAPE,1925,0.9988404512405396,0.009424430318176746,5.169433323428443e-05,0.9974172711372375,0.0037878453731536865
T,Robust GRAPE,1950,0.9988478422164917,0.009372574277222157,4.796932837506882e-05,0.9974302649497986,0.003766864538192749
T,Robust GRAPE,1975,0.9988552331924438,0.009326145052909851,4.458461370136463e-05,0.9974424242973328,0.003748953342437744
T,Robust GRAPE,2000,0.9988625645637512,0.009279233403503895,4.154450251986887e-05,0.997454822063446,0.003730863332748413
T,Robust GRAPE,2025,0.9988673329353333,0.009237680584192276,3.885286899227088e-05,0.9974651336669922,0.003713250160217285
T,Robust GRAPE,2050,0.9988723397254944,0.009199315682053566,3.6513143198219925e-05,0.9974748492240906,0.0036974847316741943
T,Robust GRAPE,2075,0.9988740086555481,0.009164747782051563,3.4528306764207154e-05,0.9974846243858337,0.0036820173263549805
T,Robust GRAPE,2100,0.9988813996315002,0.009128142148256302,3.290088906393433e-05,0.9974924325942993,0.00366780161857605
T,Robust GRAPE,2125,0.9988837838172913,0.009097498841583729,3.163296399500936e-05,0.9975018501281738,0.0036552250385284424
T,Robust GRAPE,2150,0.9988885521888733,0.009059727191925049,3.072614733607778e-05,0.9975107312202454,0.003639131784439087
T,Robust GRAPE,2175,0.9988923668861389,0.009029347449541092,3.018159468775736e-05,0.9975189566612244,0.0036268532276153564
T,Robust GRAPE,2200,0.9988976120948792,0.008993932977318764,2.9999999999999997e-05,0.9975273013114929,0.003612339496612549
T,NN-seeded GRAPE,1,0.9938878417015076,0.006112172733992338,0.00019999706997625503,,
T,NN-seeded GRAPE,20,0.9942702054977417,0.005729808937758207,0.000198830392356538,,
T,NN-seeded GRAPE,40,0.9979413747787476,0.0020586394239217043,0.0001953503690480395,,
T,NN-seeded GRAPE,60,0.9984005093574524,0.0015995049616321921,0.0001896456197978949,,
T,NN-seeded GRAPE,80,0.998554527759552,0.0014454865595325828,0.00018185661446561998,,
T,NN-seeded GRAPE,100,0.9987120032310486,0.001288010971620679,0.000172175144212722,,
T,NN-seeded GRAPE,120,0.9987897872924805,0.0012102269101887941,0.00016083959896778487,,
T,NN-seeded GRAPE,140,0.9988561272621155,0.0011438869405537844,0.00014812909747525683,,
T,NN-seeded GRAPE,160,0.9989109635353088,0.001089050667360425,0.0001343566144656199,,
T,NN-seeded GRAPE,180,0.9989593625068665,0.0010406516958028078,0.00011986127417882194,,
T,NN-seeded GRAPE,200,0.9990015029907227,0.0009985112119466066,0.00010500000000000002,,
T,NN-seeded GRAPE,220,0.9990355968475342,0.0009644172969274223,9.013872582117809e-05,,
T,NN-seeded GRAPE,240,0.9990625381469727,0.0009374759974889457,7.564338553438001e-05,,
T,NN-seeded GRAPE,260,0.9990903735160828,0.0009096406283788383,6.187090252474307e-05,,
T,NN-seeded GRAPE,280,0.9991093277931213,0.0008906863513402641,4.9160401032215056e-05,,
T,NN-seeded GRAPE,300,0.9991247057914734,0.0008753083529882133,3.7824855787278006e-05,,
T,NN-seeded GRAPE,320,0.9991375803947449,0.0008624337497167289,2.8143385534380033e-05,,
T,NN-seeded GRAPE,340,0.9991478323936462,0.0008521817508153617,2.0354380202105085e-05,,
T,NN-seeded GRAPE,360,0.9991528391838074,0.0008471749606542289,1.4649630951960429e-05,,
T,NN-seeded GRAPE,380,0.9991582036018372,0.0008418105426244438,1.1169607643461929e-05,,
T,NN-seeded GRAPE,400,0.9991618990898132,0.0008381150546483696,1e-05,,
T,CRAB-SPSA,1,0.21786904335021973,0.7821309566497803,,,
T,CRAB-SPSA,25,0.21786904335021973,0.7821309566497803,,,
T,CRAB-SPSA,50,0.21786904335021973,0.7821309566497803,,,
T,CRAB-SPSA,75,0.21786904335021973,0.7821309566497803,,,
T,CRAB-SPSA,100,0.21786904335021973,0.7821309566497803,,,
T,CRAB-SPSA,125,0.21786904335021973,0.7821309566497803,,,
T,CRAB-SPSA,150,0.21786904335021973,0.7821309566497803,,,
T,CRAB-SPSA,175,0.21786904335021973,0.7821309566497803,,,
T,CRAB-SPSA,200,0.21786904335021973,0.7821309566497803,,,
T,CRAB-SPSA,225,0.21786904335021973,0.7821309566497803,,,
T,CRAB-SPSA,250,0.21786904335021973,0.7821309566497803,,,
T,CRAB-SPSA,275,0.21786904335021973,0.7821309566497803,,,
T,CRAB-SPSA,300,0.21786904335021973,0.7821309566497803,,,
T,CRAB-SPSA,325,0.21786904335021973,0.7821309566497803,,,
T,CRAB-SPSA,350,0.21786904335021973,0.7821309566497803,,,
T,CRAB-SPSA,375,0.21786904335021973,0.7821309566497803,,,
T,CRAB-SPSA,400,0.21786904335021973,0.7821309566497803,,,
T,CRAB-SPSA,425,0.21786904335021973,0.7821309566497803,,,
T,CRAB-SPSA,450,0.21786904335021973,0.7821309566497803,,,
T,CRAB-SPSA,475,0.21786904335021973,0.7821309566497803,,,
T,CRAB-SPSA,500,0.21786904335021973,0.7821309566497803,,,
T,CRAB-SPSA,525,0.21786904335021973,0.7821309566497803,,,
T,CRAB-SPSA,550,0.21786904335021973,0.7821309566497803,,,
T,CRAB-SPSA,575,0.21786904335021973,0.7821309566497803,,,
T,CRAB-SPSA,600,0.21786904335021973,0.7821309566497803,,,
T,CRAB-SPSA,625,0.21786904335021973,0.7821309566497803,,,
T,CRAB-SPSA,650,0.21786904335021973,0.7821309566497803,,,
T,CRAB-SPSA,675,0.21786904335021973,0.7821309566497803,,,
T,CRAB-SPSA,700,0.21786904335021973,0.7821309566497803,,,
T,CRAB-SPSA,725,0.21786904335021973,0.7821309566497803,,,
T,CRAB-SPSA,750,0.21786904335021973,0.7821309566497803,,,
T,CRAB-SPSA,775,0.21786904335021973,0.7821309566497803,,,
T,CRAB-SPSA,800,0.21786904335021973,0.7821309566497803,,,
T,CRAB-SPSA,825,0.21786904335021973,0.7821309566497803,,,
T,CRAB-SPSA,850,0.21786904335021973,0.7821309566497803,,,
T,CRAB-SPSA,875,0.21786904335021973,0.7821309566497803,,,
T,CRAB-SPSA,900,0.21786904335021973,0.7821309566497803,,,
T,CRAB-SPSA,925,0.21786904335021973,0.7821309566497803,,,
T,CRAB-SPSA,950,0.21786904335021973,0.7821309566497803,,,
T,CRAB-SPSA,975,0.21786904335021973,0.7821309566497803,,,
T,CRAB-SPSA,1000,0.21786904335021973,0.7821309566497803,,,
T,CRAB-SPSA,1025,0.21786904335021973,0.7821309566497803,,,
T,CRAB-SPSA,1050,0.21786904335021973,0.7821309566497803,,,
T,CRAB-SPSA,1075,0.21786904335021973,0.7821309566497803,,,
T,CRAB-SPSA,1100,0.21786904335021973,0.7821309566497803,,,
T,CRAB-SPSA,1125,0.21786904335021973,0.7821309566497803,,,
T,CRAB-SPSA,1150,0.21786904335021973,0.7821309566497803,,,
T,CRAB-SPSA,1175,0.21786904335021973,0.7821309566497803,,,
T,CRAB-SPSA,1200,0.21786904335021973,0.7821309566497803,,,
T,CRAB-SPSA,1225,0.21786904335021973,0.7821309566497803,,,
T,CRAB-SPSA,1250,0.21786904335021973,0.7821309566497803,,,
T,CRAB-SPSA,1275,0.21786904335021973,0.7821309566497803,,,
T,CRAB-SPSA,1300,0.21786904335021973,0.7821309566497803,,,
T,CRAB-SPSA,1325,0.21786904335021973,0.7821309566497803,,,
T,CRAB-SPSA,1350,0.21786904335021973,0.7821309566497803,,,
T,CRAB-SPSA,1375,0.21786904335021973,0.7821309566497803,,,
T,CRAB-SPSA,1400,0.21786904335021973,0.7821309566497803,,,
T,CRAB-SPSA,1425,0.21786904335021973,0.7821309566497803,,,
T,CRAB-SPSA,1450,0.21786904335021973,0.7821309566497803,,,
T,CRAB-SPSA,1475,0.21786904335021973,0.7821309566497803,,,
T,CRAB-SPSA,1500,0.21786904335021973,0.7821309566497803,,,
sqrtX,GRAPE,1,0.024273207411170006,0.9757269024848938,0.0007999995311938873,,
sqrtX,GRAPE,25,0.9534497857093811,0.04655030742287636,0.0007997070337714746,,
sqrtX,GRAPE,50,0.9784671068191528,0.02153298445045948,0.0007988285868185884,,
sqrtX,GRAPE,75,0.9906052350997925,0.009394857101142406,0.0007973660136428716,,
sqrtX,GRAPE,100,0.9925886988639832,0.007411392871290445,0.000795321569426152,,
sqrtX,GRAPE,125,0.984950602054596,0.015049489215016365,0.0007926984065532274,,
sqrtX,GRAPE,150,0.9885817766189575,0.011418314650654793,0.000789500569751117,,
sqrtX,GRAPE,175,0.9909518361091614,0.009048255160450935,0.0007857329898523859,,
sqrtX,GRAPE,200,0.9925984740257263,0.007401617243885994,0.0007814014761921583,,
sqrtX,GRAPE,225,0.992296576499939,0.0077035147696733475,0.0007765127076505443,,
sqrtX,GRAPE,250,0.9939243197441101,0.006075771525502205,0.0007710742223542895,,
sqrtX,GRAPE,275,0.9931579232215881,0.0068421680480241776,0.0007650944060535315,,
sqrtX,GRAPE,300,0.9943971633911133,0.005602927878499031,0.0007585824791915802,,
sqrtX,GRAPE,325,0.9938996434211731,0.006100447848439217,0.0007515484826876632,,
sqrtX,GRAPE,350,0.9950190782546997,0.004981013014912605,0.0007440032624545552,,
sqrtX,GRAPE,375,0.9941743016242981,0.005825789645314217,0.0007359584526749675,,
sqrtX,GRAPE,400,0.9952695369720459,0.004730554297566414,0.0007274264578624801,,
sqrtX,GRAPE,425,0.9946651458740234,0.005334945395588875,0.000718420433734683,,
sqrtX,GRAPE,450,0.995668351650238,0.004331739619374275,0.0007089542669280117,,
sqrtX,GRAPE,475,0.9949094653129578,0.005090625956654549,0.0006990425535855607,,
sqrtX,GRAPE,500,0.9957374334335327,0.0042626578360795975,0.000688700576850888,,
sqrtX,GRAPE,525,0.9957142472267151,0.004285844042897224,0.000677944283302518,,
sqrtX,GRAPE,550,0.9966787099838257,0.0033213815186172724,0.00066679025836547,,
sqrtX,GRAPE,575,0.9981609582901001,0.0018391330959275365,0.000655255700737737,,
sqrtX,GRAPE,600,0.9764264225959778,0.02357366867363453,0.00064335839587114,,
sqrtX,GRAPE,625,0.9801126718521118,0.019887419417500496,0.0006311166885474491,,
sqrtX,GRAPE,650,0.9831030368804932,0.016897054389119148,0.0006185494545920606,,
sqrtX,GRAPE,675,0.9927778244018555,0.007222266867756844,0.0006056760717688429,,
sqrtX,GRAPE,700,0.9935078024864197,0.006492288783192635,0.0005925163899010278,,
sqrtX,GRAPE,725,0.9943386912345886,0.005661400035023689,0.0005790907002642228,,
sqrtX,GRAPE,750,0.9955822229385376,0.004417868331074715,0.0005654197042987343,,
sqrtX,GRAPE,775,0.9947447776794434,0.005255313590168953,0.0005515244816894474,,
sqrtX,GRAPE,800,0.9959069490432739,0.0040931422263383865,0.0005374264578624799,,
sqrtX,GRAPE,825,0.9960017800331116,0.00399831123650074,0.0005231473709487284,,
sqrtX,GRAPE,850,0.9969879388809204,0.003012152621522546,0.0005087092382652451,,
sqrtX,GRAPE,875,0.9959482550621033,0.004051836207509041,0.0004941343223661304,,
sqrtX,GRAPE,900,0.9967725276947021,0.0032275638077408075,0.00047944509671528975,,
sqrtX,GRAPE,925,0.9972626566886902,0.0027374348137527704,0.00046466421103398016,,
sqrtX,GRAPE,950,0.9979075193405151,0.0020925721619278193,0.0004498144563765829,,
sqrtX,GRAPE,975,0.9968941807746887,0.0031059107277542353,0.00043491872998844796,,
sqrtX,GRAPE,1000,0.9975929260253906,0.002407165477052331,0.00042000000000000175,,
sqrtX,GRAPE,1025,0.9978437423706055,0.0021563491318374872,0.00040508127001155555,,
sqrtX,GRAPE,1050,0.9982179999351501,0.0017820915672928095,0.0003901855436234205,,
sqrtX,GRAPE,1075,0.99800044298172,0.0019996485207229853,0.00037533578896602334,,
sqrtX,GRAPE,1100,0.9984220266342163,0.0015780648682266474,0.00036055490328471386,,
sqrtX,GRAPE,1125,0.9982972145080566,0.0017028769943863153,0.0003458656776338729,,
sqrtX,GRAPE,1150,0.9986484050750732,0.0013516864273697138,0.0003312907617347575,,
sqrtX,GRAPE,1175,0.998542845249176,0.0014572462532669306,0.00031685262905127316,,
sqrtX,Robust GRAPE,1,0.05752383917570114,3.332881450653076,0.0005999997094176884,0.052453018724918365,0.9619051218032837
sqrtX,Robust GRAPE,25,0.8394683599472046,0.6900950074195862,0.0005998184053122424,0.8128639459609985,0.22828462719917297
sqrtX,Robust GRAPE,50,0.9569573998451233,0.27813443541526794,0.0005992738526639225,0.9308223128318787,0.11060914397239685
sqrtX,Robust GRAPE,75,0.9763693809509277,0.1968756765127182,0.0005983670360049908,0.9522092938423157,0.08363592624664307
sqrtX,Robust GRAPE,100,0.9837047457695007,0.16120322048664093,0.0005970991109360656,0.961011528968811,0.07061269879341125
sqrtX,Robust GRAPE,125,0.9866088032722473,0.13347378373146057,0.000595471693235793,0.9683157205581665,0.058931976556777954
sqrtX,Robust GRAPE,150,0.9878347516059875,0.11692025512456894,0.0005934868568017803,0.9717974662780762,0.05103471875190735
sqrtX,Robust GRAPE,175,0.9890386462211609,0.10058574378490448,0.0005911471310077294,0.9758227467536926,0.043631136417388916
sqrtX,Robust GRAPE,200,0.9891864657402039,0.0912107601761818,0.0005884554974801316,0.9772363901138306,0.0384221076965332
sqrtX,Robust GRAPE,225,0.9908933043479919,0.07706419378519058,0.0005854153862986362,0.9806005358695984,0.032371729612350464
sqrtX,Robust GRAPE,250,0.989905834197998,0.07056441158056259,0.000582030671624932,0.9825653433799744,0.028690099716186523
sqrtX,Robust GRAPE,275,0.9909519553184509,0.06024567410349846,0.0005783056667657171,0.9848228693008423,0.024013370275497437
sqrtX,Robust GRAPE,300,0.9921872019767761,0.055191315710544586,0.000574245118676038,0.9852518439292908,0.02175334095954895
sqrtX,Robust GRAPE,325,0.9929448366165161,0.04879160597920418,0.0005698542019100181,0.9869335293769836,0.01911303400993347
sqrtX,Robust GRAPE,350,0.9922482371330261,0.0484921932220459,0.0005651385120266685,0.9864689707756042,0.01813933253288269
sqrtX,Robust GRAPE,375,0.9881539344787598,0.05693381279706955,0.0005601040584591952,0.9858705401420593,0.020638644695281982
sqrtX,Robust GRAPE,400,0.9888237118721008,0.051745302975177765,0.0005547572568568876,0.9872588515281677,0.01855158805847168
sqrtX,Robust GRAPE,425,0.9900473356246948,0.06106985732913017,0.0005491049209093409,0.9828366637229919,0.022635608911514282
sqrtX,Robust GRAPE,450,0.9910351634025574,0.04854733124375343,0.0005431542536634437,0.9871845245361328,0.017844349145889282
sqrtX,Robust GRAPE,475,0.9910783171653748,0.043075643479824066,0.0005369128383441814,0.9880838394165039,0.014824897050857544
sqrtX,Robust GRAPE,500,0.9937654733657837,0.03872355446219444,0.0005303886286909646,0.9895015954971313,0.014660120010375977
sqrtX,Robust GRAPE,525,0.9921903014183044,0.04400394484400749,0.0005235899388217924,0.9884036183357239,0.01639828085899353
sqrtX,Robust GRAPE,550,0.9918131828308105,0.04102048650383949,0.0005165254326381668,0.9898218512535095,0.015103369951248169
sqrtX,Robust GRAPE,575,0.9937247037887573,0.04139857366681099,0.0005092041127842604,0.9885835647583008,0.015804290771484375
sqrtX,Robust GRAPE,600,0.9932113885879517,0.03866241127252579,0.0005016353091744084,0.9890733957290649,0.013964533805847168
sqrtX,Robust GRAPE,625,0.9946805834770203,0.03203703090548515,0.0004938286671035459,0.9914941191673279,0.012140840291976929
sqrtX,Robust GRAPE,650,0.994359016418457,0.03277091681957245,0.00048579413495573756,0.9910016059875488,0.012087434530258179
sqrtX,Robust GRAPE,675,0.9920450448989868,0.036167748272418976,0.0004775419515264692,0.9897348284721375,0.011964797973632812
sqrtX,Robust GRAPE,700,0.9931938052177429,0.043959569185972214,0.0004690826329748505,0.9879917502403259,0.01676309108734131
sqrtX,Robust GRAPE,725,0.9958634376525879,0.030996449291706085,0.0004604269594223624,0.9915796518325806,0.012292742729187012
sqrtX,Robust GRAPE,750,0.9921874403953552,0.035207491368055344,0.000451585961215223,0.9913030862808228,0.012465059757232666
sqrtX,Robust GRAPE,775,0.9937969446182251,0.03270810469985008,0.00044257090486788037,0.990899384021759,0.011602640151977539
sqrtX,Robust GRAPE,800,0.9911614060401917,0.047516535967588425,0.0004333932787055453,0.9874898195266724,0.017444878816604614
sqrtX,Robust GRAPE,825,0.9946180582046509,0.02627285197377205,0.0004240647782240588,0.9929555058479309,0.00923067331314087
sqrtX,Robust GRAPE,850,0.996002733707428,0.027828827500343323,0.00041459729118575135,0.9922319650650024,0.010708719491958618
sqrtX,Robust GRAPE,875,0.996868908405304,0.025301296263933182,0.00040500288247029097,0.9930925369262695,0.010174930095672607
sqrtX,Robust GRAPE,900,0.9946625232696533,0.026133552193641663,0.000395293778699817,0.9934012293815613,0.00946459174156189
sqrtX,Robust GRAPE,925,0.9942737817764282,0.027333492413163185,0.0003854823526579618,0.993198573589325,0.009870290756225586
sqrtX,Robust GRAPE,950,0.9967347979545593,0.024613380432128906,0.00037558110752260914,0.9934148788452148,0.009841769933700562
sqrtX,Robust GRAPE,975,0.9961234927177429,0.02351287566125393,0.0003656026609324877,0.993421733379364,0.008705168962478638
sqrtX,Robust GRAPE,1000,0.9957820773124695,0.02340078540146351,0.0003555597289078979,0.9941390156745911,0.008880972862243652
sqrtX,Robust GRAPE,1025,0.9953188896179199,0.025345101952552795,0.0003454651096460691,0.99348384141922,0.009431600570678711
sqrtX,Robust GRAPE,1050,0.997047483921051,0.0233673844486475,0.0003353316672117932,0.9936189651489258,0.009355664253234863
sqrtX,Robust GRAPE,1075,0.9959952235221863,0.02229892648756504,0.00032517231514412183,0.9937974810600281,0.008060842752456665
sqrtX,Robust GRAPE,1100,0.9954981207847595,0.023221418261528015,0.00031500000000001264,0.9941628575325012,0.008587956428527832
sqrtX,Robust GRAPE,1125,0.9961709976196289,0.02172505296766758,0.00030482768485590346,0.9944888949394226,0.008256405591964722
sqrtX,Robust GRAPE,1150,0.9973668456077576,0.020140796899795532,0.00029466833278823197,0.9944187998771667,0.007950693368911743
sqrtX,Robust GRAPE,1175,0.9956645369529724,0.022228728979825974,0.00028453489035395595,0.9943128824234009,0.00813719630241394
sqrtX,Robust GRAPE,1200,0.9967596530914307,0.01991322822868824,0.00027444027109212697,0.994876503944397,0.007699310779571533
sqrtX,Robust GRAPE,1225,0.9968666434288025,0.02250482328236103,0.0002643973390675363,0.9938092231750488,0.008786827325820923
sqrtX,Robust GRAPE,1250,0.9972878098487854,0.01977204717695713,0.00025441889247741393,0.9945996403694153,0.007772713899612427
sqrtX,Robust GRAPE,1275,0.9961863160133362,0.020711760967969894,0.00024451764734206047,0.9947735071182251,0.0077807605266571045
sqrtX,Robust GRAPE,1300,0.9961531162261963,0.02116989530622959,0.0002347062213002039,0.9947136044502258,0.0080241858959198
sqrtX,Robust GRAPE,1325,0.9976041316986084,0.01845267042517662,0.00022499711752972876,0.9948803186416626,0.007291078567504883
sqrtX,Robust GRAPE,1350,0.9977233409881592,0.0187957976013422,0.00021540270881426725,0.9948713183403015,0.007593393325805664
sqrtX,Robust GRAPE,1375,0.9969374537467957,0.017938917502760887,0.00020593522177595922,0.9952895045280457,0.006776958703994751
sqrtX,Robust GRAPE,1400,0.9970453381538391,0.017985712736845016,0.0001966067212944717,0.9953133463859558,0.006895989179611206
sqrtX,Robust GRAPE,1425,0.9977022409439087,0.01907566376030445,0.00018742909513213565,0.9948282241821289,0.007737159729003906
sqrtX,Robust GRAPE,1450,0.9977629780769348,0.017773758620023727,0.00017841403878479206,0.995086133480072,0.0070815980434417725
sqrtX,Robust GRAPE,1475,0.9972299337387085,0.017156239598989487,0.0001695730405776513,0.9954943656921387,0.006586790084838867
sqrtX,Robust GRAPE,1500,0.997554361820221,0.01660260185599327,0.0001609173670251618,0.9956216812133789,0.0065187811851501465
sqrtX,Robust GRAPE,1525,0.9978856444358826,0.017391230911016464,0.00015245804847354195,0.9952360391616821,0.00700831413269043
sqrtX,Robust GRAPE,1550,0.9979609847068787,0.0167075302451849,0.00014420586504427228,0.9954172372817993,0.006723523139953613
sqrtX,Robust GRAPE,1575,0.996997594833374,0.017543619498610497,0.0001361713328964629,0.9952231645584106,0.006509274244308472
sqrtX,Robust GRAPE,1600,0.997616171836853,0.015885021537542343,0.0001283646908255991,0.995692253112793,0.006128668785095215
sqrtX,Robust GRAPE,1625,0.9978966116905212,0.015541202388703823,0.0001207958872157459,0.9956541061401367,0.006061047315597534
sqrtX,Robust GRAPE,1650,0.997894823551178,0.01701526530086994,0.00011347456736183846,0.9953840374946594,0.006862550973892212
sqrtX,Robust GRAPE,1675,0.9975681900978088,0.01777181215584278,0.00010641006117821234,0.9951664209365845,0.0070040225982666016
sqrtX,Robust GRAPE,1700,0.9973898530006409,0.01660536788403988,9.961137130904015e-05,0.9953939318656921,0.00625920295715332
sqrtX,Robust GRAPE,1725,0.9971963763237,0.01686273142695427,9.308716165582323e-05,0.9956241846084595,0.006455212831497192
sqrtX,Robust GRAPE,1750,0.9975122213363647,0.01674918457865715,8.684574633656034e-05,0.9956412315368652,0.006601482629776001
sqrtX,Robust GRAPE,1775,0.997744619846344,0.016010647639632225,8.089507909066261e-05,0.9956721663475037,0.0062846839427948
sqrtX,Robust GRAPE,1800,0.9979944825172424,0.015661906450986862,7.524274314311579e-05,0.995649516582489,0.006203681230545044
sqrtX,Robust GRAPE,1825,0.9979949593544006,0.01664254255592823,6.989594154080749e-05,0.9954436421394348,0.006720453500747681
sqrtX,Robust GRAPE,1850,0.9979566335678101,0.015588548965752125,6.486148797333406e-05,0.9957001805305481,0.006163299083709717
sqrtX,Robust GRAPE,1875,0.997678816318512,0.015634359791874886,6.0145798089983905e-05,0.9958705306053162,0.006122201681137085
sqrtX,Robust GRAPE,1900,0.9975346326828003,0.01609095185995102,5.575488132396362e-05,0.9958235621452332,0.006299197673797607
sqrtX,Robust GRAPE,1925,0.9978764653205872,0.015066239982843399,5.169433323428443e-05,0.9958915114402771,0.005889177322387695
sqrtX,Robust GRAPE,1950,0.9981043934822083,0.015617764554917812,4.796932837506882e-05,0.9957352876663208,0.006304711103439331
sqrtX,Robust GRAPE,1975,0.9980040192604065,0.015750858932733536,4.458461370136463e-05,0.9956808090209961,0.0062901973724365234
sqrtX,Robust GRAPE,2000,0.9980777502059937,0.014887061901390553,4.154450251986887e-05,0.9958660006523132,0.0058869123458862305
sqrtX,Robust GRAPE,2025,0.9978147745132446,0.015102735720574856,3.885286899227088e-05,0.9959571957588196,0.005916178226470947
sqrtX,Robust GRAPE,2050,0.9978527426719666,0.015100411139428616,3.6513143198219925e-05,0.9959678649902344,0.0059470534324646
sqrtX,Robust GRAPE,2075,0.9979677796363831,0.014592823572456837,3.4528306764207154e-05,0.995937168598175,0.0056648850440979
sqrtX,Robust GRAPE,2100,0.9979444742202759,0.0145723856985569,3.290088906393433e-05,0.9959841966629028,0.00566709041595459
sqrtX,Robust GRAPE,2125,0.9981295466423035,0.015005574561655521,3.163296399500936e-05,0.9958734512329102,0.006005465984344482
sqrtX,Robust GRAPE,2150,0.9979656338691711,0.014474819414317608,3.072614733607778e-05,0.9959995150566101,0.005626380443572998
sqrtX,Robust GRAPE,2175,0.9980621337890625,0.014393303543329239,3.018159468775736e-05,0.9959756731987,0.005620419979095459
sqrtX,Robust GRAPE,2200,0.9979889988899231,0.014516464434564114,2.9999999999999997e-05,0.9960262179374695,0.005687534809112549
sqrtX,NN-seeded GRAPE,1,0.991298496723175,0.008701516315340996,0.00019999706997625503,,
sqrtX,NN-seeded GRAPE,20,0.9962794780731201,0.0037205349653959274,0.000198830392356538,,
sqrtX,NN-seeded GRAPE,40,0.997128427028656,0.0028715860098600388,0.0001953503690480395,,
sqrtX,NN-seeded GRAPE,60,0.9975361227989197,0.002463890239596367,0.0001896456197978949,,
sqrtX,NN-seeded GRAPE,80,0.9977789521217346,0.0022210609167814255,0.00018185661446561998,,
sqrtX,NN-seeded GRAPE,100,0.9979913830757141,0.0020086299628019333,0.000172175144212722,,
sqrtX,NN-seeded GRAPE,120,0.998143196105957,0.0018568168161436915,0.00016083959896778487,,
sqrtX,NN-seeded GRAPE,140,0.9982677102088928,0.0017323027132079005,0.00014812909747525683,,
sqrtX,NN-seeded GRAPE,160,0.9983717799186707,0.0016282330034300685,0.0001343566144656199,,
sqrtX,NN-seeded GRAPE,180,0.9984571933746338,0.0015428195474669337,0.00011986127417882194,,
sqrtX,NN-seeded GRAPE,200,0.9985259175300598,0.0014740953920409083,0.00010500000000000002,,
sqrtX,NN-seeded GRAPE,220,0.9985827207565308,0.001417292165569961,9.013872582117809e-05,,
sqrtX,NN-seeded GRAPE,240,0.9986305236816406,0.0013694892404600978,7.564338553438001e-05,,
sqrtX,NN-seeded GRAPE,260,0.9986633658409119,0.0013366470811888576,6.187090252474307e-05,,
sqrtX,NN-seeded GRAPE,280,0.9986922144889832,0.0013077984331175685,4.9160401032215056e-05,,
sqrtX,NN-seeded GRAPE,300,0.9987120032310486,0.001288009574636817,3.7824855787278006e-05,,
sqrtX,NN-seeded GRAPE,320,0.9987298846244812,0.0012701281812041998,2.8143385534380033e-05,,
sqrtX,NN-seeded GRAPE,340,0.9987415671348572,0.0012584456708282232,2.0354380202105085e-05,,
sqrtX,NN-seeded GRAPE,360,0.9987503886222839,0.0012496241834014654,1.4649630951960429e-05,,
sqrtX,NN-seeded GRAPE,380,0.9987584352493286,0.0012415775563567877,1.1169607643461929e-05,,
sqrtX,NN-seeded GRAPE,400,0.9987622499465942,0.0012377628590911627,1e-05,,
sqrtX,CRAB-SPSA,1,0.028844058513641357,0.9711559414863586,,,
sqrtX,CRAB-SPSA,25,0.02569735050201416,0.9743026494979858,,,
sqrtX,CRAB-SPSA,50,0.0019481778144836426,0.9980518221855164,,,
sqrtX,CRAB-SPSA,75,0.0012596845626831055,0.9987403154373169,,,
sqrtX,CRAB-SPSA,100,0.002621471881866455,0.9973785281181335,,,
sqrtX,CRAB-SPSA,125,0.0011638402938842773,0.9988361597061157,,,
sqrtX,CRAB-SPSA,150,0.015256524085998535,0.9847434759140015,,,
sqrtX,CRAB-SPSA,175,0.01601994037628174,0.9839800596237183,,,
sqrtX,CRAB-SPSA,200,0.015990257263183594,0.9840097427368164,,,
sqrtX,CRAB-SPSA,225,0.0019955039024353027,0.9980044960975647,,,
sqrtX,CRAB-SPSA,250,0.025474190711975098,0.9745258092880249,,,
sqrtX,CRAB-SPSA,275,0.00015294551849365234,0.9998470544815063,,,
sqrtX,CRAB-SPSA,300,0.010451197624206543,0.9895488023757935,,,
sqrtX,CRAB-SPSA,325,0.00043827295303344727,0.9995617270469666,,,
sqrtX,CRAB-SPSA,350,0.030887305736541748,0.9691126942634583,,,
sqrtX,CRAB-SPSA,375,0.004507839679718018,0.995492160320282,,,
sqrtX,CRAB-SPSA,400,0.007263123989105225,0.9927368760108948,,,
sqrtX,CRAB-SPSA,425,0.006138741970062256,0.9938612580299377,,,
sqrtX,CRAB-SPSA,450,0.022172629833221436,0.9778273701667786,,,
sqrtX,CRAB-SPSA,475,0.0047269463539123535,0.9952730536460876,,,
sqrtX,CRAB-SPSA,500,0.016450881958007812,0.9835491180419922,,,
sqrtX,CRAB-SPSA,525,0.008197367191314697,0.9918026328086853,,,
sqrtX,CRAB-SPSA,550,0.0038802623748779297,0.9961197376251221,,,
sqrtX,CRAB-SPSA,575,0.0005562305450439453,0.999443769454956,,,
sqrtX,CRAB-SPSA,600,0.036305904388427734,0.9636940956115723,,,
sqrtX,CRAB-SPSA,625,0.0419657826423645,0.9580342173576355,,,
sqrtX,CRAB-SPSA,650,0.004805922508239746,0.9951940774917603,,,
sqrtX,CRAB-SPSA,675,0.009749293327331543,0.9902507066726685,,,
sqrtX,CRAB-SPSA,700,0.013227283954620361,0.9867727160453796,,,
sqrtX,CRAB-SPSA,725,0.0022804737091064453,0.9977195262908936,,,
sqrtX,CRAB-SPSA,750,0.0017589330673217773,0.9982410669326782,,,
sqrtX,CRAB-SPSA,775,0.00012940168380737305,0.9998705983161926,,,
sqrtX,CRAB-SPSA,800,0.013044536113739014,0.986955463886261,,,
sqrtX,CRAB-SPSA,825,0.04043024778366089,0.9595697522163391,,,
sqrtX,CRAB-SPSA,850,0.0064966678619384766,0.9935033321380615,,,
sqrtX,CRAB-SPSA,875,0.008942008018493652,0.9910579919815063,,,
sqrtX,CRAB-SPSA,900,0.012178182601928711,0.9878218173980713,,,
sqrtX,CRAB-SPSA,925,0.0217360258102417,0.9782639741897583,,,
sqrtX,CRAB-SPSA,950,0.043370723724365234,0.9566292762756348,,,
sqrtX,CRAB-SPSA,975,0.02117443084716797,0.978825569152832,,,
sqrtX,CRAB-SPSA,1000,0.03382354974746704,0.966176450252533,,,
sqrtX,CRAB-SPSA,1025,0.02345883846282959,0.9765411615371704,,,
sqrtX,CRAB-SPSA,1050,0.00436091423034668,0.9956390857696533,,,
sqrtX,CRAB-SPSA,1075,0.005921423435211182,0.9940785765647888,,,
sqrtX,CRAB-SPSA,1100,0.0009925365447998047,0.9990074634552002,,,
sqrtX,CRAB-SPSA,1125,0.003534078598022461,0.9964659214019775,,,
sqrtX,CRAB-SPSA,1150,0.0013858675956726074,0.9986141324043274,,,
sqrtX,CRAB-SPSA,1175,0.005165994167327881,0.9948340058326721,,,
sqrtX,CRAB-SPSA,1200,0.009447693824768066,0.9905523061752319,,,
sqrtX,CRAB-SPSA,1225,0.010617852210998535,0.9893821477890015,,,
sqrtX,CRAB-SPSA,1250,0.006527245044708252,0.9934727549552917,,,
sqrtX,CRAB-SPSA,1275,0.0010128021240234375,0.9989871978759766,,,
sqrtX,CRAB-SPSA,1300,0.004981398582458496,0.9950186014175415,,,
sqrtX,CRAB-SPSA,1325,0.006905317306518555,0.9930946826934814,,,
sqrtX,CRAB-SPSA,1350,0.019989609718322754,0.9800103902816772,,,
sqrtX,CRAB-SPSA,1375,0.015290260314941406,0.9847097396850586,,,
sqrtX,CRAB-SPSA,1400,0.001202404499053955,0.998797595500946,,,
sqrtX,CRAB-SPSA,1425,0.0006061196327209473,0.999393880367279,,,
sqrtX,CRAB-SPSA,1450,0.0043318867683410645,0.9956681132316589,,,
sqrtX,CRAB-SPSA,1475,0.007917821407318115,0.9920821785926819,,,
sqrtX,CRAB-SPSA,1500,0.014211595058441162,0.9857884049415588,,,
sqrtY,GRAPE,1,0.010035260580480099,0.9899647235870361,0.0007999995311938873,,
sqrtY,GRAPE,25,0.8885474801063538,0.11145254969596863,0.0007997070337714746,,
sqrtY,GRAPE,50,0.9711712002754211,0.028828827664256096,0.0007988285868185884,,
sqrtY,GRAPE,75,0.9834445118904114,0.01655551604926586,0.0007973660136428716,,
sqrtY,GRAPE,100,0.9848647117614746,0.015135315246880054,0.000795321569426152,,
sqrtY,GRAPE,125,0.9901443123817444,0.009855714626610279,0.0007926984065532274,,
sqrtY,GRAPE,150,0.992942214012146,0.007057812996208668,0.000789500569751117,,
sqrtY,GRAPE,175,0.9949343204498291,0.00506570702418685,0.0007857329898523859,,
sqrtY,GRAPE,200,0.9911925196647644,0.00880750734359026,0.0007814014761921583,,
sqrtY,GRAPE,225,0.9914424419403076,0.008557585068047047,0.0007765127076505443,,
sqrtY,GRAPE,250,0.9938409328460693,0.006159094627946615,0.0007710742223542895,,
sqrtY,GRAPE,275,0.9930605292320251,0.006939497776329517,0.0007650944060535315,,
sqrtY,GRAPE,300,0.994368851184845,0.005631175823509693,0.0007585824791915802,,
sqrtY,GRAPE,325,0.9940144419670105,0.005985585041344166,0.0007515484826876632,,
sqrtY,GRAPE,350,0.9950495362281799,0.004950490780174732,0.0007440032624545552,,
sqrtY,GRAPE,375,0.9668359160423279,0.03316411003470421,0.0007359584526749675,,
sqrtY,GRAPE,400,0.9866780638694763,0.013321963138878345,0.0007274264578624801,,
sqrtY,GRAPE,425,0.9953117370605469,0.004688289947807789,0.000718420433734683,,
sqrtY,GRAPE,450,0.9921654462814331,0.007834580726921558,0.0007089542669280117,,
sqrtY,GRAPE,475,0.990245521068573,0.009754505939781666,0.0006990425535855607,,
sqrtY,GRAPE,500,0.9911302924156189,0.008869734592735767,0.000688700576850888,,
sqrtY,GRAPE,525,0.9924813508987427,0.007518676109611988,0.000677944283302518,,
sqrtY,GRAPE,550,0.9930633902549744,0.006936636753380299,0.00066679025836547,,
sqrtY,GRAPE,575,0.9948592782020569,0.005140748806297779,0.000655255700737737,,
sqrtY,GRAPE,600,0.9945116639137268,0.005488363094627857,0.00064335839587114,,
sqrtY,GRAPE,625,0.9954872131347656,0.004512813873589039,0.0006311166885474491,,
sqrtY,GRAPE,650,0.9956675171852112,0.004332509823143482,0.0006185494545920606,,
sqrtY,GRAPE,675,0.996577799320221,0.0034222279209643602,0.0006056760717688429,,
sqrtY,GRAPE,700,0.9954816102981567,0.004518416710197926,0.0005925163899010278,,
sqrtY,GRAPE,725,0.9962875843048096,0.003712442936375737,0.0005790907002642228,,
sqrtY,GRAPE,750,0.9967345595359802,0.003265467705205083,0.0005654197042987343,,
sqrtY,GRAPE,775,0.9973472356796265,0.0026527915615588427,0.0005515244816894474,,
sqrtY,GRAPE,800,0.9964485764503479,0.003551450790837407,0.0005374264578624799,,
sqrtY,GRAPE,825,0.9971957802772522,0.0028042469639331102,0.0005231473709487284,,
sqrtY,GRAPE,850,0.9971274733543396,0.002872553886845708,0.0005087092382652451,,
sqrtY,GRAPE,875,0.9976301193237305,0.0023699079174548388,0.0004941343223661304,,
sqrtY,GRAPE,900,0.9973921179771423,0.00260790903121233,0.00047944509671528975,,
sqrtY,GRAPE,925,0.9978815913200378,0.002118435688316822,0.00046466421103398016,,
sqrtY,GRAPE,950,0.9977172613143921,0.002282765693962574,0.0004498144563765829,,
sqrtY,GRAPE,975,0.9981470108032227,0.0018530163215473294,0.00043491872998844796,,
sqrtY,GRAPE,1000,0.9982119202613831,0.001788106863386929,0.00042000000000000175,,
sqrtY,GRAPE,1025,0.9993199110031128,0.0006801161216571927,0.00040508127001155555,,
sqrtY,GRAPE,1050,0.9993282556533813,0.000671771471388638,0.0003901855436234205,,
sqrtY,GRAPE,1075,0.9993530511856079,0.0006469759391620755,0.00037533578896602334,,
sqrtY,GRAPE,1100,0.9993652105331421,0.0006348165916278958,0.00036055490328471386,,
sqrtY,GRAPE,1125,0.9993759393692017,0.0006240877555683255,0.0003458656776338729,,
sqrtY,GRAPE,1150,0.9993896484375,0.0006103786872699857,0.0003312907617347575,,
sqrtY,GRAPE,1175,0.9993990659713745,0.000600961153395474,0.00031685262905127316,,
sqrtY,GRAPE,1200,0.9994063973426819,0.0005936297820881009,0.0003025735421375214,,
sqrtY,GRAPE,1225,0.9994185566902161,0.0005814704345539212,0.00028847551831055404,,
sqrtY,GRAPE,1250,0.9994245171546936,0.0005755099700763822,0.00027458029570126747,,
sqrtY,GRAPE,1275,0.9994342923164368,0.0005657348083332181,0.0002609092997357791,,
sqrtY,GRAPE,1300,0.9994426369667053,0.0005573901580646634,0.0002474836100989745,,
sqrtY,GRAPE,1325,0.9994508624076843,0.0005491647170856595,0.0002343239282311593,,
sqrtY,GRAPE,1350,0.9994589686393738,0.0005410584853962064,0.00022145054540794148,,
sqrtY,GRAPE,1375,0.9994632601737976,0.0005367669509723783,0.0002088833114525531,,
sqrtY,GRAPE,1400,0.9994710087776184,0.0005290183471515775,0.000196641604128862,,
sqrtY,GRAPE,1425,0.9994773268699646,0.0005227002548053861,0.00018474429926226482,,
sqrtY,GRAPE,1450,0.9994832873344421,0.000516739790327847,0.00017320974163453172,,
sqrtY,GRAPE,1475,0.9994900822639465,0.0005099448608234525,0.0001620557166974835,,
sqrtY,GRAPE,1500,0.999494731426239,0.000505295698530972,0.00015129942314911333,,
sqrtY,GRAPE,1525,0.9994977116584778,0.0005023154662922025,0.00014095744641444083,,
sqrtY,Robust GRAPE,1,0.0410396009683609,3.3685779571533203,0.0005999997094176884,0.03923607990145683,0.9659024477005005
sqrtY,Robust GRAPE,25,0.9118064045906067,0.3815300762653351,0.0005998184053122424,0.8943971991539001,0.1251557469367981
sqrtY,Robust GRAPE,50,0.9670002460479736,0.1853259950876236,0.0005992738526639225,0.9501718878746033,0.06833210587501526
sqrtY,Robust GRAPE,75,0.9813377261161804,0.12468578666448593,0.0005983670360049908,0.9740186929702759,0.05336141586303711
sqrtY,Robust GRAPE,100,0.9857081770896912,0.10427930951118469,0.0005970991109360656,0.9782479405403137,0.04549023509025574
sqrtY,Robust GRAPE,125,0.9899680614471436,0.09399499744176865,0.000595471693235793,0.9759857058525085,0.03996583819389343
sqrtY,Robust GRAPE,150,0.9909936189651489,0.0837445929646492,0.0005934868568017803,0.9783809781074524,0.03541278839111328
sqrtY,Robust GRAPE,175,0.9874818921089172,0.09098214656114578,0.0005911471310077294,0.9817646145820618,0.040152400732040405
sqrtY,Robust GRAPE,200,0.9899903535842896,0.07901914417743683,0.0005884554974801316,0.9844980239868164,0.035671621561050415
sqrtY,Robust GRAPE,225,0.9919931888580322,0.075290247797966,0.0005854153862986362,0.9808788299560547,0.032108187675476074
sqrtY,Robust GRAPE,250,0.9934739470481873,0.06702689826488495,0.000582030671624932,0.983031690120697,0.02902168035507202
sqrtY,Robust GRAPE,275,0.9912683367729187,0.0675920769572258,0.0005783056667657171,0.9874016046524048,0.030841320753097534
sqrtY,Robust GRAPE,300,0.9916696548461914,0.061277423053979874,0.000574245118676038,0.9877781271934509,0.027150064706802368
sqrtY,Robust GRAPE,325,0.9940112233161926,0.056517262011766434,0.0005698542019100181,0.9857149124145508,0.024162232875823975
sqrtY,Robust GRAPE,350,0.9905715584754944,0.05715688318014145,0.0005651385120266685,0.9844290018081665,0.021438270807266235
sqrtY,Robust GRAPE,375,0.9910491704940796,0.05458458885550499,0.0005601040584591952,0.9890640377998352,0.02313178777694702
sqrtY,Robust GRAPE,400,0.9917228817939758,0.046846579760313034,0.0005547572568568876,0.9895914196968079,0.0187738835811615
sqrtY,Robust GRAPE,425,0.9948665499687195,0.03928045555949211,0.0005491049209093409,0.9899538159370422,0.016067177057266235
sqrtY,Robust GRAPE,450,0.9955585598945618,0.03263966366648674,0.0005431542536634437,0.9913890957832336,0.01305815577507019
sqrtY,Robust GRAPE,475,0.9892280697822571,0.04788839444518089,0.0005369128383441814,0.986889660358429,0.016004055738449097
sqrtY,Robust GRAPE,500,0.9882725477218628,0.04892004653811455,0.0005303886286909646,0.9868721961975098,0.01604318618774414
sqrtY,Robust GRAPE,525,0.9950008988380432,0.027393000200390816,0.0005235899388217924,0.9931583404541016,0.010368168354034424
sqrtY,Robust GRAPE,550,0.9950482249259949,0.02820325270295143,0.0005165254326381668,0.9928832054138184,0.010756433010101318
sqrtY,Robust GRAPE,575,0.9964585900306702,0.024336958304047585,0.0005092041127842604,0.9936825633049011,0.009652048349380493
sqrtY,Robust GRAPE,600,0.996103048324585,0.02229725569486618,0.0005016353091744084,0.9944281578063965,0.008552253246307373
sqrtY,Robust GRAPE,625,0.9924232959747314,0.03633452579379082,0.0004938286671035459,0.9911622405052185,0.013279974460601807
sqrtY,Robust GRAPE,650,0.995454728603363,0.024046270176768303,0.00048579413495573756,0.9935839772224426,0.008723318576812744
sqrtY,Robust GRAPE,675,0.9966430068016052,0.0202935803681612,0.0004775419515264692,0.9945737719535828,0.0076735615730285645
sqrtY,Robust GRAPE,700,0.99301677942276,0.03529667109251022,0.0004690826329748505,0.9906226992607117,0.012624084949493408
sqrtY,Robust GRAPE,725,0.9950494170188904,0.027201401069760323,0.0004604269594223624,0.9938836097717285,0.010756254196166992
sqrtY,Robust GRAPE,750,0.9949898719787598,0.026148173958063126,0.000451585961215223,0.9943804740905762,0.010345697402954102
sqrtY,Robust GRAPE,775,0.995905876159668,0.020530439913272858,0.00044257090486788037,0.9948661923408508,0.0075349509716033936
sqrtY,Robust GRAPE,800,0.9969627261161804,0.020640753209590912,0.0004333932787055453,0.9947938919067383,0.008264899253845215
sqrtY,Robust GRAPE,825,0.997077226638794,0.019702749326825142,0.0004240647782240588,0.9949899911880493,0.007846593856811523
sqrtY,Robust GRAPE,850,0.9975484013557434,0.01797230914235115,0.00041459729118575135,0.9953483939170837,0.0072459876537323
sqrtY,Robust GRAPE,875,0.9917272329330444,0.0364404171705246,0.00040500288247029097,0.9915714263916016,0.013159364461898804
sqrtY,Robust GRAPE,900,0.9971538782119751,0.016771020367741585,0.000395293778699817,0.9957733154296875,0.006465405225753784
sqrtY,Robust GRAPE,925,0.9980029463768005,0.0143470773473382,0.0003854823526579618,0.9964171648025513,0.005844742059707642
sqrtY,Robust GRAPE,950,0.9983378648757935,0.014384145848453045,0.00037558110752260914,0.9963762164115906,0.0060655176639556885
sqrtY,Robust GRAPE,975,0.9964533448219299,0.019864806905388832,0.0003656026609324877,0.9948841333389282,0.007468104362487793
sqrtY,Robust GRAPE,1000,0.9986109733581543,0.014133740216493607,0.0003555597289078979,0.9963228106498718,0.006044954061508179
sqrtY,Robust GRAPE,1025,0.9969413876533508,0.017139146104454994,0.0003454651096460691,0.9954689145088196,0.006366312503814697
sqrtY,Robust GRAPE,1050,0.9973189830780029,0.01543579250574112,0.0003353316672117932,0.9960417747497559,0.005864351987838745
sqrtY,Robust GRAPE,1075,0.9977270364761353,0.015661416575312614,0.00032517231514412183,0.9961705207824707,0.006372630596160889
sqrtY,Robust GRAPE,1100,0.9981536865234375,0.014537297189235687,0.00031500000000001264,0.9963864684104919,0.006051599979400635
sqrtY,Robust GRAPE,1125,0.9974108934402466,0.01492096297442913,0.00030482768485590346,0.9961912035942078,0.005682021379470825
sqrtY,Robust GRAPE,1150,0.9977285861968994,0.013894814997911453,0.00029466833278823197,0.9965116381645203,0.005423396825790405
sqrtY,Robust GRAPE,1175,0.9982959032058716,0.014026932418346405,0.00028453489035395595,0.9964928030967712,0.005877077579498291
sqrtY,Robust GRAPE,1200,0.9985199570655823,0.013071433641016483,0.00027444027109212697,0.9967425465583801,0.005555927753448486
sqrtY,Robust GRAPE,1225,0.9977154731750488,0.013656232506036758,0.0002643973390675363,0.9965948462486267,0.005310952663421631
sqrtY,Robust GRAPE,1250,0.9979418516159058,0.012903268449008465,0.00025441889247741393,0.9968094229698181,0.005103021860122681
sqrtY,Robust GRAPE,1275,0.9986253976821899,0.012626285664737225,0.00024451764734206047,0.9968418478965759,0.005395680665969849
sqrtY,Robust GRAPE,1300,0.9987415671348572,0.012061730958521366,0.0002347062213002039,0.996991753578186,0.005196690559387207
sqrtY,Robust GRAPE,1325,0.998014509677887,0.012446261942386627,0.00022499711752972876,0.9969558715820312,0.004944413900375366
sqrtY,Robust GRAPE,1350,0.9982324242591858,0.01181681826710701,0.00021540270881426725,0.9971124529838562,0.0047744810581207275
sqrtY,Robust GRAPE,1375,0.9987791776657104,0.011933667585253716,0.00020593522177595922,0.9970077872276306,0.005147069692611694
sqrtY,Robust GRAPE,1400,0.9988408088684082,0.011504353024065495,0.0001966067212944717,0.9971298575401306,0.004983335733413696
sqrtY,Robust GRAPE,1425,0.9983108043670654,0.011421690694987774,0.00018742909513213565,0.9972233772277832,0.004637241363525391
sqrtY,Robust GRAPE,1450,0.9984551668167114,0.011045865714550018,0.00017841403878479206,0.9973077774047852,0.004539191722869873
sqrtY,Robust GRAPE,1475,0.9988883137702942,0.01126212626695633,0.0001695730405776513,0.9971851706504822,0.004890352487564087
sqrtY,Robust GRAPE,1500,0.9989178776741028,0.01094324141740799,0.0001609173670251618,0.9972802400588989,0.0047608911991119385
sqrtY,Robust GRAPE,1525,0.9985176920890808,0.010746167041361332,0.00015245804847354195,0.9973873496055603,0.004434108734130859
sqrtY,Robust GRAPE,1550,0.9986288547515869,0.010491044260561466,0.00014420586504427228,0.9974357485771179,0.0043704211711883545
sqrtY,Robust GRAPE,1575,0.9989597201347351,0.01068518590182066,0.0001361713328964629,0.9973458647727966,0.004660487174987793
sqrtY,Robust GRAPE,1600,0.9989634156227112,0.010448861867189407,0.0001283646908255991,0.9974212050437927,0.004555612802505493
sqrtY,Robust GRAPE,1625,0.9986729025840759,0.010271359235048294,0.0001207958872157459,0.9974917769432068,0.004290670156478882
sqrtY,Robust GRAPE,1650,0.9988694787025452,0.010495875030755997,0.00011347456736183846,0.997409462928772,0.004516482353210449
sqrtY,Robust GRAPE,1675,0.9987075924873352,0.010645626112818718,0.00010641006117821234,0.9974172711372375,0.0045136213302612305
sqrtY,Robust GRAPE,1700,0.9987906217575073,0.010198350064456463,9.961137130904015e-05,0.9975650906562805,0.004369407892227173
sqrtY,Robust GRAPE,1725,0.9989368319511414,0.010225067846477032,9.308716165582323e-05,0.9974269270896912,0.004392504692077637
sqrtY,Robust GRAPE,1750,0.998965859413147,0.01009213738143444,8.684574633656034e-05,0.9974603652954102,0.004345536231994629
sqrtY,Robust GRAPE,1775,0.9987913370132446,0.009989295154809952,8.089507909066261e-05,0.997621476650238,0.004268050193786621
sqrtY,Robust GRAPE,1800,0.9988923668861389,0.009697581641376019,7.524274314311579e-05,0.9976652264595032,0.004170089960098267
sqrtY,Robust GRAPE,1825,0.9989325404167175,0.009614232927560806,6.989594154080749e-05,0.9976676106452942,0.004142880439758301
sqrtY,Robust GRAPE,1850,0.99900221824646,0.009541715495288372,6.486148797333406e-05,0.9976606369018555,0.004136413335800171
sqrtY,Robust GRAPE,1875,0.9989994764328003,0.009504619985818863,6.0145798089983905e-05,0.9976711273193359,0.004116833209991455
sqrtY,Robust GRAPE,1900,0.9989657402038574,0.00949004665017128,5.575488132396362e-05,0.9976844191551208,0.0040934085845947266
sqrtY,Robust GRAPE,1925,0.9990072250366211,0.009447948075830936,5.169433323428443e-05,0.997685432434082,0.004093766212463379
sqrtY,Robust GRAPE,1950,0.9990077018737793,0.009423972107470036,4.796932837506882e-05,0.9976924061775208,0.004082709550857544
sqrtY,Robust GRAPE,1975,0.9989838600158691,0.009406927973031998,4.458461370136463e-05,0.9977028965950012,0.0040624141693115234
sqrtY,Robust GRAPE,2000,0.9990124702453613,0.009381506592035294,4.154450251986887e-05,0.9977032542228699,0.004064798355102539
sqrtY,Robust GRAPE,2025,0.9990134239196777,0.00935915857553482,3.885286899227088e-05,0.9977089166641235,0.004054278135299683
sqrtY,Robust GRAPE,2050,0.9989949464797974,0.009340934455394745,3.6513143198219925e-05,0.9977182745933533,0.004036068916320801
sqrtY,Robust GRAPE,2075,0.9990217685699463,0.009318936616182327,3.4528306764207154e-05,0.9977178573608398,0.004038959741592407
sqrtY,Robust GRAPE,2100,0.9990205764770508,0.00930598471313715,3.290088906393433e-05,0.9977221488952637,0.00403246283531189
sqrtY,Robust GRAPE,2125,0.9990055561065674,0.009287889115512371,3.163296399500936e-05,0.997730553150177,0.0040159523487091064
sqrtY,Robust GRAPE,2150,0.9990280866622925,0.009267378598451614,3.072614733607778e-05,0.997730553150177,0.00401732325553894
sqrtY,Robust GRAPE,2175,0.9990310668945312,0.009251431562006474,3.018159468775736e-05,0.9977347254753113,0.0040114521980285645
sqrtY,Robust GRAPE,2200,0.9990099668502808,0.009240357205271721,2.9999999999999997e-05,0.9977422952651978,0.003995001316070557
sqrtY,NN-seeded GRAPE,1,0.9523855447769165,0.04761447384953499,0.00019999706997625503,,
sqrtY,NN-seeded GRAPE,20,0.991142213344574,0.008857804350554943,0.000198830392356538,,
sqrtY,NN-seeded GRAPE,40,0.9938521981239319,0.006147819571197033,0.0001953503690480395,,
sqrtY,NN-seeded GRAPE,60,0.9949468970298767,0.005053120665252209,0.0001896456197978949,,
sqrtY,NN-seeded GRAPE,80,0.9955919981002808,0.004408019129186869,0.00018185661446561998,,
sqrtY,NN-seeded GRAPE,100,0.996020495891571,0.0039795213378965855,0.000172175144212722,,
sqrtY,NN-seeded GRAPE,120,0.9963630437850952,0.003636973677203059,0.00016083959896778487,,
sqrtY,NN-seeded GRAPE,140,0.9966611266136169,0.003338890615850687,0.00014812909747525683,,
sqrtY,NN-seeded GRAPE,160,0.9969217777252197,0.003078239504247904,0.0001343566144656199,,
sqrtY,NN-seeded GRAPE,180,0.9971448183059692,0.002855198923498392,0.00011986127417882194,,
sqrtY,NN-seeded GRAPE,200,0.9973374605178833,0.0026625567115843296,0.00010500000000000002,,
sqrtY,NN-seeded GRAPE,220,0.9974901676177979,0.002509849611669779,9.013872582117809e-05,,
sqrtY,NN-seeded GRAPE,240,0.9976167678833008,0.002383249346166849,7.564338553438001e-05,,
sqrtY,NN-seeded GRAPE,260,0.9977164268493652,0.002283590380102396,6.187090252474307e-05,,
sqrtY,NN-seeded GRAPE,280,0.9977914094924927,0.0022086077369749546,4.9160401032215056e-05,,
sqrtY,NN-seeded GRAPE,300,0.997852623462677,0.0021473937667906284,3.7824855787278006e-05,,
sqrtY,NN-seeded GRAPE,320,0.9978912472724915,0.0021087699569761753,2.8143385534380033e-05,,
sqrtY,NN-seeded GRAPE,340,0.9979218244552612,0.0020781927742064,2.0354380202105085e-05,,
sqrtY,NN-seeded GRAPE,360,0.9979463815689087,0.002053635660558939,1.4649630951960429e-05,,
sqrtY,NN-seeded GRAPE,380,0.9979615807533264,0.0020384364761412144,1.1169607643461929e-05,,
sqrtY,NN-seeded GRAPE,400,0.9979766011238098,0.002023416105657816,1e-05,,
sqrtY,CRAB-SPSA,1,0.013526856899261475,0.9864731431007385,,,
sqrtY,CRAB-SPSA,25,0.009535431861877441,0.9904645681381226,,,
sqrtY,CRAB-SPSA,50,0.0215720534324646,0.9784279465675354,,,
sqrtY,CRAB-SPSA,75,0.020569443702697754,0.9794305562973022,,,
sqrtY,CRAB-SPSA,100,0.0030600428581237793,0.9969399571418762,,,
sqrtY,CRAB-SPSA,125,0.0061473846435546875,0.9938526153564453,,,
sqrtY,CRAB-SPSA,150,0.014945447444915771,0.9850545525550842,,,
sqrtY,CRAB-SPSA,175,0.008414804935455322,0.9915851950645447,,,
sqrtY,CRAB-SPSA,200,0.0029733777046203613,0.9970266222953796,,,
sqrtY,CRAB-SPSA,225,0.0050446391105651855,0.9949553608894348,,,
sqrtY,CRAB-SPSA,250,0.01592397689819336,0.9840760231018066,,,
sqrtY,CRAB-SPSA,275,0.0048833489418029785,0.995116651058197,,,
sqrtY,CRAB-SPSA,300,0.005834519863128662,0.9941654801368713,,,
sqrtY,CRAB-SPSA,325,0.009590983390808105,0.9904090166091919,,,
sqrtY,CRAB-SPSA,350,0.007964670658111572,0.9920353293418884,,,
sqrtY,CRAB-SPSA,375,0.0027471184730529785,0.997252881526947,,,
sqrtY,CRAB-SPSA,400,0.005883574485778809,0.9941164255142212,,,
sqrtY,CRAB-SPSA,425,0.0005676150321960449,0.999432384967804,,,
sqrtY,CRAB-SPSA,450,0.04930412769317627,0.9506958723068237,,,
sqrtY,CRAB-SPSA,475,0.014749765396118164,0.9852502346038818,,,
sqrtY,CRAB-SPSA,500,0.009775996208190918,0.9902240037918091,,,
sqrtY,CRAB-SPSA,525,0.008818507194519043,0.991181492805481,,,
sqrtY,CRAB-SPSA,550,0.003786146640777588,0.9962138533592224,,,
sqrtY,CRAB-SPSA,575,0.014807403087615967,0.985192596912384,,,
sqrtY,CRAB-SPSA,600,0.006860315799713135,0.9931396842002869,,,
sqrtY,CRAB-SPSA,625,0.007167696952819824,0.9928323030471802,,,
sqrtY,CRAB-SPSA,650,0.002656877040863037,0.997343122959137,,,
sqrtY,CRAB-SPSA,675,0.010718286037445068,0.9892817139625549,,,
sqrtY,CRAB-SPSA,700,0.008756399154663086,0.9912436008453369,,,
sqrtY,CRAB-SPSA,725,0.007982373237609863,0.9920176267623901,,,
sqrtY,CRAB-SPSA,750,0.004155158996582031,0.995844841003418,,,
sqrtY,CRAB-SPSA,775,0.00139617919921875,0.9986038208007812,,,
sqrtY,CRAB-SPSA,800,0.0015246272087097168,0.9984753727912903,,,
sqrtY,CRAB-SPSA,825,0.01428908109664917,0.9857109189033508,,,
sqrtY,CRAB-SPSA,850,0.021429598331451416,0.9785704016685486,,,
sqrtY,CRAB-SPSA,875,0.0011998414993286133,0.9988001585006714,,,
sqrtY,CRAB-SPSA,900,0.008909821510314941,0.9910901784896851,,,
sqrtY,CRAB-SPSA,925,0.0064130425453186035,0.9935869574546814,,,
sqrtY,CRAB-SPSA,950,0.010570824146270752,0.9894291758537292,,,
sqrtY,CRAB-SPSA,975,0.00126570463180542,0.9987342953681946,,,
sqrtY,CRAB-SPSA,1000,0.012467920780181885,0.9875320792198181,,,
sqrtY,CRAB-SPSA,1025,0.003132343292236328,0.9968676567077637,,,
sqrtY,CRAB-SPSA,1050,0.007527172565460205,0.9924728274345398,,,
sqrtY,CRAB-SPSA,1075,0.009701311588287354,0.9902986884117126,,,
sqrtY,CRAB-SPSA,1100,0.027230918407440186,0.9727690815925598,,,
sqrtY,CRAB-SPSA,1125,0.05124711990356445,0.9487528800964355,,,
sqrtY,CRAB-SPSA,1150,0.021577656269073486,0.9784223437309265,,,
sqrtY,CRAB-SPSA,1175,0.0019164681434631348,0.9980835318565369,,,
sqrtY,CRAB-SPSA,1200,0.013170957565307617,0.9868290424346924,,,
sqrtY,CRAB-SPSA,1225,0.009980440139770508,0.9900195598602295,,,
sqrtY,CRAB-SPSA,1250,0.0029032230377197266,0.9970967769622803,,,
sqrtY,CRAB-SPSA,1275,0.011533915996551514,0.9884660840034485,,,
sqrtY,CRAB-SPSA,1300,0.018159925937652588,0.9818400740623474,,,
sqrtY,CRAB-SPSA,1325,0.02574068307876587,0.9742593169212341,,,
sqrtY,CRAB-SPSA,1350,0.03131753206253052,0.9686824679374695,,,
sqrtY,CRAB-SPSA,1375,0.024161219596862793,0.9758387804031372,,,
sqrtY,CRAB-SPSA,1400,0.015531957149505615,0.9844680428504944,,,
sqrtY,CRAB-SPSA,1425,0.029196441173553467,0.9708035588264465,,,
sqrtY,CRAB-SPSA,1450,0.003352522850036621,0.9966474771499634,,,
sqrtY,CRAB-SPSA,1475,0.04364907741546631,0.9563509225845337,,,
sqrtY,CRAB-SPSA,1500,0.003158271312713623,0.9968417286872864,,,
Rz_pi2,GRAPE,1,0.005121623165905476,0.9948787689208984,0.0007999995311938873,,
Rz_pi2,GRAPE,25,0.9125527143478394,0.08744768053293228,0.0007997070337714746,,
Rz_pi2,GRAPE,50,0.9698137640953064,0.03018663078546524,0.0007988285868185884,,
Rz_pi2,GRAPE,75,0.9689645767211914,0.03103581815958023,0.0007973660136428716,,
Rz_pi2,GRAPE,100,0.9728228449821472,0.02717754989862442,0.000795321569426152,,
Rz_pi2,GRAPE,125,0.9755063056945801,0.02449408918619156,0.0007926984065532274,,
Rz_pi2,GRAPE,150,0.9829810261726379,0.017019368708133698,0.000789500569751117,,
Rz_pi2,GRAPE,175,0.9847461581230164,0.015254237689077854,0.0007857329898523859,,
Rz_pi2,GRAPE,200,0.9835962057113647,0.01640418916940689,0.0007814014761921583,,
Rz_pi2,GRAPE,225,0.9892306923866272,0.010769703425467014,0.0007765127076505443,,
Rz_pi2,GRAPE,250,0.9813753962516785,0.01862499862909317,0.0007710742223542895,,
Rz_pi2,GRAPE,275,0.9884312748908997,0.011569120921194553,0.0007650944060535315,,
Rz_pi2,GRAPE,300,0.9864801168441772,0.013520278967916965,0.0007585824791915802,,
Rz_pi2,GRAPE,325,0.9875380396842957,0.012462356127798557,0.0007515484826876632,,
Rz_pi2,GRAPE,350,0.9893947839736938,0.010605611838400364,0.0007440032624545552,,
Rz_pi2,GRAPE,375,0.9890194535255432,0.010980942286550999,0.0007359584526749675,,
Rz_pi2,GRAPE,400,0.9904864430427551,0.00951395370066166,0.0007274264578624801,,
Rz_pi2,GRAPE,425,0.9907916188240051,0.00920877791941166,0.000718420433734683,,
Rz_pi2,GRAPE,450,0.9920602440834045,0.007940152660012245,0.0007089542669280117,,
Rz_pi2,GRAPE,475,0.9916394948959351,0.008360901847481728,0.0006990425535855607,,
Rz_pi2,GRAPE,500,0.9929195046424866,0.007080892100930214,0.000688700576850888,,
Rz_pi2,GRAPE,525,0.9925885796546936,0.007411817088723183,0.000677944283302518,,
Rz_pi2,GRAPE,550,0.9934712052345276,0.006529191508889198,0.00066679025836547,,
Rz_pi2,GRAPE,575,0.9941714406013489,0.005828956142067909,0.000655255700737737,,
Rz_pi2,GRAPE,600,0.9952619075775146,0.004738489165902138,0.00064335839587114,,
Rz_pi2,GRAPE,625,0.9931249022483826,0.006875494495034218,0.0006311166885474491,,
Rz_pi2,GRAPE,650,0.9787317514419556,0.02126864530146122,0.0006185494545920606,,
Rz_pi2,GRAPE,675,0.9936469793319702,0.006353417411446571,0.0006056760717688429,,
Rz_pi2,GRAPE,700,0.9945012927055359,0.0054991040378808975,0.0005925163899010278,,
Rz_pi2,GRAPE,725,0.9940619468688965,0.005938449874520302,0.0005790907002642228,,
Rz_pi2,GRAPE,750,0.9964327216148376,0.003567674895748496,0.0005654197042987343,,
Rz_pi2,GRAPE,775,0.9966316223144531,0.0033687741961330175,0.0005515244816894474,,
Rz_pi2,GRAPE,800,0.9978761076927185,0.0021242888178676367,0.0005374264578624799,,
Rz_pi2,GRAPE,825,0.9972183704376221,0.0027820260729640722,0.0005231473709487284,,
Rz_pi2,GRAPE,850,0.9982790946960449,0.0017213016981258988,0.0005087092382652451,,
Rz_pi2,GRAPE,875,0.9983857274055481,0.0016146688722074032,0.0004941343223661304,,
Rz_pi2,GRAPE,900,0.9984773397445679,0.001523056416772306,0.00047944509671528975,,
Rz_pi2,GRAPE,925,0.9985633492469788,0.0014370469143614173,0.00046466421103398016,,
Rz_pi2,GRAPE,950,0.9986419677734375,0.0013584282714873552,0.0004498144563765829,,
Rz_pi2,GRAPE,975,0.9987127184867859,0.0012876775581389666,0.00043491872998844796,,
Rz_pi2,GRAPE,1000,0.9987777471542358,0.0012226487742736936,0.00042000000000000175,,
Rz_pi2,GRAPE,1025,0.998839259147644,0.0011611367808654904,0.00040508127001155555,,
Rz_pi2,GRAPE,1050,0.9988946318626404,0.0011057640658691525,0.0003901855436234205,,
Rz_pi2,GRAPE,1075,0.9989476799964905,0.001052715815603733,0.00037533578896602334,,
Rz_pi2,GRAPE,1100,0.9989959001541138,0.001004495657980442,0.00036055490328471386,,
Rz_pi2,GRAPE,1125,0.9990415573120117,0.0009588384418748319,0.0003458656776338729,,
Rz_pi2,GRAPE,1150,0.9990813732147217,0.000919022539164871,0.0003312907617347575,,
Rz_pi2,GRAPE,1175,0.9991198182106018,0.0008805774850770831,0.00031685262905127316,,
Rz_pi2,GRAPE,1200,0.9991526007652283,0.0008477949304506183,0.0003025735421375214,,
Rz_pi2,GRAPE,1225,0.9991845488548279,0.000815846782643348,0.00028847551831055404,,
Rz_pi2,GRAPE,1250,0.9992137551307678,0.0007866405067034066,0.00027458029570126747,,
Rz_pi2,GRAPE,1275,0.9992424249649048,0.0007579706143587828,0.0002609092997357791,,
Rz_pi2,GRAPE,1300,0.9992662668228149,0.0007341287564486265,0.0002474836100989745,,
Rz_pi2,GRAPE,1325,0.9992903470993042,0.0007100484799593687,0.0002343239282311593,,
Rz_pi2,GRAPE,1350,0.9993115663528442,0.0006888291682116687,0.00022145054540794148,,
Rz_pi2,GRAPE,1375,0.9993327856063843,0.0006676099146716297,0.0002088833114525531,,
Rz_pi2,GRAPE,1400,0.999350905418396,0.0006494901026599109,0.000196641604128862,,
Rz_pi2,GRAPE,1425,0.9993652105331421,0.0006351849297061563,0.00018474429926226482,,
Rz_pi2,GRAPE,1450,0.9993778467178345,0.0006225487450137734,0.00017320974163453172,,
Rz_pi2,GRAPE,1475,0.9993964433670044,0.0006039520958438516,0.0001620557166974835,,
Rz_pi2,GRAPE,1500,0.9994068741798401,0.0005935212830081582,0.00015129942314911333,,
Rz_pi2,GRAPE,1525,0.9994179606437683,0.0005824347608722746,0.00014095744641444083,,
Rz_pi2,GRAPE,1550,0.999427855014801,0.0005725403898395598,0.00013104573307198958,,
Rz_pi2,GRAPE,1575,0.9994392991065979,0.0005610962980426848,0.00012157956626531827,,
Rz_pi2,GRAPE,1600,0.9994478821754456,0.0005525132291950285,0.00011257354213752138,,
Rz_pi2,GRAPE,1625,0.9994576573371887,0.0005427380674518645,0.00010404154732503417,,
Rz_pi2,GRAPE,1650,0.9994650483131409,0.000535347091499716,9.599673754544633e-05,,
Rz_pi2,GRAPE,1675,0.9994679093360901,0.0005324860685504973,8.845151731233827e-05,,
Rz_pi2,GRAPE,1700,0.9994757771492004,0.0005246181972324848,8.141752080842129e-05,,
Rz_pi2,GRAPE,1725,0.9994803071022034,0.0005200882442295551,7.490559394647008e-05,,
Rz_pi2,GRAPE,1750,0.9994855523109436,0.0005148430354893208,6.892577764571179e-05,,
Rz_pi2,GRAPE,1775,0.9994921088218689,0.0005082865245640278,6.348729234945667e-05,,
Rz_pi2,GRAPE,1800,0.9994938969612122,0.0005064983852207661,5.859852380784215e-05,,
Rz_pi2,GRAPE,1825,0.9995011687278748,0.0004992266185581684,5.426701014761444e-05,,
Rz_pi2,Robust GRAPE,1,0.0005741432541981339,3.497666358947754,0.0005999997094176884,0.0012306964490562677,0.999647319316864
Rz_pi2,Robust GRAPE,25,0.8276552557945251,0.7279013991355896,0.0005998184053122424,0.8029817938804626,0.23902535438537598
Rz_pi2,Robust GRAPE,50,0.934457540512085,0.3307938575744629,0.0005992738526639225,0.9149526953697205,0.1201358437538147
Rz_pi2,Robust GRAPE,75,0.965129554271698,0.16567502915859222,0.0005983670360049908,0.9570369720458984,0.0585608184337616
Rz_pi2,Robust GRAPE,100,0.9802078604698181,0.09721244126558304,0.0005970991109360656,0.9749769568443298,0.0349312424659729
Rz_pi2,Robust GRAPE,125,0.9850026965141296,0.07519282400608063,0.000595471693235793,0.9809810519218445,0.027450859546661377
Rz_pi2,Robust GRAPE,150,0.9868567585945129,0.06336548924446106,0.0005934868568017803,0.9833828806877136,0.022403240203857422
Rz_pi2,Robust GRAPE,175,0.9858177900314331,0.06330723315477371,0.0005911471310077294,0.9831552505493164,0.021519988775253296
Rz_pi2,Robust GRAPE,200,0.9851422905921936,0.06888749450445175,0.0005884554974801316,0.9814147353172302,0.023629426956176758
Rz_pi2,Robust GRAPE,225,0.9889964461326599,0.05600334703922272,0.0005854153862986362,0.985473096370697,0.020315021276474
Rz_pi2,Robust GRAPE,250,0.9896037578582764,0.05102230980992317,0.000582030671624932,0.9871243834495544,0.018500030040740967
Rz_pi2,Robust GRAPE,275,0.9905016422271729,0.04737145081162453,0.0005783056667657171,0.988092839717865,0.01731032133102417
Rz_pi2,Robust GRAPE,300,0.9896394610404968,0.05327661707997322,0.000574245118676038,0.9861118197441101,0.01935175061225891
Rz_pi2,Robust GRAPE,325,0.9908720850944519,0.048853300511837006,0.0005698542019100181,0.9874040484428406,0.01808607578277588
Rz_pi2,Robust GRAPE,350,0.9908682703971863,0.0449339896440506,0.0005651385120266685,0.9886913299560547,0.0163288414478302
Rz_pi2,Robust GRAPE,375,0.9915839433670044,0.042267851531505585,0.0005601040584591952,0.9894148707389832,0.015510857105255127
Rz_pi2,Robust GRAPE,400,0.9918534755706787,0.04527471587061882,0.0005547572568568876,0.988416314125061,0.01702946424484253
Rz_pi2,Robust GRAPE,425,0.9928349256515503,0.04161171615123749,0.0005491049209093409,0.9894819259643555,0.01595214009284973
Rz_pi2,Robust GRAPE,450,0.9913477301597595,0.04218747466802597,0.0005431542536634437,0.9893631935119629,0.015265345573425293
Rz_pi2,Robust GRAPE,475,0.9921107292175293,0.03939131274819374,0.0005369128383441814,0.9901281595230103,0.014419883489608765
Rz_pi2,Robust GRAPE,500,0.993248701095581,0.040187936276197433,0.0005303886286909646,0.9898721575737,0.015538990497589111
Rz_pi2,Robust GRAPE,525,0.9939448833465576,0.037774477154016495,0.0005235899388217924,0.9905935525894165,0.014875054359436035
Rz_pi2,Robust GRAPE,550,0.9921371936798096,0.03834149241447449,0.0005165254326381668,0.9903345108032227,0.013875186443328857
Rz_pi2,Robust GRAPE,575,0.9927188754081726,0.036297399550676346,0.0005092041127842604,0.9908813834190369,0.01326492428779602
Rz_pi2,Robust GRAPE,600,0.9942873120307922,0.036513928323984146,0.0005016353091744084,0.9909395575523376,0.014493614435195923
Rz_pi2,Robust GRAPE,625,0.9948144555091858,0.034255798906087875,0.0004938286671035459,0.9915977716445923,0.01377841830253601
Rz_pi2,Robust GRAPE,650,0.9926486015319824,0.035838350653648376,0.00048579413495573756,0.990927517414093,0.012942761182785034
Rz_pi2,Robust GRAPE,675,0.9931143522262573,0.03428807482123375,0.0004775419515264692,0.9913570284843445,0.012506097555160522
Rz_pi2,Robust GRAPE,700,0.9954206943511963,0.03152954950928688,0.0004690826329748505,0.9923447966575623,0.012863099575042725
Rz_pi2,Robust GRAPE,725,0.9959011673927307,0.0294189490377903,0.0004604269594223624,0.9929386377334595,0.012172281742095947
Rz_pi2,Robust GRAPE,750,0.9881039261817932,0.05022813007235527,0.000451585961215223,0.9867302179336548,0.016707926988601685
Rz_pi2,Robust GRAPE,775,0.9954371452331543,0.028148634359240532,0.00044257090486788037,0.9931331872940063,0.011145740747451782
Rz_pi2,Robust GRAPE,800,0.9924829006195068,0.044571567326784134,0.0004333932787055453,0.9890411496162415,0.01739680767059326
Rz_pi2,Robust GRAPE,825,0.9929562211036682,0.03395819291472435,0.0004240647782240588,0.9911642074584961,0.012052178382873535
Rz_pi2,Robust GRAPE,850,0.9937363266944885,0.03161365166306496,0.00041459729118575135,0.9918624758720398,0.011474758386611938
Rz_pi2,Robust GRAPE,875,0.9944055080413818,0.035777077078819275,0.00040500288247029097,0.9913484454154968,0.014353811740875244
Rz_pi2,Robust GRAPE,900,0.9949133992195129,0.03361230343580246,0.000395293778699817,0.991928219795227,0.013635724782943726
Rz_pi2,Robust GRAPE,925,0.994281530380249,0.029928451403975487,0.0003854823526579618,0.9923568964004517,0.011044353246688843
Rz_pi2,Robust GRAPE,950,0.9945684671401978,0.02895752154290676,0.00037558110752260914,0.9926520586013794,0.010785132646560669
Rz_pi2,Robust GRAPE,975,0.995544970035553,0.03067033365368843,0.0003656026609324877,0.9927036166191101,0.01261243224143982
Rz_pi2,Robust GRAPE,1000,0.9959601759910583,0.028972817584872246,0.0003555597289078979,0.9931425452232361,0.012050122022628784
Rz_pi2,Robust GRAPE,1025,0.9944102168083191,0.02916230633854866,0.0003454651096460691,0.9925467371940613,0.010745972394943237
Rz_pi2,Robust GRAPE,1050,0.9948570132255554,0.02775384485721588,0.0003353316672117932,0.9929949045181274,0.010403633117675781
Rz_pi2,Robust GRAPE,1075,0.9960651993751526,0.02842843160033226,0.00032517231514412183,0.9932581782341003,0.011834323406219482
Rz_pi2,Robust GRAPE,1100,0.9962931871414185,0.027318863198161125,0.00031500000000001264,0.9935347437858582,0.011431008577346802
Rz_pi2,Robust GRAPE,1125,0.9952028393745422,0.026644397526979446,0.00030482768485590346,0.9933299422264099,0.010117888450622559
Rz_pi2,Robust GRAPE,1150,0.9955765008926392,0.0256132110953331,0.00029466833278823197,0.9936415553092957,0.00988730788230896
Rz_pi2,Robust GRAPE,1175,0.9963560104370117,0.026710255071520805,0.00028453489035395595,0.9936718344688416,0.011158525943756104
Rz_pi2,Robust GRAPE,1200,0.9964914321899414,0.025954551994800568,0.00027444027109212697,0.9938626289367676,0.010872185230255127
Rz_pi2,Robust GRAPE,1225,0.9960875511169434,0.024156557396054268,0.0002643973390675363,0.9940802454948425,0.009549349546432495
Rz_pi2,Robust GRAPE,1250,0.9962805509567261,0.023446734994649887,0.00025441889247741393,0.9942886233329773,0.00934368371963501
Rz_pi2,Robust GRAPE,1275,0.9967706203460693,0.024258198216557503,0.00024451764734206047,0.9942795038223267,0.010205328464508057
Rz_pi2,Robust GRAPE,1300,0.9969264268875122,0.02368137612938881,0.0002347062213002039,0.9944305419921875,0.010025352239608765
Rz_pi2,Robust GRAPE,1325,0.9962972402572632,0.023455994203686714,0.00022499711752972876,0.9942653775215149,0.009345561265945435
Rz_pi2,Robust GRAPE,1350,0.9964859485626221,0.022742005065083504,0.00021540270881426725,0.9944722056388855,0.009133219718933105
Rz_pi2,Robust GRAPE,1375,0.9969481825828552,0.023001406341791153,0.00020593522177595922,0.9945777058601379,0.009684652090072632
Rz_pi2,Robust GRAPE,1400,0.9971110224723816,0.022402392700314522,0.0001966067212944717,0.9947370886802673,0.009500116109848022
Rz_pi2,Robust GRAPE,1425,0.9967032670974731,0.021992016583681107,0.00018742909513213565,0.9946727752685547,0.00891178846359253
Rz_pi2,Robust GRAPE,1450,0.9967920184135437,0.021526791155338287,0.00017841403878479206,0.9948017001152039,0.008746802806854248
Rz_pi2,Robust GRAPE,1475,0.9972895979881287,0.02160755917429924,0.0001695730405776513,0.9949347376823425,0.009221047163009644
Rz_pi2,Robust GRAPE,1500,0.9974101781845093,0.021172555163502693,0.0001609173670251618,0.9950466156005859,0.009086012840270996
Rz_pi2,Robust GRAPE,1525,0.9969696402549744,0.020738990977406502,0.00015245804847354195,0.9950060844421387,0.00847625732421875
Rz_pi2,Robust GRAPE,1550,0.9970526695251465,0.020410871133208275,0.00014420586504427228,0.9950922131538391,0.008370280265808105
Rz_pi2,Robust GRAPE,1575,0.9975758194923401,0.020338650792837143,0.0001361713328964629,0.9952506422996521,0.00877651572227478
Rz_pi2,Robust GRAPE,1600,0.997635543346405,0.01994795724749565,0.0001283646908255991,0.9953460693359375,0.008619487285614014
Rz_pi2,Robust GRAPE,1625,0.9971795678138733,0.019711822271347046,0.0001207958872157459,0.9952520728111267,0.008095324039459229
Rz_pi2,Robust GRAPE,1650,0.9975494742393494,0.019085681065917015,0.00011347456736183846,0.9954841732978821,0.008079349994659424
Rz_pi2,Robust GRAPE,1675,0.9976692795753479,0.01881486177444458,0.00010641006117821234,0.9955690503120422,0.008035242557525635
Rz_pi2,Robust GRAPE,1700,0.9977034330368042,0.01857064664363861,9.961137130904015e-05,0.9956222772598267,0.007930666208267212
Rz_pi2,Robust GRAPE,1725,0.9977483153343201,0.018335536122322083,9.308716165582323e-05,0.9956766366958618,0.007840126752853394
Rz_pi2,Robust GRAPE,1750,0.9977952241897583,0.01811414398252964,8.684574633656034e-05,0.995730996131897,0.007759988307952881
Rz_pi2,Robust GRAPE,1775,0.997838020324707,0.017897844314575195,8.089507909066261e-05,0.9957828521728516,0.00767892599105835
Rz_pi2,Robust GRAPE,1800,0.997879683971405,0.01768999919295311,7.524274314311579e-05,0.9958325624465942,0.007601231336593628
Rz_pi2,Robust GRAPE,1825,0.9979197978973389,0.017490144819021225,6.989594154080749e-05,0.995879590511322,0.007526129484176636
Rz_pi2,Robust GRAPE,1850,0.997956395149231,0.017302408814430237,6.486148797333406e-05,0.9959247708320618,0.0074554383754730225
Rz_pi2,Robust GRAPE,1875,0.9979899525642395,0.017128553241491318,6.0145798089983905e-05,0.995966374874115,0.007389694452285767
Rz_pi2,Robust GRAPE,1900,0.9980243444442749,0.01696346141397953,5.575488132396362e-05,0.9960055351257324,0.007328659296035767
Rz_pi2,Robust GRAPE,1925,0.998056173324585,0.0168084055185318,5.169433323428443e-05,0.9960418939590454,0.007270723581314087
Rz_pi2,Robust GRAPE,1950,0.9980821013450623,0.016666898503899574,4.796932837506882e-05,0.9960758090019226,0.007216304540634155
Rz_pi2,Robust GRAPE,1975,0.9981055855751038,0.01653285324573517,4.458461370136463e-05,0.9961087107658386,0.007164567708969116
Rz_pi2,Robust GRAPE,2000,0.9981310963630676,0.016404053196310997,4.154450251986887e-05,0.9961382150650024,0.0071153342723846436
Rz_pi2,Robust GRAPE,2025,0.9981551170349121,0.016284989193081856,3.885286899227088e-05,0.996165931224823,0.007070481777191162
Rz_pi2,Robust GRAPE,2050,0.9981769323348999,0.01617121696472168,3.6513143198219925e-05,0.9961929321289062,0.007027149200439453
Rz_pi2,Robust GRAPE,2075,0.9981948137283325,0.016071569174528122,3.4528306764207154e-05,0.9962173700332642,0.006988883018493652
Rz_pi2,Robust GRAPE,2100,0.9982144236564636,0.015969261527061462,3.290088906393433e-05,0.9962412118911743,0.006949692964553833
Rz_pi2,Robust GRAPE,2125,0.9982300400733948,0.015878748148679733,3.163296399500936e-05,0.9962636828422546,0.006914794445037842
Rz_pi2,Robust GRAPE,2150,0.9982495903968811,0.01577848196029663,3.072614733607778e-05,0.9962858557701111,0.006875753402709961
Rz_pi2,Robust GRAPE,2175,0.9982646107673645,0.01569279655814171,3.018159468775736e-05,0.9963067173957825,0.006842523813247681
Rz_pi2,Robust GRAPE,2200,0.99828040599823,0.015602685511112213,2.9999999999999997e-05,0.9963275790214539,0.006806880235671997
Rz_pi2,NN-seeded GRAPE,1,0.9961729049682617,0.003827109467238188,0.00019999706997625503,,
Rz_pi2,NN-seeded GRAPE,20,0.9942918419837952,0.0057081724517047405,0.000198830392356538,,
Rz_pi2,NN-seeded GRAPE,40,0.9981995820999146,0.0018004323355853558,0.0001953503690480395,,
Rz_pi2,NN-seeded GRAPE,60,0.9985734820365906,0.0014265323989093304,0.0001896456197978949,,
Rz_pi2,NN-seeded GRAPE,80,0.9987271428108215,0.0012728716246783733,0.00018185661446561998,,
Rz_pi2,NN-seeded GRAPE,100,0.9987987279891968,0.0012012864463031292,0.000172175144212722,,
Rz_pi2,NN-seeded GRAPE,120,0.9988731741905212,0.0011268402449786663,0.00016083959896778487,,
Rz_pi2,NN-seeded GRAPE,140,0.9989446997642517,0.0010553145548328757,0.00014812909747525683,,
Rz_pi2,NN-seeded GRAPE,160,0.9990018606185913,0.0009981537004932761,0.0001343566144656199,,
Rz_pi2,NN-seeded GRAPE,180,0.999051570892334,0.0009484434267506003,0.00011986127417882194,,
Rz_pi2,NN-seeded GRAPE,200,0.9990943074226379,0.0009057068964466453,0.00010500000000000002,,
Rz_pi2,NN-seeded GRAPE,220,0.9991269707679749,0.0008730435511097312,9.013872582117809e-05,,
Rz_pi2,NN-seeded GRAPE,240,0.9991573691368103,0.0008426451240666211,7.564338553438001e-05,,
Rz_pi2,NN-seeded GRAPE,260,0.9991826415061951,0.0008173727546818554,6.187090252474307e-05,,
Rz_pi2,NN-seeded GRAPE,280,0.9992008805274963,0.0007991337333805859,4.9160401032215056e-05,,
Rz_pi2,NN-seeded GRAPE,300,0.9992160201072693,0.0007839941536076367,3.7824855787278006e-05,,
Rz_pi2,NN-seeded GRAPE,320,0.9992261528968811,0.0007738613639958203,2.8143385534380033e-05,,
Rz_pi2,NN-seeded GRAPE,340,0.9992365837097168,0.0007634305511601269,2.0354380202105085e-05,,
Rz_pi2,NN-seeded GRAPE,360,0.9992414712905884,0.0007585429702885449,1.4649630951960429e-05,,
Rz_pi2,NN-seeded GRAPE,380,0.9992483854293823,0.0007516288314945996,1.1169607643461929e-05,,
Rz_pi2,NN-seeded GRAPE,400,0.999252438545227,0.000747575715649873,1e-05,,
Rz_pi2,CRAB-SPSA,1,0.0019589662551879883,0.998041033744812,,,
Rz_pi2,CRAB-SPSA,25,0.005372226238250732,0.9946277737617493,,,
Rz_pi2,CRAB-SPSA,50,0.010599792003631592,0.9894002079963684,,,
Rz_pi2,CRAB-SPSA,75,0.010564684867858887,0.9894353151321411,,,
Rz_pi2,CRAB-SPSA,100,0.055468857288360596,0.9445311427116394,,,
Rz_pi2,CRAB-SPSA,125,0.002093195915222168,0.9979068040847778,,,
Rz_pi2,CRAB-SPSA,150,0.013055264949798584,0.9869447350502014,,,
Rz_pi2,CRAB-SPSA,175,0.010269343852996826,0.9897306561470032,,,
Rz_pi2,CRAB-SPSA,200,0.01520383358001709,0.9847961664199829,,,
Rz_pi2,CRAB-SPSA,225,0.013299763202667236,0.9867002367973328,,,
Rz_pi2,CRAB-SPSA,250,0.025175750255584717,0.9748242497444153,,,
Rz_pi2,CRAB-SPSA,275,0.009819388389587402,0.9901806116104126,,,
Rz_pi2,CRAB-SPSA,300,0.03339648246765137,0.9666035175323486,,,
Rz_pi2,CRAB-SPSA,325,0.0030096769332885742,0.9969903230667114,,,
Rz_pi2,CRAB-SPSA,350,0.0006400942802429199,0.9993599057197571,,,
Rz_pi2,CRAB-SPSA,375,0.001972377300262451,0.9980276226997375,,,
Rz_pi2,CRAB-SPSA,400,0.006186246871948242,0.9938137531280518,,,
Rz_pi2,CRAB-SPSA,425,0.026685237884521484,0.9733147621154785,,,
Rz_pi2,CRAB-SPSA,450,0.004515469074249268,0.9954845309257507,,,
Rz_pi2,CRAB-SPSA,475,0.0021851062774658203,0.9978148937225342,,,
Rz_pi2,CRAB-SPSA,500,0.01660466194152832,0.9833953380584717,,,
Rz_pi2,CRAB-SPSA,525,0.03510284423828125,0.9648971557617188,,,
Rz_pi2,CRAB-SPSA,550,0.0017179250717163086,0.9982820749282837,,,
Rz_pi2,CRAB-SPSA,575,0.012071430683135986,0.987928569316864,,,
Rz_pi2,CRAB-SPSA,600,0.014423370361328125,0.9855766296386719,,,
Rz_pi2,CRAB-SPSA,625,0.0313190221786499,0.9686809778213501,,,
Rz_pi2,CRAB-SPSA,650,0.015448391437530518,0.9845516085624695,,,
Rz_pi2,CRAB-SPSA,675,0.018445491790771484,0.9815545082092285,,,
Rz_pi2,CRAB-SPSA,700,0.008382856845855713,0.9916171431541443,,,
Rz_pi2,CRAB-SPSA,725,0.020739972591400146,0.9792600274085999,,,
Rz_pi2,CRAB-SPSA,750,0.015458106994628906,0.9845418930053711,,,
Rz_pi2,CRAB-SPSA,775,0.006112515926361084,0.9938874840736389,,,
Rz_pi2,CRAB-SPSA,800,0.021761655807495117,0.9782383441925049,,,
Rz_pi2,CRAB-SPSA,825,0.004704654216766357,0.9952953457832336,,,
Rz_pi2,CRAB-SPSA,850,0.004120230674743652,0.9958797693252563,,,
Rz_pi2,CRAB-SPSA,875,0.022162675857543945,0.977837324142456,,,
Rz_pi2,CRAB-SPSA,900,0.0029488801956176758,0.9970511198043823,,,
Rz_pi2,CRAB-SPSA,925,0.013033747673034668,0.9869662523269653,,,
Rz_pi2,CRAB-SPSA,950,0.02614438533782959,0.9738556146621704,,,
Rz_pi2,CRAB-SPSA,975,0.0326915979385376,0.9673084020614624,,,
Rz_pi2,CRAB-SPSA,1000,0.0057634711265563965,0.9942365288734436,,,
Rz_pi2,CRAB-SPSA,1025,0.013992249965667725,0.9860077500343323,,,
Rz_pi2,CRAB-SPSA,1050,0.0002403855323791504,0.9997596144676208,,,
Rz_pi2,CRAB-SPSA,1075,0.000303804874420166,0.9996961951255798,,,
Rz_pi2,CRAB-SPSA,1100,0.002664923667907715,0.9973350763320923,,,
Rz_pi2,CRAB-SPSA,1125,0.0017268657684326172,0.9982731342315674,,,
Rz_pi2,CRAB-SPSA,1150,0.025307118892669678,0.9746928811073303,,,
Rz_pi2,CRAB-SPSA,1175,0.02319258451461792,0.9768074154853821,,,
Rz_pi2,CRAB-SPSA,1200,0.02519381046295166,0.9748061895370483,,,
Rz_pi2,CRAB-SPSA,1225,0.0065784454345703125,0.9934215545654297,,,
Rz_pi2,CRAB-SPSA,1250,0.015115618705749512,0.9848843812942505,,,
Rz_pi2,CRAB-SPSA,1275,0.006640136241912842,0.9933598637580872,,,
Rz_pi2,CRAB-SPSA,1300,0.10991621017456055,0.8900837898254395,,,
Rz_pi2,CRAB-SPSA,1325,0.11258679628372192,0.8874132037162781,,,
Rz_pi2,CRAB-SPSA,1350,0.07230597734451294,0.9276940226554871,,,
Rz_pi2,CRAB-SPSA,1375,0.06416398286819458,0.9358360171318054,,,
Rz_pi2,CRAB-SPSA,1400,0.04840582609176636,0.9515941739082336,,,
Rz_pi2,CRAB-SPSA,1425,0.016074180603027344,0.9839258193969727,,,
Rz_pi2,CRAB-SPSA,1450,0.0004915595054626465,0.9995084404945374,,,
Rz_pi2,CRAB-SPSA,1475,0.00316774845123291,0.9968322515487671,,,
Rz_pi2,CRAB-SPSA,1500,0.020757675170898438,0.9792423248291016,,,
generic_Rn,GRAPE,1,0.07447414100170135,0.925525963306427,0.0007999995311938873,,
generic_Rn,GRAPE,25,0.9473196864128113,0.05268041789531708,0.0007997070337714746,,
generic_Rn,GRAPE,50,0.9854483008384705,0.014551804400980473,0.0007988285868185884,,
generic_Rn,GRAPE,75,0.9871870875358582,0.012813017703592777,0.0007973660136428716,,
generic_Rn,GRAPE,100,0.9915937185287476,0.008406386710703373,0.000795321569426152,,
generic_Rn,GRAPE,125,0.9889065623283386,0.011093542911112309,0.0007926984065532274,,
generic_Rn,GRAPE,150,0.9887425303459167,0.011257574893534184,0.000789500569751117,,
generic_Rn,GRAPE,175,0.9884020686149597,0.011598036624491215,0.0007857329898523859,,
generic_Rn,GRAPE,200,0.990299642086029,0.009700463153421879,0.0007814014761921583,,
generic_Rn,GRAPE,225,0.9902723431587219,0.009727762080729008,0.0007765127076505443,,
generic_Rn,GRAPE,250,0.9918953776359558,0.008104727603495121,0.0007710742223542895,,
generic_Rn,GRAPE,275,0.9910441637039185,0.008955941535532475,0.0007650944060535315,,
generic_Rn,GRAPE,300,0.9924545288085938,0.007545576896518469,0.0007585824791915802,,
generic_Rn,GRAPE,325,0.9926385879516602,0.007361517753452063,0.0007515484826876632,,
generic_Rn,GRAPE,350,0.9876039624214172,0.012396142818033695,0.0007440032624545552,,
generic_Rn,GRAPE,375,0.991763710975647,0.008236394263803959,0.0007359584526749675,,
generic_Rn,GRAPE,400,0.9938609004020691,0.006139205303043127,0.0007274264578624801,,
generic_Rn,GRAPE,425,0.9917845726013184,0.008215533569455147,0.000718420433734683,,
generic_Rn,GRAPE,450,0.9915117621421814,0.00848834402859211,0.0007089542669280117,,
generic_Rn,GRAPE,475,0.9896616339683533,0.010338472202420235,0.0006990425535855607,,
generic_Rn,GRAPE,500,0.9913817048072815,0.008618401363492012,0.000688700576850888,,
generic_Rn,GRAPE,525,0.9924606680870056,0.007539437618106604,0.000677944283302518,,
generic_Rn,GRAPE,550,0.993687629699707,0.006312476005405188,0.00066679025836547,,
generic_Rn,GRAPE,575,0.9927737712860107,0.007226334419101477,0.000655255700737737,,
generic_Rn,GRAPE,600,0.9942067265510559,0.005793379154056311,0.00064335839587114,,
generic_Rn,GRAPE,625,0.9937140941619873,0.006286011543124914,0.0006311166885474491,,
generic_Rn,GRAPE,650,0.9949485659599304,0.005051539745181799,0.0006185494545920606,,
generic_Rn,GRAPE,675,0.9943013787269592,0.00569872697815299,0.0006056760717688429,,
generic_Rn,GRAPE,700,0.9954003691673279,0.004599736537784338,0.0005925163899010278,,
generic_Rn,GRAPE,725,0.9950454831123352,0.004954622592777014,0.0005790907002642228,,
generic_Rn,GRAPE,750,0.99592125415802,0.004078851547092199,0.0005654197042987343,,
generic_Rn,GRAPE,775,0.9955613017082214,0.004438803996890783,0.0005515244816894474,,
generic_Rn,GRAPE,800,0.9963098168373108,0.0036902891006320715,0.0005374264578624799,,
generic_Rn,GRAPE,825,0.9961180090904236,0.0038820968475192785,0.0005231473709487284,,
generic_Rn,GRAPE,850,0.9967639446258545,0.0032361613120883703,0.0005087092382652451,,
generic_Rn,GRAPE,875,0.9965168833732605,0.0034832225646823645,0.0004941343223661304,,
generic_Rn,GRAPE,900,0.9970602989196777,0.002939807018265128,0.00047944509671528975,,
generic_Rn,GRAPE,925,0.996941864490509,0.0030582414474338293,0.00046466421103398016,,
generic_Rn,GRAPE,950,0.997454822063446,0.0025452838744968176,0.0004498144563765829,,
generic_Rn,GRAPE,975,0.9972676634788513,0.002732442459091544,0.00043491872998844796,,
generic_Rn,GRAPE,1000,0.9977298974990845,0.00227020843885839,0.00042000000000000175,,
generic_Rn,GRAPE,1025,0.9979416131973267,0.0020584927406162024,0.00040508127001155555,,
generic_Rn,GRAPE,1050,0.9989840984344482,0.0010160075034946203,0.0003901855436234205,,
generic_Rn,GRAPE,1075,0.9990100860595703,0.00099001987837255,0.00037533578896602334,,
generic_Rn,GRAPE,1100,0.9990435838699341,0.0009565220680087805,0.00036055490328471386,,
generic_Rn,GRAPE,1125,0.9990649223327637,0.0009351836051791906,0.0003458656776338729,,
generic_Rn,GRAPE,1150,0.9990907311439514,0.0009093747939914465,0.0003312907617347575,,
generic_Rn,GRAPE,1175,0.9991087317466736,0.0008913741912692785,0.00031685262905127316,,
generic_Rn,GRAPE,1200,0.9991294741630554,0.0008706317748874426,0.0003025735421375214,,
generic_Rn,GRAPE,1225,0.9991502165794373,0.0008498893585056067,0.00028847551831055404,,
generic_Rn,GRAPE,1250,0.9991692900657654,0.0008308158721774817,0.00027458029570126747,,
generic_Rn,GRAPE,1275,0.9991870522499084,0.0008130536880344152,0.0002609092997357791,,
generic_Rn,GRAPE,1300,0.999201238155365,0.0007988677825778723,0.0002474836100989745,,
generic_Rn,GRAPE,1325,0.9992125630378723,0.0007875429000705481,0.0002343239282311593,,
generic_Rn,GRAPE,1350,0.9992271065711975,0.0007729993667453527,0.00022145054540794148,,
generic_Rn,GRAPE,1375,0.9992398023605347,0.0007603035774081945,0.0002088833114525531,,
generic_Rn,GRAPE,1400,0.9992529153823853,0.0007471905555576086,0.000196641604128862,,
generic_Rn,GRAPE,1425,0.999260425567627,0.0007396803703159094,0.00018474429926226482,,
generic_Rn,GRAPE,1450,0.999273419380188,0.0007266865577548742,0.00017320974163453172,,
generic_Rn,GRAPE,1475,0.9992843866348267,0.0007157193031162024,0.0001620557166974835,,
generic_Rn,GRAPE,1500,0.9992903470993042,0.0007097588386386633,0.00015129942314911333,,
generic_Rn,GRAPE,1525,0.9992972612380981,0.000702844699844718,0.00014095744641444083,,
generic_Rn,GRAPE,1550,0.9993051290512085,0.0006949768867343664,0.00013104573307198958,,
generic_Rn,GRAPE,1575,0.9993126392364502,0.0006874667014926672,0.00012157956626531827,,
generic_Rn,GRAPE,1600,0.9993163347244263,0.000683771213516593,0.00011257354213752138,,
generic_Rn,GRAPE,1625,0.9993232488632202,0.0006768570747226477,0.00010404154732503417,,
generic_Rn,GRAPE,1650,0.999327540397644,0.0006725655402988195,9.599673754544633e-05,,
generic_Rn,GRAPE,1675,0.999333381652832,0.0006667242851108313,8.845151731233827e-05,,
generic_Rn,GRAPE,1700,0.9993380308151245,0.0006620751228183508,8.141752080842129e-05,,
generic_Rn,GRAPE,1725,0.9993411302566528,0.0006589756812900305,7.490559394647008e-05,,
generic_Rn,GRAPE,1750,0.9993468523025513,0.000653253635391593,6.892577764571179e-05,,
generic_Rn,GRAPE,1775,0.9993487596511841,0.0006513462867587805,6.348729234945667e-05,,
generic_Rn,GRAPE,1800,0.999352216720581,0.0006478892173618078,5.859852380784215e-05,,
generic_Rn,GRAPE,1825,0.9993549585342407,0.0006451474037021399,5.426701014761444e-05,,
generic_Rn,GRAPE,1850,0.9993585348129272,0.0006415711250156164,5.049943024888318e-05,,
generic_Rn,GRAPE,1875,0.9993578195571899,0.0006422863807529211,4.730159344677261e-05,,
generic_Rn,GRAPE,1900,0.9993603229522705,0.0006397829856723547,4.46784305738478e-05,,
generic_Rn,GRAPE,1925,0.999364972114563,0.0006351338233798742,4.2633986357128065e-05,,
generic_Rn,GRAPE,1950,0.9993644952774048,0.0006356106605380774,4.117141318141141e-05,,
generic_Rn,GRAPE,1975,0.9993699789047241,0.0006301270332187414,4.029296622852532e-05,,
generic_Rn,GRAPE,2000,0.9993723630905151,0.0006277428474277258,4e-05,,
generic_Rn,Robust GRAPE,1,0.04009000211954117,3.3626487255096436,0.0005999997094176884,0.04028443619608879,0.9620155096054077
generic_Rn,Robust GRAPE,25,0.9090750217437744,0.39257365465164185,0.0005998184053122424,0.8941273093223572,0.13051724433898926
generic_Rn,Robust GRAPE,50,0.9735739231109619,0.16517211496829987,0.0005992738526639225,0.9592859148979187,0.06535458564758301
generic_Rn,Robust GRAPE,75,0.9830878973007202,0.10721145570278168,0.0005983670360049908,0.9726663827896118,0.04197701811790466
generic_Rn,Robust GRAPE,100,0.9856312274932861,0.09058346599340439,0.0005970991109360656,0.9787821769714355,0.03666451573371887
generic_Rn,Robust GRAPE,125,0.9879444241523743,0.08469115197658539,0.000595471693235793,0.979121208190918,0.034504443407058716
generic_Rn,Robust GRAPE,150,0.9897288680076599,0.07102911919355392,0.0005934868568017803,0.9822847247123718,0.028695106506347656
generic_Rn,Robust GRAPE,175,0.988524317741394,0.06660733371973038,0.0005911471310077294,0.9846221804618835,0.026502519845962524
generic_Rn,Robust GRAPE,200,0.9924869537353516,0.04548223316669464,0.0005884554974801316,0.9884049296379089,0.01758265495300293
generic_Rn,Robust GRAPE,225,0.9899571537971497,0.049555614590644836,0.0005854153862986362,0.9864749908447266,0.017325103282928467
generic_Rn,Robust GRAPE,250,0.9890322089195251,0.05581211298704147,0.000582030671624932,0.9856800436973572,0.020349472761154175
generic_Rn,Robust GRAPE,275,0.9903706908226013,0.051382869482040405,0.0005783056667657171,0.9863918423652649,0.01876351237297058
generic_Rn,Robust GRAPE,300,0.9918731451034546,0.04259610176086426,0.000574245118676038,0.9884300231933594,0.015266090631484985
generic_Rn,Robust GRAPE,325,0.992239236831665,0.040651097893714905,0.0005698542019100181,0.9893245697021484,0.014809906482696533
generic_Rn,Robust GRAPE,350,0.9923801422119141,0.04122301563620567,0.0005651385120266685,0.9891379475593567,0.015160679817199707
generic_Rn,Robust GRAPE,375,0.9918299317359924,0.048045024275779724,0.0005601040584591952,0.9878120422363281,0.01845794916152954
generic_Rn,Robust GRAPE,400,0.9929574131965637,0.035468533635139465,0.0005547572568568876,0.9905077815055847,0.012622445821762085
generic_Rn,Robust GRAPE,425,0.9940673112869263,0.032270051538944244,0.0005491049209093409,0.99159175157547,0.011952638626098633
generic_Rn,Robust GRAPE,450,0.9930832982063293,0.03882579132914543,0.0005431542536634437,0.9897423982620239,0.014434248208999634
generic_Rn,Robust GRAPE,475,0.9937755465507507,0.03475690633058548,0.0005369128383441814,0.9907251596450806,0.012838363647460938
generic_Rn,Robust GRAPE,500,0.9942595362663269,0.032014716416597366,0.0005303886286909646,0.9918217062950134,0.012063920497894287
generic_Rn,Robust GRAPE,525,0.9944239258766174,0.031491395086050034,0.0005235899388217924,0.9918113946914673,0.011817753314971924
generic_Rn,Robust GRAPE,550,0.9918351769447327,0.038237035274505615,0.0005165254326381668,0.9893562197685242,0.012952238321304321
generic_Rn,Robust GRAPE,575,0.9930673837661743,0.03689177706837654,0.0005092041127842604,0.9899677634239197,0.013284504413604736
generic_Rn,Robust GRAPE,600,0.9969725608825684,0.021454518660902977,0.0005016353091744084,0.9941167831420898,0.008362561464309692
generic_Rn,Robust GRAPE,625,0.9885103106498718,0.0539301298558712,0.0004938286671035459,0.985660195350647,0.018733680248260498
generic_Rn,Robust GRAPE,650,0.9931141138076782,0.036913126707077026,0.00048579413495573756,0.9898406267166138,0.013245165348052979
generic_Rn,Robust GRAPE,675,0.9952150583267212,0.0277774166315794,0.0004775419515264692,0.992462158203125,0.010302990674972534
generic_Rn,Robust GRAPE,700,0.9942651987075806,0.032237645238637924,0.0004690826329748505,0.9911426901817322,0.011763572692871094
generic_Rn,Robust GRAPE,725,0.9966725707054138,0.022417066618800163,0.0004604269594223624,0.9939906001091003,0.008720099925994873
generic_Rn,Robust GRAPE,750,0.9935916066169739,0.0321357399225235,0.000451585961215223,0.9910799264907837,0.011204749345779419
generic_Rn,Robust GRAPE,775,0.9949145913124084,0.03183361515402794,0.00044257090486788037,0.9919601678848267,0.012472152709960938
generic_Rn,Robust GRAPE,800,0.9966709017753601,0.021141542121767998,0.0004333932787055453,0.9942985773086548,0.008073955774307251
generic_Rn,Robust GRAPE,825,0.9969929456710815,0.020430374890565872,0.0004240647782240588,0.9946185350418091,0.008027821779251099
generic_Rn,Robust GRAPE,850,0.9977704882621765,0.01904645375907421,0.00041459729118575135,0.995008111000061,0.007883310317993164
generic_Rn,Robust GRAPE,875,0.9973102807998657,0.01882946491241455,0.00040500288247029097,0.9950446486473083,0.007456153631210327
generic_Rn,Robust GRAPE,900,0.997501015663147,0.018325453624129295,0.000395293778699817,0.9950467944145203,0.007248729467391968
generic_Rn,Robust GRAPE,925,0.9966206550598145,0.02355484664440155,0.0003854823526579618,0.9939287304878235,0.009402811527252197
generic_Rn,Robust GRAPE,950,0.9960005879402161,0.024929096922278404,0.00037558110752260914,0.9933261871337891,0.009503841400146484
generic_Rn,Robust GRAPE,975,0.9966225624084473,0.020815303549170494,0.0003656026609324877,0.9944939017295837,0.007954418659210205
generic_Rn,Robust GRAPE,1000,0.9971615076065063,0.01948595978319645,0.0003555597289078979,0.9948238730430603,0.007647454738616943
generic_Rn,Robust GRAPE,1025,0.997014582157135,0.020690707489848137,0.0003454651096460691,0.9947790503501892,0.008322834968566895
generic_Rn,Robust GRAPE,1050,0.9977516531944275,0.016797661781311035,0.0003353316672117932,0.9955447316169739,0.0067292749881744385
generic_Rn,Robust GRAPE,1075,0.9983327388763428,0.014866206794977188,0.00032517231514412183,0.995954692363739,0.006102323532104492
generic_Rn,Robust GRAPE,1100,0.9973360300064087,0.01840825378894806,0.00031500000000001264,0.995365560054779,0.007406473159790039
generic_Rn,Robust GRAPE,1125,0.9973768591880798,0.01841897703707218,0.00030482768485590346,0.9953336119651794,0.007419586181640625
generic_Rn,Robust GRAPE,1150,0.9981671571731567,0.016176072880625725,0.00029466833278823197,0.9958322644233704,0.006783545017242432
generic_Rn,Robust GRAPE,1175,0.9978116750717163,0.016307998448610306,0.00028453489035395595,0.9956377148628235,0.006504863500595093
generic_Rn,Robust GRAPE,1200,0.9978598952293396,0.016447806730866432,0.00027444027109212697,0.9958339929580688,0.006761044263839722
generic_Rn,Robust GRAPE,1225,0.9979557991027832,0.01595160737633705,0.0002643973390675363,0.9958086013793945,0.006477296352386475
generic_Rn,Robust GRAPE,1250,0.9983415603637695,0.015478968620300293,0.00025441889247741393,0.9960054755210876,0.006550580263137817
generic_Rn,Robust GRAPE,1275,0.9981765747070312,0.015006772242486477,0.00024451764734206047,0.9960150122642517,0.006132185459136963
generic_Rn,Robust GRAPE,1300,0.9980690479278564,0.015300348401069641,0.0002347062213002039,0.9961050152778625,0.006316184997558594
generic_Rn,Robust GRAPE,1325,0.9981728792190552,0.014777282252907753,0.00022499711752972876,0.9961546063423157,0.006069779396057129
generic_Rn,Robust GRAPE,1350,0.9985188841819763,0.014439323917031288,0.00021540270881426725,0.9962358474731445,0.006129264831542969
generic_Rn,Robust GRAPE,1375,0.9985490441322327,0.013940474949777126,0.00020593522177595922,0.9963130950927734,0.005868375301361084
generic_Rn,Robust GRAPE,1400,0.9981727600097656,0.01465567946434021,0.0001966067212944717,0.9962583780288696,0.006057769060134888
generic_Rn,Robust GRAPE,1425,0.9981757402420044,0.014206621795892715,0.00018742909513213565,0.9963318705558777,0.005809426307678223
generic_Rn,Robust GRAPE,1450,0.9986610412597656,0.01330908015370369,0.00017841403878479206,0.9964836239814758,0.005635708570480347
generic_Rn,Robust GRAPE,1475,0.9987000823020935,0.01300041750073433,0.0001695730405776513,0.996515691280365,0.005477398633956909
generic_Rn,Robust GRAPE,1500,0.9983709454536438,0.013747445307672024,0.0001609173670251618,0.9964702725410461,0.005725681781768799
generic_Rn,Robust GRAPE,1525,0.9983882308006287,0.01336026843637228,0.00015245804847354195,0.9965419173240662,0.005526870489120483
generic_Rn,Robust GRAPE,1550,0.9987389445304871,0.012523844838142395,0.00014420586504427228,0.996647298336029,0.005273282527923584
generic_Rn,Robust GRAPE,1575,0.998785138130188,0.012239411473274231,0.0001361713328964629,0.996686577796936,0.00514066219329834
generic_Rn,Robust GRAPE,1600,0.9984805583953857,0.013238704763352871,0.0001283646908255991,0.9965921640396118,0.0055408775806427
generic_Rn,Robust GRAPE,1625,0.9984975457191467,0.012865600176155567,0.0001207958872157459,0.996651291847229,0.00534290075302124
generic_Rn,Robust GRAPE,1650,0.9987828731536865,0.011827818118035793,0.00011347456736183846,0.9967654347419739,0.004917323589324951
generic_Rn,Robust GRAPE,1675,0.9987727403640747,0.011613195762038231,0.00010641006117821234,0.9967867136001587,0.004781633615493774
generic_Rn,Robust GRAPE,1700,0.9987437129020691,0.011944386176764965,9.961137130904015e-05,0.9967595934867859,0.004965066909790039
generic_Rn,Robust GRAPE,1725,0.9988008737564087,0.01146608218550682,9.308716165582323e-05,0.9968284964561462,0.004730224609375
generic_Rn,Robust GRAPE,1750,0.9987204670906067,0.011739220470190048,8.684574633656034e-05,0.9968310594558716,0.004860401153564453
generic_Rn,Robust GRAPE,1775,0.9987852573394775,0.011638068594038486,8.089507909066261e-05,0.9968404173851013,0.004842430353164673
generic_Rn,Robust GRAPE,1800,0.9987863302230835,0.01136037614196539,7.524274314311579e-05,0.9968854784965515,0.004688054323196411
generic_Rn,Robust GRAPE,1825,0.9987839460372925,0.011232173070311546,6.989594154080749e-05,0.9968723654747009,0.004592269659042358
generic_Rn,Robust GRAPE,1850,0.9985261559486389,0.0121100302785635,6.486148797333406e-05,0.9968376159667969,0.004982501268386841
generic_Rn,Robust GRAPE,1875,0.9987022280693054,0.011738213710486889,6.0145798089983905e-05,0.9968250393867493,0.004843592643737793
generic_Rn,Robust GRAPE,1900,0.9987865686416626,0.0112997405230999,5.575488132396362e-05,0.9969094395637512,0.004663735628128052
generic_Rn,Robust GRAPE,1925,0.9988046884536743,0.011419987305998802,5.169433323428443e-05,0.996895432472229,0.00474664568901062
generic_Rn,Robust GRAPE,1950,0.9987558126449585,0.011905738152563572,4.796932837506882e-05,0.9968255162239075,0.004991292953491211
generic_Rn,Robust GRAPE,1975,0.9987689256668091,0.011328127235174179,4.458461370136463e-05,0.996878445148468,0.004650235176086426
generic_Rn,Robust GRAPE,2000,0.9986911416053772,0.0118542006239295,4.154450251986887e-05,0.9968603253364563,0.004937082529067993
generic_Rn,Robust GRAPE,2025,0.9988325834274292,0.011620094999670982,3.885286899227088e-05,0.9968687295913696,0.004880845546722412
generic_Rn,Robust GRAPE,2050,0.9987608194351196,0.011129899881780148,3.6513143198219925e-05,0.9969472885131836,0.004558563232421875
generic_Rn,Robust GRAPE,2075,0.9987409710884094,0.011142927221953869,3.4528306764207154e-05,0.9969568252563477,0.004560381174087524
generic_Rn,Robust GRAPE,2100,0.9988287687301636,0.010958927683532238,3.290088906393433e-05,0.9969770312309265,0.004509717226028442
generic_Rn,Robust GRAPE,2125,0.9988466501235962,0.01092845480889082,3.163296399500936e-05,0.996974766254425,0.004499852657318115
generic_Rn,Robust GRAPE,2150,0.9988511800765991,0.011426233686506748,3.072614733607778e-05,0.9969388842582703,0.00481078028678894
generic_Rn,Robust GRAPE,2175,0.9988299608230591,0.010805788449943066,3.018159468775736e-05,0.9969921112060547,0.004418492317199707
generic_Rn,Robust GRAPE,2200,0.9987558126449585,0.011156555265188217,2.9999999999999997e-05,0.996955394744873,0.0045784711837768555
generic_Rn,NN-seeded GRAPE,1,0.9906114935874939,0.009388522244989872,0.00019999706997625503,,
generic_Rn,NN-seeded GRAPE,20,0.9937481880187988,0.00625182781368494,0.000198830392356538,,
generic_Rn,NN-seeded GRAPE,40,0.9974894523620605,0.0025105634704232216,0.0001953503690480395,,
generic_Rn,NN-seeded GRAPE,60,0.9979351758956909,0.0020648399367928505,0.0001896456197978949,,
generic_Rn,NN-seeded GRAPE,80,0.9981554746627808,0.001844541053287685,0.00018185661446561998,,
generic_Rn,NN-seeded GRAPE,100,0.9983815550804138,0.0016184606356546283,0.000172175144212722,,
generic_Rn,NN-seeded GRAPE,120,0.9985294938087463,0.0014705219073221087,0.00016083959896778487,,
generic_Rn,NN-seeded GRAPE,140,0.9986405372619629,0.001359478454105556,0.00014812909747525683,,
generic_Rn,NN-seeded GRAPE,160,0.9987311959266663,0.0012688197894021869,0.0001343566144656199,,
generic_Rn,NN-seeded GRAPE,180,0.9988023042678833,0.001197711331769824,0.00011986127417882194,,
generic_Rn,NN-seeded GRAPE,200,0.9988594651222229,0.0011405504774302244,0.00010500000000000002,,
generic_Rn,NN-seeded GRAPE,220,0.9989071488380432,0.001092866761609912,9.013872582117809e-05,,
generic_Rn,NN-seeded GRAPE,240,0.9989472031593323,0.0010528124403208494,7.564338553438001e-05,,
generic_Rn,NN-seeded GRAPE,260,0.9989802837371826,0.0010197318624705076,6.187090252474307e-05,,
generic_Rn,NN-seeded GRAPE,280,0.99900221824646,0.0009977973531931639,4.9160401032215056e-05,,
generic_Rn,NN-seeded GRAPE,300,0.9990200996398926,0.0009799159597605467,3.7824855787278006e-05,,
generic_Rn,NN-seeded GRAPE,320,0.9990355968475342,0.0009644187521189451,2.8143385534380033e-05,,
generic_Rn,NN-seeded GRAPE,340,0.9990482330322266,0.0009517825674265623,2.0354380202105085e-05,,
generic_Rn,NN-seeded GRAPE,360,0.9990525245666504,0.0009474910330027342,1.4649630951960429e-05,,
generic_Rn,NN-seeded GRAPE,380,0.9990626573562622,0.0009373582433909178,1.1169607643461929e-05,,
generic_Rn,NN-seeded GRAPE,400,0.9990663528442383,0.0009336627554148436,1e-05,,
generic_Rn,CRAB-SPSA,1,0.014216184616088867,0.9857838153839111,,,
generic_Rn,CRAB-SPSA,25,0.004464983940124512,0.9955350160598755,,,
generic_Rn,CRAB-SPSA,50,0.01011967658996582,0.9898803234100342,,,
generic_Rn,CRAB-SPSA,75,0.014485180377960205,0.9855148196220398,,,
generic_Rn,CRAB-SPSA,100,0.029026448726654053,0.970973551273346,,,
generic_Rn,CRAB-SPSA,125,0.013691544532775879,0.9863084554672241,,,
generic_Rn,CRAB-SPSA,150,0.0307464599609375,0.9692535400390625,,,
generic_Rn,CRAB-SPSA,175,0.017393946647644043,0.982606053352356,,,
generic_Rn,CRAB-SPSA,200,0.00044995546340942383,0.9995500445365906,,,
generic_Rn,CRAB-SPSA,225,0.009438097476959229,0.9905619025230408,,,
generic_Rn,CRAB-SPSA,250,0.008250415325164795,0.9917495846748352,,,
generic_Rn,CRAB-SPSA,275,0.006254136562347412,0.9937458634376526,,,
generic_Rn,CRAB-SPSA,300,0.0037034153938293457,0.9962965846061707,,,
generic_Rn,CRAB-SPSA,325,0.005516350269317627,0.9944836497306824,,,
generic_Rn,CRAB-SPSA,350,0.0016584992408752441,0.9983415007591248,,,
generic_Rn,CRAB-SPSA,375,0.030093908309936523,0.9699060916900635,,,
generic_Rn,CRAB-SPSA,400,0.009942710399627686,0.9900572896003723,,,
generic_Rn,CRAB-SPSA,425,0.010303735733032227,0.9896962642669678,,,
generic_Rn,CRAB-SPSA,450,0.010284006595611572,0.9897159934043884,,,
generic_Rn,CRAB-SPSA,475,0.014851152896881104,0.9851488471031189,,,
generic_Rn,CRAB-SPSA,500,0.013209521770477295,0.9867904782295227,,,
generic_Rn,CRAB-SPSA,525,0.003926873207092285,0.9960731267929077,,,
generic_Rn,CRAB-SPSA,550,0.0003948807716369629,0.999605119228363,,,
generic_Rn,CRAB-SPSA,575,0.01735091209411621,0.9826490879058838,,,
generic_Rn,CRAB-SPSA,600,0.003060638904571533,0.9969393610954285,,,
generic_Rn,CRAB-SPSA,625,0.013220250606536865,0.9867797493934631,,,
generic_Rn,CRAB-SPSA,650,0.010461509227752686,0.9895384907722473,,,
generic_Rn,CRAB-SPSA,675,0.012831270694732666,0.9871687293052673,,,
generic_Rn,CRAB-SPSA,700,0.004319250583648682,0.9956807494163513,,,
generic_Rn,CRAB-SPSA,725,0.054361820220947266,0.9456381797790527,,,
generic_Rn,CRAB-SPSA,750,0.0026528239250183105,0.9973471760749817,,,
generic_Rn,CRAB-SPSA,775,0.03354179859161377,0.9664582014083862,,,
generic_Rn,CRAB-SPSA,800,0.011787116527557373,0.9882128834724426,,,
generic_Rn,CRAB-SPSA,825,0.01599222421646118,0.9840077757835388,,,
generic_Rn,CRAB-SPSA,850,0.003029048442840576,0.9969709515571594,,,
generic_Rn,CRAB-SPSA,875,0.00536876916885376,0.9946312308311462,,,
generic_Rn,CRAB-SPSA,900,0.024094343185424805,0.9759056568145752,,,
generic_Rn,CRAB-SPSA,925,0.014200329780578613,0.9857996702194214,,,
generic_Rn,CRAB-SPSA,950,0.02723407745361328,0.9727659225463867,,,
generic_Rn,CRAB-SPSA,975,0.00036853551864624023,0.9996314644813538,,,
generic_Rn,CRAB-SPSA,1000,0.03961646556854248,0.9603835344314575,,,
generic_Rn,CRAB-SPSA,1025,0.007921278476715088,0.9920787215232849,,,
generic_Rn,CRAB-SPSA,1050,0.011015355587005615,0.9889846444129944,,,
generic_Rn,CRAB-SPSA,1075,0.0046079158782958984,0.9953920841217041,,,
generic_Rn,CRAB-SPSA,1100,0.015690386295318604,0.9843096137046814,,,
generic_Rn,CRAB-SPSA,1125,0.000491797924041748,0.9995082020759583,,,
generic_Rn,CRAB-SPSA,1150,0.011130571365356445,0.9888694286346436,,,
generic_Rn,CRAB-SPSA,1175,0.006706535816192627,0.9932934641838074,,,
generic_Rn,CRAB-SPSA,1200,0.0013983845710754395,0.9986016154289246,,,
generic_Rn,CRAB-SPSA,1225,0.023468434810638428,0.9765315651893616,,,
generic_Rn,CRAB-SPSA,1250,0.02284938097000122,0.9771506190299988,,,
generic_Rn,CRAB-SPSA,1275,0.03413039445877075,0.9658696055412292,,,
generic_Rn,CRAB-SPSA,1300,0.0246126651763916,0.9753873348236084,,,
generic_Rn,CRAB-SPSA,1325,0.02092289924621582,0.9790771007537842,,,
generic_Rn,CRAB-SPSA,1350,0.010509908199310303,0.9894900918006897,,,
generic_Rn,CRAB-SPSA,1375,0.011559545993804932,0.9884404540061951,,,
generic_Rn,CRAB-SPSA,1400,0.01930028200149536,0.9806997179985046,,,
generic_Rn,CRAB-SPSA,1425,0.0009072422981262207,0.9990927577018738,,,
generic_Rn,CRAB-SPSA,1450,0.002179443836212158,0.9978205561637878,,,
generic_Rn,CRAB-SPSA,1475,0.0010539889335632324,0.9989460110664368,,,
generic_Rn,CRAB-SPSA,1500,0.0011017918586730957,0.9988982081413269,,,
Haar_00,GRAPE,1,0.001387179596349597,0.9986128211021423,0.0007999995311938873,,
Haar_00,GRAPE,25,0.9345253109931946,0.06547471880912781,0.0007997070337714746,,
Haar_00,GRAPE,50,0.9694581627845764,0.030541865155100822,0.0007988285868185884,,
Haar_00,GRAPE,75,0.9772675037384033,0.022732524201273918,0.0007973660136428716,,
Haar_00,GRAPE,100,0.9796649217605591,0.020335106179118156,0.000795321569426152,,
Haar_00,GRAPE,125,0.9830965399742126,0.016903487965464592,0.0007926984065532274,,
Haar_00,GRAPE,150,0.9848138689994812,0.015186158008873463,0.000789500569751117,,
Haar_00,GRAPE,175,0.987682580947876,0.012317446060478687,0.0007857329898523859,,
Haar_00,GRAPE,200,0.989288330078125,0.010711697861552238,0.0007814014761921583,,
Haar_00,GRAPE,225,0.9910619854927063,0.00893804244697094,0.0007765127076505443,,
Haar_00,GRAPE,250,0.9908925890922546,0.0091074388474226,0.0007710742223542895,,
Haar_00,GRAPE,275,0.9925348162651062,0.00746521120890975,0.0007650944060535315,,
Haar_00,GRAPE,300,0.9927272200584412,0.007272807415574789,0.0007585824791915802,,
Haar_00,GRAPE,325,0.9910709857940674,0.008929042145609856,0.0007515484826876632,,
Haar_00,GRAPE,350,0.9954932332038879,0.004506794735789299,0.0007440032624545552,,
Haar_00,GRAPE,375,0.9954828023910522,0.004517225548624992,0.0007359584526749675,,
Haar_00,GRAPE,400,0.9964739084243774,0.003526119515299797,0.0007274264578624801,,
Haar_00,GRAPE,425,0.9883158206939697,0.011684207245707512,0.000718420433734683,,
Haar_00,GRAPE,450,0.9809529781341553,0.019047049805521965,0.0007089542669280117,,
Haar_00,GRAPE,475,0.9937806725502014,0.0062193553894758224,0.0006990425535855607,,
Haar_00,GRAPE,500,0.9934656620025635,0.006534365937113762,0.000688700576850888,,
Haar_00,GRAPE,525,0.99238121509552,0.007618812844157219,0.000677944283302518,,
Haar_00,GRAPE,550,0.9942510724067688,0.005748955998569727,0.00066679025836547,,
Haar_00,GRAPE,575,0.9939131736755371,0.006086854729801416,0.000655255700737737,,
Haar_00,GRAPE,600,0.9954259395599365,0.004574088845402002,0.00064335839587114,,
Haar_00,GRAPE,625,0.993639349937439,0.006360678467899561,0.0006311166885474491,,
Haar_00,GRAPE,650,0.9944031238555908,0.0055969045497477055,0.0006185494545920606,,
Haar_00,GRAPE,675,0.9964690208435059,0.0035310075618326664,0.0006056760717688429,,
Haar_00,GRAPE,700,0.9974667429924011,0.0025332854129374027,0.0005925163899010278,,
Haar_00,GRAPE,725,0.9931538701057434,0.006846158299595118,0.0005790907002642228,,
Haar_00,GRAPE,750,0.9943227767944336,0.005677251610904932,0.0005654197042987343,,
Haar_00,GRAPE,775,0.9956775307655334,0.0043224976398050785,0.0005515244816894474,,
Haar_00,GRAPE,800,0.9964597821235657,0.003540246281772852,0.0005374264578624799,,
Haar_00,GRAPE,825,0.9965875744819641,0.003412454156205058,0.0005231473709487284,,
Haar_00,GRAPE,850,0.9970445036888123,0.0029555249493569136,0.0005087092382652451,,
Haar_00,GRAPE,875,0.9971534013748169,0.002846627263352275,0.0004941343223661304,,
Haar_00,GRAPE,900,0.9978444576263428,0.002155571011826396,0.00047944509671528975,,
Haar_00,GRAPE,925,0.9965564012527466,0.0034436273854225874,0.00046466421103398016,,
Haar_00,GRAPE,950,0.9970101118087769,0.002989916829392314,0.0004498144563765829,,
Haar_00,GRAPE,975,0.9976136684417725,0.0023863601963967085,0.00043491872998844796,,
Haar_00,GRAPE,1000,0.998070478439331,0.0019295503152534366,0.00042000000000000175,,
Haar_00,GRAPE,1025,0.9976000785827637,0.0023999500554054976,0.00040508127001155555,,
Haar_00,GRAPE,1050,0.9980013966560364,0.0019986319821327925,0.0003901855436234205,,
Haar_00,GRAPE,1075,0.9981609582901001,0.0018390704644843936,0.00037533578896602334,,
Haar_00,GRAPE,1100,0.9984639883041382,0.0015360404504463077,0.00036055490328471386,,
Haar_00,GRAPE,1125,0.9991328120231628,0.0008672167896293104,0.0003458656776338729,,
Haar_00,GRAPE,1150,0.9994149804115295,0.0005850484012626112,0.0003312907617347575,,
Haar_00,GRAPE,1175,0.9994271397590637,0.0005728890537284315,0.00031685262905127316,,
Haar_00,GRAPE,1200,0.9994421601295471,0.0005578687414526939,0.0003025735421375214,,
Haar_00,GRAPE,1225,0.9994527697563171,0.0005472591146826744,0.00028847551831055404,,
Haar_00,GRAPE,1250,0.9994617104530334,0.0005383184179663658,0.00027458029570126747,,
Haar_00,GRAPE,1275,0.9994705319404602,0.000529496930539608,0.0002609092997357791,,
Haar_00,GRAPE,1300,0.9994829297065735,0.0005170992226339877,0.0002474836100989745,,
Haar_00,GRAPE,1325,0.9994915127754211,0.0005085161537863314,0.0002343239282311593,,
Haar_00,Robust GRAPE,1,0.06198272481560707,3.333226203918457,0.0005999997094176884,0.07539268583059311,0.980400800704956
Haar_00,Robust GRAPE,25,0.9361696839332581,0.2895350456237793,0.0005998184053122424,0.9191282391548157,0.09655502438545227
Haar_00,Robust GRAPE,50,0.9425289630889893,0.29760223627090454,0.0005992738526639225,0.9317591786384583,0.11459329724311829
Haar_00,Robust GRAPE,75,0.9764883518218994,0.1460699737071991,0.0005983670360049908,0.9661781191825867,0.05915743112564087
Haar_00,Robust GRAPE,100,0.9841752648353577,0.09533841162919998,0.0005970991109360656,0.97569340467453,0.03680446743965149
Haar_00,Robust GRAPE,125,0.984512448310852,0.08903863281011581,0.000595471693235793,0.9778950810432434,0.034297168254852295
Haar_00,Robust GRAPE,150,0.9849814772605896,0.07756654918193817,0.0005934868568017803,0.9794430732727051,0.027993828058242798
Haar_00,Robust GRAPE,175,0.9864506125450134,0.0712786540389061,0.0005911471310077294,0.9811941385269165,0.025948643684387207
Haar_00,Robust GRAPE,200,0.9865150451660156,0.06559358537197113,0.0005884554974801316,0.9818682074546814,0.022650957107543945
Haar_00,Robust GRAPE,225,0.9905127882957458,0.05010349676012993,0.0005854153862986362,0.9860605597496033,0.01778426766395569
Haar_00,Robust GRAPE,250,0.9853306412696838,0.0669785887002945,0.000582030671624932,0.9810348749160767,0.022229135036468506
Haar_00,Robust GRAPE,275,0.9908409714698792,0.049246568232774734,0.0005783056667657171,0.9864104390144348,0.017665088176727295
Haar_00,Robust GRAPE,300,0.9911737442016602,0.04540940374135971,0.000574245118676038,0.9874173998832703,0.016000181436538696
Haar_00,Robust GRAPE,325,0.9927907586097717,0.03979240357875824,0.0005698542019100181,0.9891204237937927,0.014468789100646973
Haar_00,Robust GRAPE,350,0.9912447333335876,0.04383985698223114,0.0005651385120266685,0.9879724383354187,0.015371143817901611
Haar_00,Robust GRAPE,375,0.9920443892478943,0.04141133278608322,0.0005601040584591952,0.9884031414985657,0.014572292566299438
Haar_00,Robust GRAPE,400,0.9918395280838013,0.043154504150152206,0.0005547572568568876,0.9882713556289673,0.015509963035583496
Haar_00,Robust GRAPE,425,0.9923141598701477,0.039440978318452835,0.0005491049209093409,0.9890080690383911,0.013841867446899414
Haar_00,Robust GRAPE,450,0.9908789992332458,0.04376750439405441,0.0005431542536634437,0.987811267375946,0.014971643686294556
Haar_00,Robust GRAPE,475,0.9937782883644104,0.03387422859668732,0.0005369128383441814,0.9906506538391113,0.012201875448226929
Haar_00,Robust GRAPE,500,0.9930923581123352,0.035850390791893005,0.0005303886286909646,0.9899789690971375,0.012614250183105469
Haar_00,Robust GRAPE,525,0.9933171272277832,0.034284695982933044,0.0005235899388217924,0.9905701875686646,0.01211443543434143
Haar_00,Robust GRAPE,550,0.9952740669250488,0.027221957221627235,0.0005165254326381668,0.9923950433731079,0.009927123785018921
Haar_00,Robust GRAPE,575,0.994697093963623,0.029001658782362938,0.0005092041127842604,0.9919285178184509,0.010417938232421875
Haar_00,Robust GRAPE,600,0.9939754605293274,0.031372591853141785,0.0005016353091744084,0.9913296103477478,0.011118143796920776
Haar_00,Robust GRAPE,625,0.9940608739852905,0.029644278809428215,0.0004938286671035459,0.991980254650116,0.010456711053848267
Haar_00,Robust GRAPE,650,0.9956523776054382,0.024793611839413643,0.00048579413495573756,0.9931848645210266,0.009087026119232178
Haar_00,Robust GRAPE,675,0.9896323084831238,0.04834820702672005,0.0004775419515264692,0.9862787127494812,0.016172558069229126
Haar_00,Robust GRAPE,700,0.9944276213645935,0.028435366228222847,0.0004690826329748505,0.9919846653938293,0.009898185729980469
Haar_00,Robust GRAPE,725,0.9946809411048889,0.026951860636472702,0.0004604269594223624,0.9925975203514099,0.009486615657806396
Haar_00,Robust GRAPE,750,0.9960916042327881,0.023594126105308533,0.000451585961215223,0.9935380816459656,0.008815616369247437
Haar_00,Robust GRAPE,775,0.9959167242050171,0.022581111639738083,0.00044257090486788037,0.9935125708580017,0.008006632328033447
Haar_00,Robust GRAPE,800,0.9968120455741882,0.020498227328062057,0.0004333932787055453,0.9944392442703247,0.007832765579223633
Haar_00,Robust GRAPE,825,0.9970429539680481,0.019807638600468636,0.0004240647782240588,0.9945683479309082,0.007612377405166626
Haar_00,Robust GRAPE,850,0.9955271482467651,0.022538388147950172,0.00041459729118575135,0.9937545657157898,0.007879853248596191
Haar_00,Robust GRAPE,875,0.9963269829750061,0.02077922411262989,0.00040500288247029097,0.9942493438720703,0.007570117712020874
Haar_00,Robust GRAPE,900,0.9955853223800659,0.022012436762452126,0.000395293778699817,0.9937497973442078,0.007564842700958252
Haar_00,Robust GRAPE,925,0.9964911937713623,0.019011953845620155,0.0003854823526579618,0.9946651458740234,0.006778627634048462
Haar_00,Robust GRAPE,950,0.9968315362930298,0.01864420808851719,0.00037558110752260914,0.9948040843009949,0.006852984428405762
Haar_00,Robust GRAPE,975,0.9974692463874817,0.016370415687561035,0.0003656026609324877,0.9954342842102051,0.006182372570037842
Haar_00,Robust GRAPE,1000,0.997146487236023,0.016234731301665306,0.0003555597289078979,0.9954366683959961,0.00587838888168335
Haar_00,Robust GRAPE,1025,0.9972245693206787,0.01590278372168541,0.0003454651096460691,0.995466411113739,0.005728930234909058
Haar_00,Robust GRAPE,1050,0.9975199699401855,0.016541078686714172,0.0003353316672117932,0.995511531829834,0.006381481885910034
Haar_00,Robust GRAPE,1075,0.9973417520523071,0.017230970785021782,0.00032517231514412183,0.9953340888023376,0.006604224443435669
Haar_00,Robust GRAPE,1100,0.9970649480819702,0.016453571617603302,0.00031500000000001264,0.9954622387886047,0.005986899137496948
Haar_00,Robust GRAPE,1125,0.9963803887367249,0.018121927976608276,0.00030482768485590346,0.995082676410675,0.0063897669315338135
Haar_00,Robust GRAPE,1150,0.997675359249115,0.014430631883442402,0.00029466833278823197,0.9958462119102478,0.0053012073040008545
Haar_00,Robust GRAPE,1175,0.9975826144218445,0.014158629812300205,0.00028453489035395595,0.9959278106689453,0.005112409591674805
Haar_00,Robust GRAPE,1200,0.9977828860282898,0.014258616603910923,0.00027444027109212697,0.9959907531738281,0.005354583263397217
Haar_00,Robust GRAPE,1225,0.9973918795585632,0.014179261401295662,0.0002643973390675363,0.9960228800773621,0.00506243109703064
Haar_00,Robust GRAPE,1250,0.9981157183647156,0.011972098611295223,0.00025441889247741393,0.9965710043907166,0.004438936710357666
Haar_00,Robust GRAPE,1275,0.9981188178062439,0.011664183810353279,0.00024451764734206047,0.9966915249824524,0.004316121339797974
Haar_00,Robust GRAPE,1300,0.9974184036254883,0.014503140933811665,0.0002347062213002039,0.9959421157836914,0.005242198705673218
Haar_00,Robust GRAPE,1325,0.9978295564651489,0.012808816507458687,0.00022499711752972876,0.9964472055435181,0.0047234296798706055
Haar_00,Robust GRAPE,1350,0.9980968832969666,0.011455418542027473,0.00021540270881426725,0.9967657923698425,0.00421181321144104
Haar_00,Robust GRAPE,1375,0.9981111884117126,0.012025998905301094,0.00020593522177595922,0.9966524243354797,0.004526197910308838
Haar_00,Robust GRAPE,1400,0.9981979131698608,0.011456838808953762,0.0001966067212944717,0.9967576861381531,0.004274725914001465
Haar_00,Robust GRAPE,1425,0.9983093738555908,0.010972151532769203,0.00018742909513213565,0.996921956539154,0.0041353702545166016
Haar_00,Robust GRAPE,1450,0.9985032677650452,0.010127482935786247,0.00017841403878479206,0.9971465468406677,0.0038512349128723145
Haar_00,Robust GRAPE,1475,0.9984323978424072,0.010241685435175896,0.0001695730405776513,0.9971340298652649,0.0038718581199645996
Haar_00,Robust GRAPE,1500,0.9984132647514343,0.010260329581797123,0.0001609173670251618,0.9970775842666626,0.0038338899612426758
Haar_00,Robust GRAPE,1525,0.9983753561973572,0.009983057156205177,0.00015245804847354195,0.997128427028656,0.003657609224319458
Haar_00,Robust GRAPE,1550,0.9985494017601013,0.00983707420527935,0.00014420586504427228,0.9972249269485474,0.0037406980991363525
Haar_00,Robust GRAPE,1575,0.9984133839607239,0.010028718039393425,0.0001361713328964629,0.9972109198570251,0.003768444061279297
Haar_00,Robust GRAPE,1600,0.9986251592636108,0.009148988872766495,0.0001283646908255991,0.9973951578140259,0.003445923328399658
Haar_00,Robust GRAPE,1625,0.9985960721969604,0.009030727669596672,0.0001207958872157459,0.9974271655082703,0.0033690929412841797
Haar_00,Robust GRAPE,1650,0.9984156489372253,0.009327787905931473,0.00011347456736183846,0.99729984998703,0.0033619701862335205
Haar_00,Robust GRAPE,1675,0.9985707402229309,0.008688158355653286,0.00010641006117821234,0.9974908828735352,0.003166288137435913
Haar_00,Robust GRAPE,1700,0.9985872507095337,0.008641020394861698,9.961137130904015e-05,0.9975048303604126,0.0031551122665405273
Haar_00,Robust GRAPE,1725,0.9987170100212097,0.008399269543588161,9.308716165582323e-05,0.9975854754447937,0.0031342506408691406
Haar_00,Robust GRAPE,1750,0.9986783862113953,0.00828237272799015,8.684574633656034e-05,0.9976072311401367,0.0030450820922851562
Haar_00,Robust GRAPE,1775,0.9987180829048157,0.008293322287499905,8.089507909066261e-05,0.9976110458374023,0.003081381320953369
Haar_00,Robust GRAPE,1800,0.9987325072288513,0.008184392005205154,7.524274314311579e-05,0.9976508021354675,0.0030448734760284424
Haar_00,Robust GRAPE,1825,0.9987273812294006,0.008076773025095463,6.989594154080749e-05,0.9976686835289001,0.0029816627502441406
Haar_00,Robust GRAPE,1850,0.9987518191337585,0.008006343618035316,6.486148797333406e-05,0.9976839423179626,0.002961099147796631
Haar_00,Robust GRAPE,1875,0.9987555146217346,0.007942352443933487,6.0145798089983905e-05,0.9977089166641235,0.002937614917755127
Haar_00,Robust GRAPE,1900,0.9987579584121704,0.007890213280916214,5.575488132396362e-05,0.9977268576622009,0.0029164254665374756
Haar_00,Robust GRAPE,1925,0.9987581968307495,0.007805062457919121,5.169433323428443e-05,0.9977383017539978,0.0028674304485321045
Haar_00,Robust GRAPE,1950,0.9987808465957642,0.007772970944643021,4.796932837506882e-05,0.9977468848228455,0.0028668344020843506
Haar_00,Robust GRAPE,1975,0.998806357383728,0.007726598531007767,4.458461370136463e-05,0.997768223285675,0.002867192029953003
Haar_00,Robust GRAPE,2000,0.9987766742706299,0.007683960720896721,4.154450251986887e-05,0.9977703094482422,0.002820432186126709
Haar_00,Robust GRAPE,2025,0.9987927675247192,0.0076621901243925095,3.885286899227088e-05,0.9977812170982361,0.002823859453201294
Haar_00,Robust GRAPE,2050,0.9987931251525879,0.0076228538528084755,3.6513143198219925e-05,0.9977955222129822,0.0028073787689208984
Haar_00,Robust GRAPE,2075,0.9988111257553101,0.007590989116579294,3.4528306764207154e-05,0.9978002905845642,0.002801358699798584
Haar_00,Robust GRAPE,2100,0.99880051612854,0.007575447205454111,3.290088906393433e-05,0.9978100061416626,0.0027903616428375244
Haar_00,Robust GRAPE,2125,0.9987984895706177,0.0075326659716665745,3.163296399500936e-05,0.9978132247924805,0.002762734889984131
Haar_00,Robust GRAPE,2150,0.998815655708313,0.007509774528443813,3.072614733607778e-05,0.9978258013725281,0.0027672946453094482
Haar_00,Robust GRAPE,2175,0.9987970590591431,0.0074804434552788734,3.018159468775736e-05,0.9978257417678833,0.002735227346420288
Haar_00,Robust GRAPE,2200,0.9988217353820801,0.007457784377038479,2.9999999999999997e-05,0.9978365302085876,0.0027437806129455566
Haar_00,NN-seeded GRAPE,1,0.9977320432662964,0.0022679653484374285,0.00019999706997625503,,
Haar_00,NN-seeded GRAPE,20,0.9951990246772766,0.00480098370462656,0.000198830392356538,,
Haar_00,NN-seeded GRAPE,40,0.9986400604248047,0.0013599481899291277,0.0001953503690480395,,
Haar_00,NN-seeded GRAPE,60,0.9988064765930176,0.001193532021716237,0.0001896456197978949,,
Haar_00,NN-seeded GRAPE,80,0.9988990426063538,0.0011009660083800554,0.00018185661446561998,,
Haar_00,NN-seeded GRAPE,100,0.9988591074943542,0.0011409011203795671,0.000172175144212722,,
Haar_00,NN-seeded GRAPE,120,0.9989842176437378,0.0010157909709960222,0.00016083959896778487,,
Haar_00,NN-seeded GRAPE,140,0.999018669128418,0.0009813394863158464,0.00014812909747525683,,
Haar_00,NN-seeded GRAPE,160,0.9990496635437012,0.0009503450128249824,0.0001343566144656199,,
Haar_00,NN-seeded GRAPE,180,0.9990748167037964,0.0009251918527297676,0.00011986127417882194,,
Haar_00,NN-seeded GRAPE,200,0.9991011023521423,0.0008989062043838203,0.00010500000000000002,,
Haar_00,NN-seeded GRAPE,220,0.9991210103034973,0.0008789982530288398,9.013872582117809e-05,,
Haar_00,NN-seeded GRAPE,240,0.9991382956504822,0.0008617129060439765,7.564338553438001e-05,,
Haar_00,NN-seeded GRAPE,260,0.9991514086723328,0.0008485998841933906,6.187090252474307e-05,,
Haar_00,NN-seeded GRAPE,280,0.9991633296012878,0.0008366789552383125,4.9160401032215056e-05,,
Haar_00,NN-seeded GRAPE,300,0.9991733431816101,0.0008266653749160469,3.7824855787278006e-05,,
Haar_00,NN-seeded GRAPE,320,0.9991815686225891,0.000818439933937043,2.8143385534380033e-05,,
Haar_00,NN-seeded GRAPE,340,0.9991864562034607,0.0008135523530654609,2.0354380202105085e-05,,
Haar_00,NN-seeded GRAPE,360,0.999189555644989,0.0008104529115371406,1.4649630951960429e-05,,
Haar_00,NN-seeded GRAPE,380,0.9991926550865173,0.0008073534700088203,1.1169607643461929e-05,,
Haar_00,NN-seeded GRAPE,400,0.9991962313652039,0.0008037771913222969,1e-05,,
Haar_00,CRAB-SPSA,1,0.02918827533721924,0.9708117246627808,,,
Haar_00,CRAB-SPSA,25,0.004054009914398193,0.9959459900856018,,,
Haar_00,CRAB-SPSA,50,0.0022215843200683594,0.9977784156799316,,,
Haar_00,CRAB-SPSA,75,0.014470219612121582,0.9855297803878784,,,
Haar_00,CRAB-SPSA,100,0.014592170715332031,0.985407829284668,,,
Haar_00,CRAB-SPSA,125,0.002545595169067383,0.9974544048309326,,,
Haar_00,CRAB-SPSA,150,0.017213881015777588,0.9827861189842224,,,
Haar_00,CRAB-SPSA,175,0.01520925760269165,0.9847907423973083,,,
Haar_00,CRAB-SPSA,200,0.008901894092559814,0.9910981059074402,,,
Haar_00,CRAB-SPSA,225,0.011539936065673828,0.9884600639343262,,,
Haar_00,CRAB-SPSA,250,0.02776658535003662,0.9722334146499634,,,
Haar_00,CRAB-SPSA,275,0.0007560253143310547,0.999243974685669,,,
Haar_00,CRAB-SPSA,300,0.04834604263305664,0.9516539573669434,,,
Haar_00,CRAB-SPSA,325,0.006096780300140381,0.9939032196998596,,,
Haar_00,CRAB-SPSA,350,0.007801055908203125,0.9921989440917969,,,
Haar_00,CRAB-SPSA,375,0.02001357078552246,0.9799864292144775,,,
Haar_00,CRAB-SPSA,400,0.022994697093963623,0.9770053029060364,,,
Haar_00,CRAB-SPSA,425,0.022223234176635742,0.9777767658233643,,,
Haar_00,CRAB-SPSA,450,0.0037911534309387207,0.9962088465690613,,,
Haar_00,CRAB-SPSA,475,0.015572130680084229,0.9844278693199158,,,
Haar_00,CRAB-SPSA,500,0.015604972839355469,0.9843950271606445,,,
Haar_00,CRAB-SPSA,525,0.010577142238616943,0.9894228577613831,,,
Haar_00,CRAB-SPSA,550,0.0014882087707519531,0.998511791229248,,,
Haar_00,CRAB-SPSA,575,0.004531979560852051,0.995468020439148,,,
Haar_00,CRAB-SPSA,600,0.005000174045562744,0.9949998259544373,,,
Haar_00,CRAB-SPSA,625,0.0010886192321777344,0.9989113807678223,,,
Haar_00,CRAB-SPSA,650,0.004043996334075928,0.9959560036659241,,,
Haar_00,CRAB-SPSA,675,0.007715463638305664,0.9922845363616943,,,
Haar_00,CRAB-SPSA,700,0.023120641708374023,0.976879358291626,,,
Haar_00,CRAB-SPSA,725,0.0005432963371276855,0.9994567036628723,,,
Haar_00,CRAB-SPSA,750,0.0005603432655334473,0.9994396567344666,,,
Haar_00,CRAB-SPSA,775,0.019899964332580566,0.9801000356674194,,,
Haar_00,CRAB-SPSA,800,0.01601254940032959,0.9839874505996704,,,
Haar_00,CRAB-SPSA,825,0.013157308101654053,0.986842691898346,,,
Haar_00,CRAB-SPSA,850,0.0003177523612976074,0.9996822476387024,,,
Haar_00,CRAB-SPSA,875,0.03754603862762451,0.9624539613723755,,,
Haar_00,CRAB-SPSA,900,0.0015884637832641602,0.9984115362167358,,,
Haar_00,CRAB-SPSA,925,0.0034790635108947754,0.9965209364891052,,,
Haar_00,CRAB-SPSA,950,0.013052165508270264,0.9869478344917297,,,
Haar_00,CRAB-SPSA,975,0.017159461975097656,0.9828405380249023,,,
Haar_00,CRAB-SPSA,1000,0.009601593017578125,0.9903984069824219,,,
Haar_00,CRAB-SPSA,1025,0.01326662302017212,0.9867333769798279,,,
Haar_00,CRAB-SPSA,1050,0.03202652931213379,0.9679734706878662,,,
Haar_00,CRAB-SPSA,1075,0.012102961540222168,0.9878970384597778,,,
Haar_00,CRAB-SPSA,1100,0.017950117588043213,0.9820498824119568,,,
Haar_00,CRAB-SPSA,1125,0.042311131954193115,0.9576888680458069,,,
Haar_00,CRAB-SPSA,1150,0.010158419609069824,0.9898415803909302,,,
Haar_00,CRAB-SPSA,1175,0.029993057250976562,0.9700069427490234,,,
Haar_00,CRAB-SPSA,1200,0.0022176504135131836,0.9977823495864868,,,
Haar_00,CRAB-SPSA,1225,0.0026913881301879883,0.997308611869812,,,
Haar_00,CRAB-SPSA,1250,0.04730445146560669,0.9526955485343933,,,
Haar_00,CRAB-SPSA,1275,0.04107385873794556,0.9589261412620544,,,
Haar_00,CRAB-SPSA,1300,0.018660545349121094,0.9813394546508789,,,
Haar_00,CRAB-SPSA,1325,0.009074568748474121,0.9909254312515259,,,
Haar_00,CRAB-SPSA,1350,0.02442944049835205,0.975570559501648,,,
Haar_00,CRAB-SPSA,1375,0.0046880245208740234,0.995311975479126,,,
Haar_00,CRAB-SPSA,1400,0.04669058322906494,0.9533094167709351,,,
Haar_00,CRAB-SPSA,1425,0.02671992778778076,0.9732800722122192,,,
Haar_00,CRAB-SPSA,1450,0.004105567932128906,0.9958944320678711,,,
Haar_00,CRAB-SPSA,1475,0.0025844573974609375,0.9974155426025391,,,
Haar_00,CRAB-SPSA,1500,0.0019354820251464844,0.9980645179748535,,,
Haar_01,GRAPE,1,0.004162782337516546,0.9958372116088867,0.0007999995311938873,,
Haar_01,GRAPE,25,0.9256576895713806,0.07434233278036118,0.0007997070337714746,,
Haar_01,GRAPE,50,0.9774934649467468,0.022506559267640114,0.0007988285868185884,,
Haar_01,GRAPE,75,0.9822806715965271,0.01771935261785984,0.0007973660136428716,,
Haar_01,GRAPE,100,0.9813063144683838,0.01869370974600315,0.000795321569426152,,
Haar_01,GRAPE,125,0.984937846660614,0.015062177553772926,0.0007926984065532274,,
Haar_01,GRAPE,150,0.990054190158844,0.009945834055542946,0.000789500569751117,,
Haar_01,GRAPE,175,0.991391658782959,0.008608365431427956,0.0007857329898523859,,
Haar_01,GRAPE,200,0.9936141967773438,0.00638582743704319,0.0007814014761921583,,
Haar_01,GRAPE,225,0.9877389669418335,0.012261057272553444,0.0007765127076505443,,
Haar_01,GRAPE,250,0.9874781370162964,0.012521887198090553,0.0007710742223542895,,
Haar_01,GRAPE,275,0.9906295537948608,0.0093704704195261,0.0007650944060535315,,
Haar_01,GRAPE,300,0.9907494187355042,0.00925060547888279,0.0007585824791915802,,
Haar_01,GRAPE,325,0.9927286505699158,0.007271374110132456,0.0007515484826876632,,
Haar_01,GRAPE,350,0.9903991222381592,0.00960090197622776,0.0007440032624545552,,
Haar_01,GRAPE,375,0.9920645356178284,0.00793548859655857,0.0007359584526749675,,
Haar_01,GRAPE,400,0.9926944375038147,0.00730558717623353,0.0007274264578624801,,
Haar_01,GRAPE,425,0.9939911365509033,0.006008888129144907,0.000718420433734683,,
Haar_01,GRAPE,450,0.9918793439865112,0.00812068022787571,0.0007089542669280117,,
Haar_01,GRAPE,475,0.993327796459198,0.006672228220850229,0.0006990425535855607,,
Haar_01,GRAPE,500,0.993537425994873,0.0064625986851751804,0.000688700576850888,,
Haar_01,GRAPE,525,0.9946313500404358,0.005368674639612436,0.000677944283302518,,
Haar_01,GRAPE,550,0.9932525157928467,0.006747508887201548,0.00066679025836547,,
Haar_01,GRAPE,575,0.9945051074028015,0.005494917277246714,0.000655255700737737,,
Haar_01,GRAPE,600,0.9941467046737671,0.0058533200062811375,0.00064335839587114,,
Haar_01,GRAPE,625,0.9951292276382446,0.004870797041803598,0.0006311166885474491,,
Haar_01,GRAPE,650,0.994506299495697,0.005493725184351206,0.0006185494545920606,,
Haar_01,GRAPE,675,0.9955331087112427,0.0044669159688055515,0.0006056760717688429,,
Haar_01,GRAPE,700,0.9948447942733765,0.0051552304066717625,0.0005925163899010278,,
Haar_01,GRAPE,725,0.9957699179649353,0.004230106715112925,0.0005790907002642228,,
Haar_01,GRAPE,750,0.995429277420044,0.004570747260004282,0.0005654197042987343,,
Haar_01,GRAPE,775,0.9962419867515564,0.003758037928491831,0.0005515244816894474,,
Haar_01,GRAPE,800,0.9957247376441956,0.004275287035852671,0.0005374264578624799,,
Haar_01,GRAPE,825,0.9964969158172607,0.003503108862787485,0.0005231473709487284,,
Haar_01,GRAPE,850,0.9961704015731812,0.003829623106867075,0.0005087092382652451,,
Haar_01,GRAPE,875,0.9968305826187134,0.0031694420613348484,0.0004941343223661304,,
Haar_01,GRAPE,900,0.9965158104896545,0.0034842141903936863,0.00047944509671528975,,
Haar_01,GRAPE,925,0.9970284104347229,0.002971614245325327,0.00046466421103398016,,
Haar_01,GRAPE,950,0.996839165687561,0.003160858992487192,0.0004498144563765829,,
Haar_01,GRAPE,975,0.9971365928649902,0.002863431815057993,0.00043491872998844796,,
Haar_01,GRAPE,1000,0.9968929886817932,0.0031070359982550144,0.00042000000000000175,,
Haar_01,GRAPE,1025,0.9974899291992188,0.0025100954808294773,0.00040508127001155555,,
Haar_01,GRAPE,1050,0.9981446266174316,0.0018553981790319085,0.0003901855436234205,,
Haar_01,GRAPE,1075,0.9992778301239014,0.000722194672562182,0.00037533578896602334,,
Haar_01,GRAPE,1100,0.9993029832839966,0.0006970415124669671,0.00036055490328471386,,
Haar_01,GRAPE,1125,0.9993338584899902,0.0006661663064733148,0.0003458656776338729,,
Haar_01,GRAPE,1150,0.9993554353713989,0.0006445894250646234,0.0003312907617347575,,
Haar_01,GRAPE,1175,0.9993760585784912,0.0006239662179723382,0.00031685262905127316,,
Haar_01,GRAPE,1200,0.9993959665298462,0.0006040582666173577,0.0003025735421375214,,
Haar_01,GRAPE,1225,0.99941486120224,0.0005851635942235589,0.00028847551831055404,,
Haar_01,GRAPE,1250,0.9994320273399353,0.0005679974565282464,0.00027458029570126747,,
Haar_01,GRAPE,1275,0.9994459748268127,0.000554049969650805,0.0002609092997357791,,
Haar_01,GRAPE,1300,0.9994609951972961,0.0005390296573750675,0.0002474836100989745,,
Haar_01,GRAPE,1325,0.9994754195213318,0.0005246053333394229,0.0002343239282311593,,
Haar_01,GRAPE,1350,0.9994881749153137,0.0005118499393574893,0.00022145054540794148,,
Haar_01,Robust GRAPE,1,0.004340718500316143,3.487658977508545,0.0005999997094176884,0.004073245916515589,0.9973816871643066
Haar_01,Robust GRAPE,25,0.8790177702903748,0.5307263135910034,0.0005998184053122424,0.8552749752998352,0.17667916417121887
Haar_01,Robust GRAPE,50,0.9705216288566589,0.16244886815547943,0.0005992738526639225,0.9556505084037781,0.05908045172691345
Haar_01,Robust GRAPE,75,0.9743687510490417,0.13518397510051727,0.0005983670360049908,0.9640684127807617,0.04908055067062378
Haar_01,Robust GRAPE,100,0.9842883348464966,0.08894264698028564,0.0005970991109360656,0.9770788550376892,0.033539652824401855
Haar_01,Robust GRAPE,125,0.9864522814750671,0.07662103325128555,0.000595471693235793,0.9795292019844055,0.028401434421539307
Haar_01,Robust GRAPE,150,0.9898470044136047,0.06520156562328339,0.0005934868568017803,0.9828419089317322,0.025260061025619507
Haar_01,Robust GRAPE,175,0.9896126389503479,0.061831340193748474,0.0005911471310077294,0.9833359122276306,0.023186326026916504
Haar_01,Robust GRAPE,200,0.9922823309898376,0.053009193390607834,0.0005884554974801316,0.9855154156684875,0.02053770422935486
Haar_01,Robust GRAPE,225,0.9906477332115173,0.05681897699832916,0.0005854153862986362,0.9855591058731079,0.022016942501068115
Haar_01,Robust GRAPE,250,0.9928100109100342,0.04778274893760681,0.000582030671624932,0.9878824353218079,0.01898321509361267
Haar_01,Robust GRAPE,275,0.9920377135276794,0.05177683383226395,0.0005783056667657171,0.9858606457710266,0.01978316903114319
Haar_01,Robust GRAPE,300,0.9923385977745056,0.0490681454539299,0.000574245118676038,0.986728847026825,0.01875680685043335
Haar_01,Robust GRAPE,325,0.9894087910652161,0.057782769203186035,0.0005698542019100181,0.9842172861099243,0.020938962697982788
Haar_01,Robust GRAPE,350,0.9941744208335876,0.04030287265777588,0.0005651385120266685,0.9891883730888367,0.015776842832565308
Haar_01,Robust GRAPE,375,0.9934314489364624,0.04221246764063835,0.0005601040584591952,0.9885334372520447,0.016117960214614868
Haar_01,Robust GRAPE,400,0.9944053888320923,0.03840237855911255,0.0005547572568568876,0.9898709654808044,0.01511886715888977
Haar_01,Robust GRAPE,425,0.9942067265510559,0.038226183503866196,0.0005491049209093409,0.9898518919944763,0.014856278896331787
Haar_01,Robust GRAPE,450,0.9948082566261292,0.03610166534781456,0.0005431542536634437,0.9900853037834167,0.013996541500091553
Haar_01,Robust GRAPE,475,0.9956787824630737,0.032344553619623184,0.0005369128383441814,0.9913930892944336,0.012944042682647705
Haar_01,Robust GRAPE,500,0.9936360120773315,0.04064007103443146,0.0005303886286909646,0.9889906048774719,0.015510916709899902
Haar_01,Robust GRAPE,525,0.9923319816589355,0.042804352939128876,0.0005235899388217924,0.9884867072105408,0.01574838161468506
Haar_01,Robust GRAPE,550,0.9952530264854431,0.031956326216459274,0.0005165254326381668,0.9912471175193787,0.012304037809371948
Haar_01,Robust GRAPE,575,0.9951134920120239,0.031391024589538574,0.0005092041127842604,0.9918239712715149,0.012218683958053589
Haar_01,Robust GRAPE,600,0.9956623911857605,0.03024853952229023,0.0005016353091744084,0.9917311668395996,0.01176115870475769
Haar_01,Robust GRAPE,625,0.9957520961761475,0.02985542267560959,0.0004938286671035459,0.9918181300163269,0.01161685585975647
Haar_01,Robust GRAPE,650,0.9965733885765076,0.025006333366036415,0.00048579413495573756,0.9934101104736328,0.009992986917495728
Haar_01,Robust GRAPE,675,0.9940493702888489,0.03225966542959213,0.0004775419515264692,0.9910784959793091,0.011591434478759766
Haar_01,Robust GRAPE,700,0.9955326318740845,0.02710358239710331,0.0004690826329748505,0.9927603006362915,0.01026412844657898
Haar_01,Robust GRAPE,725,0.9957970380783081,0.028390979394316673,0.0004604269594223624,0.9920974969863892,0.010856717824935913
Haar_01,Robust GRAPE,750,0.9963687062263489,0.026144662871956825,0.000451585961215223,0.992800235748291,0.010208815336227417
Haar_01,Robust GRAPE,775,0.9957311749458313,0.02596660889685154,0.00044257090486788037,0.9930446743965149,0.00982809066772461
Haar_01,Robust GRAPE,800,0.9962579607963562,0.02400805801153183,0.0004333932787055453,0.9935725331306458,0.009225457906723022
Haar_01,Robust GRAPE,825,0.9965592622756958,0.02481536939740181,0.0004240647782240588,0.9931303262710571,0.009669721126556396
Haar_01,Robust GRAPE,850,0.9969795942306519,0.023121315985918045,0.00041459729118575135,0.9936504364013672,0.009167253971099854
Haar_01,Robust GRAPE,875,0.9963463544845581,0.022885290905833244,0.00040500288247029097,0.9938507080078125,0.008721321821212769
Haar_01,Robust GRAPE,900,0.9967473745346069,0.021418128162622452,0.000395293778699817,0.9942284822463989,0.008262425661087036
Haar_01,Robust GRAPE,925,0.9970889091491699,0.02234334498643875,0.0003854823526579618,0.9938673973083496,0.008866190910339355
Haar_01,Robust GRAPE,950,0.997331976890564,0.021168453618884087,0.00037558110752260914,0.9942117929458618,0.008474528789520264
Haar_01,Robust GRAPE,975,0.9968875050544739,0.020275497809052467,0.0003656026609324877,0.9945034384727478,0.007777392864227295
Haar_01,Robust GRAPE,1000,0.9971450567245483,0.019392909482121468,0.0003555597289078979,0.9947488903999329,0.007524371147155762
Haar_01,Robust GRAPE,1025,0.997430682182312,0.020377496257424355,0.0003454651096460691,0.9945217967033386,0.008219748735427856
Haar_01,Robust GRAPE,1050,0.9973530173301697,0.019766898825764656,0.0003353316672117932,0.9948766827583313,0.007997453212738037
Haar_01,Robust GRAPE,1075,0.9957563877105713,0.026904217898845673,0.00032517231514412183,0.9925136566162109,0.010115951299667358
Haar_01,Robust GRAPE,1100,0.9965197443962097,0.021876223385334015,0.00031500000000001264,0.9941916465759277,0.008391499519348145
Haar_01,Robust GRAPE,1125,0.9970999360084534,0.019714994356036186,0.00030482768485590346,0.9947864413261414,0.007733941078186035
Haar_01,Robust GRAPE,1150,0.9961839318275452,0.023047203198075294,0.00029466833278823197,0.993874728679657,0.008737027645111084
Haar_01,Robust GRAPE,1175,0.9964933395385742,0.023134859278798103,0.00028453489035395595,0.9935054779052734,0.00875556468963623
Haar_01,Robust GRAPE,1200,0.9972031712532043,0.018617810681462288,0.00027444027109212697,0.9949977993965149,0.007212281227111816
Haar_01,Robust GRAPE,1225,0.9967807531356812,0.021075112745165825,0.0002643973390675363,0.9940624237060547,0.007945239543914795
Haar_01,Robust GRAPE,1250,0.9971588850021362,0.01923566870391369,0.00025441889247741393,0.9946760535240173,0.007380157709121704
Haar_01,Robust GRAPE,1275,0.9977760910987854,0.017076069489121437,0.00024451764734206047,0.9953061938285828,0.006771981716156006
Haar_01,Robust GRAPE,1300,0.9977976083755493,0.016621453687548637,0.0002347062213002039,0.9955574870109558,0.006650805473327637
Haar_01,Robust GRAPE,1325,0.9977841973304749,0.016565555706620216,0.00022499711752972876,0.9955077171325684,0.006571412086486816
Haar_01,Robust GRAPE,1350,0.9978306293487549,0.016714872792363167,0.00021540270881426725,0.9953481554985046,0.006595492362976074
Haar_01,Robust GRAPE,1375,0.9980459213256836,0.015814604237675667,0.00020593522177595922,0.9956292510032654,0.006326258182525635
Haar_01,Robust GRAPE,1400,0.9979442358016968,0.015630371868610382,0.0001966067212944717,0.9958487749099731,0.006282031536102295
Haar_01,Robust GRAPE,1425,0.9980797171592712,0.015496577136218548,0.00018742909513213565,0.9957777261734009,0.006235718727111816
Haar_01,Robust GRAPE,1450,0.9983091354370117,0.014576362445950508,0.00017841403878479206,0.9960018396377563,0.00592467188835144
Haar_01,Robust GRAPE,1475,0.9982547163963318,0.014690019190311432,0.0001695730405776513,0.9960317611694336,0.005984127521514893
Haar_01,Robust GRAPE,1500,0.9982771873474121,0.014600712805986404,0.0001609173670251618,0.9959961175918579,0.0059157609939575195
Haar_01,Robust GRAPE,1525,0.9982288479804993,0.014339057728648186,0.00015245804847354195,0.9961217045783997,0.005792826414108276
Haar_01,Robust GRAPE,1550,0.9983303546905518,0.0140331219881773,0.00014420586504427228,0.9962325096130371,0.005730390548706055
Haar_01,Robust GRAPE,1575,0.9983977675437927,0.013921142555773258,0.0001361713328964629,0.9961514472961426,0.005646646022796631
Haar_01,Robust GRAPE,1600,0.9982722401618958,0.013825280591845512,0.0001283646908255991,0.9962230920791626,0.0055468082427978516
Haar_01,Robust GRAPE,1625,0.9984465837478638,0.013694189488887787,0.0001207958872157459,0.996274471282959,0.0056098997592926025
Haar_01,Robust GRAPE,1650,0.9985037446022034,0.013439623638987541,0.00011347456736183846,0.9963268637657166,0.005513221025466919
Haar_01,Robust GRAPE,1675,0.9985647797584534,0.012911085039377213,0.00010641006117821234,0.9964572191238403,0.005288451910018921
Haar_01,Robust GRAPE,1700,0.9986019134521484,0.012736208736896515,9.961137130904015e-05,0.9965230226516724,0.005240499973297119
Haar_01,Robust GRAPE,1725,0.9986233711242676,0.012598882429301739,9.308716165582323e-05,0.9965624213218689,0.0051895081996917725
Haar_01,Robust GRAPE,1750,0.9986273050308228,0.012476176954805851,8.684574633656034e-05,0.9965693354606628,0.0051149725914001465
Haar_01,Robust GRAPE,1775,0.9986326694488525,0.012444854713976383,8.089507909066261e-05,0.9965761303901672,0.0051021575927734375
Haar_01,Robust GRAPE,1800,0.9986657500267029,0.01221531443297863,7.524274314311579e-05,0.9966506361961365,0.005020827054977417
Haar_01,Robust GRAPE,1825,0.9986690878868103,0.012141169048845768,6.989594154080749e-05,0.9966753125190735,0.004990100860595703
Haar_01,Robust GRAPE,1850,0.9986567497253418,0.012188504450023174,6.486148797333406e-05,0.996655285358429,0.005000084638595581
Haar_01,Robust GRAPE,1875,0.9986943602561951,0.011983148753643036,6.0145798089983905e-05,0.9967111945152283,0.004925578832626343
Haar_01,Robust GRAPE,1900,0.9986925721168518,0.011959947645664215,5.575488132396362e-05,0.9967231750488281,0.0049169063568115234
Haar_01,Robust GRAPE,1925,0.9987122416496277,0.011831224896013737,5.169433323428443e-05,0.9967474341392517,0.004860341548919678
Haar_01,Robust GRAPE,1950,0.9987109303474426,0.011786364018917084,4.796932837506882e-05,0.9967471957206726,0.004829376935958862
Haar_01,Robust GRAPE,1975,0.9987252354621887,0.011721817776560783,4.458461370136463e-05,0.9967767596244812,0.0048156678676605225
Haar_01,Robust GRAPE,2000,0.9987172484397888,0.011671606451272964,4.154450251986887e-05,0.9967803955078125,0.004779249429702759
Haar_01,Robust GRAPE,2025,0.9987202286720276,0.011695854365825653,3.885286899227088e-05,0.9967811703681946,0.0047979652881622314
Haar_01,Robust GRAPE,2050,0.9987311959266663,0.011623353697359562,3.6513143198219925e-05,0.996795654296875,0.004766523838043213
Haar_01,Robust GRAPE,2075,0.9987350106239319,0.011571936309337616,3.4528306764207154e-05,0.9968094229698181,0.004744023084640503
Haar_01,Robust GRAPE,2100,0.9987412095069885,0.01151456031948328,3.290088906393433e-05,0.9968227744102478,0.004718810319900513
Haar_01,Robust GRAPE,2125,0.9987463355064392,0.011470619589090347,3.163296399500936e-05,0.9968338012695312,0.004700273275375366
Haar_01,Robust GRAPE,2150,0.9987487196922302,0.011430226266384125,3.072614733607778e-05,0.9968442916870117,0.0046818554401397705
Haar_01,Robust GRAPE,2175,0.998755931854248,0.011391849257051945,3.018159468775736e-05,0.996854305267334,0.004667818546295166
Haar_01,Robust GRAPE,2200,0.9987605810165405,0.011354277841746807,2.9999999999999997e-05,0.9968636631965637,0.004652112722396851
Haar_01,NN-seeded GRAPE,1,0.9973930716514587,0.0026069360319525003,0.00019999706997625503,,
Haar_01,NN-seeded GRAPE,20,0.997628927230835,0.0023710804525762796,0.000198830392356538,,
Haar_01,NN-seeded GRAPE,40,0.9986640810966492,0.0013359267031773925,0.0001953503690480395,,
Haar_01,NN-seeded GRAPE,60,0.9988855719566345,0.001114435843192041,0.0001896456197978949,,
Haar_01,NN-seeded GRAPE,80,0.9989826679229736,0.0010173398768529296,0.00018185661446561998,,
Haar_01,NN-seeded GRAPE,100,0.9990482330322266,0.0009517747675999999,0.000172175144212722,,
Haar_01,NN-seeded GRAPE,120,0.999093234539032,0.00090677326079458,0.00016083959896778487,,
Haar_01,NN-seeded GRAPE,140,0.9991405606269836,0.0008594472310505807,0.00014812909747525683,,
Haar_01,NN-seeded GRAPE,160,0.9991770386695862,0.0008229691884480417,0.0001343566144656199,,
Haar_01,NN-seeded GRAPE,180,0.9992071986198425,0.000792809238191694,0.00011986127417882194,,
Haar_01,NN-seeded GRAPE,200,0.9992338418960571,0.0007661659619770944,0.00010500000000000002,,
Haar_01,NN-seeded GRAPE,220,0.9992579221725464,0.0007420856854878366,9.013872582117809e-05,,
Haar_01,NN-seeded GRAPE,240,0.9992774724960327,0.0007225353620015085,7.564338553438001e-05,,
Haar_01,NN-seeded GRAPE,260,0.9992959499359131,0.0007040579221211374,6.187090252474307e-05,,
Haar_01,NN-seeded GRAPE,280,0.9993095397949219,0.0006904681213200092,4.9160401032215056e-05,,
Haar_01,NN-seeded GRAPE,300,0.9993160963058472,0.0006839116103947163,3.7824855787278006e-05,,
Haar_01,NN-seeded GRAPE,320,0.9993230104446411,0.000676997471600771,2.8143385534380033e-05,,
Haar_01,NN-seeded GRAPE,340,0.9993264675140381,0.0006735404022037983,2.0354380202105085e-05,,
Haar_01,NN-seeded GRAPE,360,0.9993339776992798,0.0006660302169620991,1.4649630951960429e-05,,
Haar_01,NN-seeded GRAPE,380,0.9993375539779663,0.0006624539382755756,1.1169607643461929e-05,,
Haar_01,NN-seeded GRAPE,400,0.9993363618850708,0.0006636460311710835,1e-05,,
Haar_01,CRAB-SPSA,1,0.0027649402618408203,0.9972350597381592,,,
Haar_01,CRAB-SPSA,25,0.0006209611892700195,0.99937903881073,,,
Haar_01,CRAB-SPSA,50,0.0013747215270996094,0.9986252784729004,,,
Haar_01,CRAB-SPSA,75,0.018162667751312256,0.9818373322486877,,,
Haar_01,CRAB-SPSA,100,0.031576454639434814,0.9684235453605652,,,
Haar_01,CRAB-SPSA,125,0.02669072151184082,0.9733092784881592,,,
Haar_01,CRAB-SPSA,150,0.009120702743530273,0.9908792972564697,,,
Haar_01,CRAB-SPSA,175,0.005243897438049316,0.9947561025619507,,,
Haar_01,CRAB-SPSA,200,0.008268296718597412,0.9917317032814026,,,
Haar_01,CRAB-SPSA,225,0.046574294567108154,0.9534257054328918,,,
Haar_01,CRAB-SPSA,250,0.013638138771057129,0.9863618612289429,,,
Haar_01,CRAB-SPSA,275,0.004951179027557373,0.9950488209724426,,,
Haar_01,CRAB-SPSA,300,0.010615766048431396,0.9893842339515686,,,
Haar_01,CRAB-SPSA,325,0.027332305908203125,0.9726676940917969,,,
Haar_01,CRAB-SPSA,350,0.004408419132232666,0.9955915808677673,,,
Haar_01,CRAB-SPSA,375,0.007637441158294678,0.9923625588417053,,,
Haar_01,CRAB-SPSA,400,0.016259968280792236,0.9837400317192078,,,
Haar_01,CRAB-SPSA,425,0.0022826790809631348,0.9977173209190369,,,
Haar_01,CRAB-SPSA,450,0.011619031429290771,0.9883809685707092,,,
Haar_01,CRAB-SPSA,475,0.0010494589805603027,0.9989505410194397,,,
Haar_01,CRAB-SPSA,500,0.016030550003051758,0.9839694499969482,,,
Haar_01,CRAB-SPSA,525,0.0003072023391723633,0.9996927976608276,,,
Haar_01,CRAB-SPSA,550,0.021105289459228516,0.9788947105407715,,,
Haar_01,CRAB-SPSA,575,0.03110271692276001,0.96889728307724,,,
Haar_01,CRAB-SPSA,600,0.0017492175102233887,0.9982507824897766,,,
Haar_01,CRAB-SPSA,625,0.00614851713180542,0.9938514828681946,,,
Haar_01,CRAB-SPSA,650,0.03155416250228882,0.9684458374977112,,,
Haar_01,CRAB-SPSA,675,0.0618097186088562,0.9381902813911438,,,
Haar_01,CRAB-SPSA,700,0.022072792053222656,0.9779272079467773,,,
Haar_01,CRAB-SPSA,725,0.004326462745666504,0.9956735372543335,,,
Haar_01,CRAB-SPSA,750,0.01272571086883545,0.9872742891311646,,,
Haar_01,CRAB-SPSA,775,0.008079349994659424,0.9919206500053406,,,
Haar_01,CRAB-SPSA,800,0.02865421772003174,0.9713457822799683,,,
Haar_01,CRAB-SPSA,825,0.049428343772888184,0.9505716562271118,,,
Haar_01,CRAB-SPSA,850,0.002149045467376709,0.9978509545326233,,,
Haar_01,CRAB-SPSA,875,0.05449169874191284,0.9455083012580872,,,
Haar_01,CRAB-SPSA,900,0.01581120491027832,0.9841887950897217,,,
Haar_01,CRAB-SPSA,925,0.005769312381744385,0.9942306876182556,,,
Haar_01,CRAB-SPSA,950,0.003380119800567627,0.9966198801994324,,,
Haar_01,CRAB-SPSA,975,0.09221494197845459,0.9077850580215454,,,
Haar_01,CRAB-SPSA,1000,0.07333052158355713,0.9266694784164429,,,
Haar_01,CRAB-SPSA,1025,0.047338902950286865,0.9526610970497131,,,
Haar_01,CRAB-SPSA,1050,0.028934240341186523,0.9710657596588135,,,
Haar_01,CRAB-SPSA,1075,0.01053231954574585,0.9894676804542542,,,
Haar_01,CRAB-SPSA,1100,0.0062139034271240234,0.993786096572876,,,
Haar_01,CRAB-SPSA,1125,0.007357895374298096,0.9926421046257019,,,
Haar_01,CRAB-SPSA,1150,0.000583350658416748,0.9994166493415833,,,
Haar_01,CRAB-SPSA,1175,0.014557123184204102,0.9854428768157959,,,
Haar_01,CRAB-SPSA,1200,0.11815345287322998,0.88184654712677,,,
Haar_01,CRAB-SPSA,1225,0.027018368244171143,0.9729816317558289,,,
Haar_01,CRAB-SPSA,1250,0.016409635543823242,0.9835903644561768,,,
Haar_01,CRAB-SPSA,1275,0.0007171034812927246,0.9992828965187073,,,
Haar_01,CRAB-SPSA,1300,0.0017406344413757324,0.9982593655586243,,,
Haar_01,CRAB-SPSA,1325,0.00513303279876709,0.9948669672012329,,,
Haar_01,CRAB-SPSA,1350,0.004941880702972412,0.9950581192970276,,,
Haar_01,CRAB-SPSA,1375,0.00430375337600708,0.9956962466239929,,,
Haar_01,CRAB-SPSA,1400,0.01185840368270874,0.9881415963172913,,,
Haar_01,CRAB-SPSA,1425,0.004238009452819824,0.9957619905471802,,,
Haar_01,CRAB-SPSA,1450,0.02087533473968506,0.9791246652603149,,,
Haar_01,CRAB-SPSA,1475,0.02463454008102417,0.9753654599189758,,,
Haar_01,CRAB-SPSA,1500,0.014895379543304443,0.9851046204566956,,,
Haar_02,GRAPE,1,0.012897049076855183,0.987103283405304,0.0007999995311938873,,
Haar_02,GRAPE,25,0.7949751615524292,0.20502519607543945,0.0007997070337714746,,
Haar_02,GRAPE,50,0.9465661644935608,0.05343419313430786,0.0007988285868185884,,
Haar_02,GRAPE,75,0.9655713438987732,0.03442901372909546,0.0007973660136428716,,
Haar_02,GRAPE,100,0.9762158989906311,0.023784460499882698,0.000795321569426152,,
Haar_02,GRAPE,125,0.9806302189826965,0.01937014050781727,0.0007926984065532274,,
Haar_02,GRAPE,150,0.9849825501441956,0.015017809346318245,0.000789500569751117,,
Haar_02,GRAPE,175,0.9871483445167542,0.012852014973759651,0.0007857329898523859,,
Haar_02,GRAPE,200,0.9907256364822388,0.009274723008275032,0.0007814014761921583,,
Haar_02,GRAPE,225,0.9905277490615845,0.009472610428929329,0.0007765127076505443,,
Haar_02,GRAPE,250,0.9926060438156128,0.007394316140562296,0.0007710742223542895,,
Haar_02,GRAPE,275,0.9936317801475525,0.006368579808622599,0.0007650944060535315,,
Haar_02,GRAPE,300,0.9928661584854126,0.007134201470762491,0.0007585824791915802,,
Haar_02,GRAPE,325,0.991865336894989,0.008135022595524788,0.0007515484826876632,,
Haar_02,GRAPE,350,0.9907246232032776,0.009275736287236214,0.0007440032624545552,,
Haar_02,GRAPE,375,0.9932988286018372,0.006701531354337931,0.0007359584526749675,,
Haar_02,GRAPE,400,0.9930319786071777,0.0069683813489973545,0.0007274264578624801,,
Haar_02,GRAPE,425,0.9922451376914978,0.007755222264677286,0.000718420433734683,,
Haar_02,GRAPE,450,0.9942777156829834,0.0057226442731916904,0.0007089542669280117,,
Haar_02,GRAPE,475,0.9924734830856323,0.007526876870542765,0.0006990425535855607,,
Haar_02,GRAPE,500,0.9933984875679016,0.00660187192261219,0.000688700576850888,,
Haar_02,GRAPE,525,0.9954787492752075,0.004521610215306282,0.000677944283302518,,
Haar_02,GRAPE,550,0.996411919593811,0.00358844012953341,0.00066679025836547,,
Haar_02,GRAPE,575,0.993703305721283,0.006297053769230843,0.000655255700737737,,
Haar_02,GRAPE,600,0.9954861402511597,0.004514219239354134,0.00064335839587114,,
Haar_02,GRAPE,625,0.9951821565628052,0.004818202927708626,0.0006311166885474491,,
Haar_02,GRAPE,650,0.9960290193557739,0.003971340134739876,0.0006185494545920606,,
Haar_02,GRAPE,675,0.9954597353935242,0.004540624096989632,0.0006056760717688429,,
Haar_02,GRAPE,700,0.9961525201797485,0.0038478393107652664,0.0005925163899010278,,
Haar_02,GRAPE,725,0.9962341785430908,0.0037661809474229813,0.0005790907002642228,,
Haar_02,GRAPE,750,0.9970510601997375,0.0029492992907762527,0.0005654197042987343,,
Haar_02,GRAPE,775,0.9955846071243286,0.004415752366185188,0.0005515244816894474,,
Haar_02,GRAPE,800,0.9973995685577393,0.0026007909327745438,0.0005374264578624799,,
Haar_02,GRAPE,825,0.9975303411483765,0.0024700183421373367,0.0005231473709487284,,
Haar_02,GRAPE,850,0.9957085251808167,0.004291834309697151,0.0005087092382652451,,
Haar_02,GRAPE,875,0.9951343536376953,0.004866005852818489,0.0004941343223661304,,
Haar_02,GRAPE,900,0.996417760848999,0.003582598641514778,0.00047944509671528975,,
Haar_02,GRAPE,925,0.9960668683052063,0.003933491185307503,0.00046466421103398016,,
Haar_02,GRAPE,950,0.9969146251678467,0.003085734322667122,0.0004498144563765829,,
Haar_02,GRAPE,975,0.9967908263206482,0.003209533169865608,0.00043491872998844796,,
Haar_02,GRAPE,1000,0.9974396228790283,0.0025607366114854813,0.00042000000000000175,,
Haar_02,GRAPE,1025,0.9971716403961182,0.0028287190943956375,0.00040508127001155555,,
Haar_02,GRAPE,1050,0.9976814389228821,0.0023189205676317215,0.0003901855436234205,,
Haar_02,GRAPE,1075,0.9976564049720764,0.0023439545184373856,0.00037533578896602334,,
Haar_02,GRAPE,1100,0.9980428218841553,0.001957537606358528,0.00036055490328471386,,
Haar_02,GRAPE,1125,0.997902512550354,0.0020978469401597977,0.0003458656776338729,,
Haar_02,GRAPE,1150,0.9990889430046082,0.0009114164276979864,0.0003312907617347575,,
Haar_02,GRAPE,1175,0.9991183876991272,0.0008819717331789434,0.00031685262905127316,,
Haar_02,GRAPE,1200,0.999165952205658,0.0008344071684405208,0.0003025735421375214,,
Haar_02,GRAPE,1225,0.9991762042045593,0.0008241551695391536,0.00028847551831055404,,
Haar_02,GRAPE,1250,0.9991881251335144,0.0008122342405840755,0.00027458029570126747,,
Haar_02,GRAPE,1275,0.9992014765739441,0.000798882800154388,0.0002609092997357791,,
Haar_02,GRAPE,1300,0.9992093443870544,0.0007910149870440364,0.0002474836100989745,,
Haar_02,GRAPE,1325,0.9992201924324036,0.0007801668834872544,0.0002343239282311593,,
Haar_02,GRAPE,1350,0.9992302656173706,0.0007700936985202134,0.00022145054540794148,,
Haar_02,GRAPE,1375,0.9992362260818481,0.0007641332340426743,0.0002088833114525531,,
Haar_02,GRAPE,1400,0.9992445707321167,0.0007557885837741196,0.000196641604128862,,
Haar_02,GRAPE,1425,0.9992510080337524,0.0007493512821383774,0.00018474429926226482,,
Haar_02,GRAPE,1450,0.9992610216140747,0.0007393377018161118,0.00017320974163453172,,
Haar_02,GRAPE,1475,0.999266505241394,0.000733854016289115,0.0001620557166974835,,
Haar_02,GRAPE,1500,0.9992729425430298,0.0007274167146533728,0.00015129942314911333,,
Haar_02,GRAPE,1525,0.999280571937561,0.0007197873201221228,0.00014095744641444083,,
Haar_02,GRAPE,1550,0.9992860555648804,0.0007143036928027868,0.00013104573307198958,,
Haar_02,GRAPE,1575,0.999292254447937,0.0007081048097461462,0.00012157956626531827,,
Haar_02,GRAPE,1600,0.9992949962615967,0.0007053629960864782,0.00011257354213752138,,
Haar_02,GRAPE,1625,0.9993003606796265,0.0006999985780566931,0.00010404154732503417,,
Haar_02,GRAPE,1650,0.9993047714233398,0.0006955878343433142,9.599673754544633e-05,,
Haar_02,GRAPE,1675,0.9993076324462891,0.0006927268113940954,8.845151731233827e-05,,
Haar_02,GRAPE,1700,0.9993115663528442,0.0006887929048389196,8.141752080842129e-05,,
Haar_02,GRAPE,1725,0.9993158578872681,0.0006845013122074306,7.490559394647008e-05,,
Haar_02,GRAPE,1750,0.9993206262588501,0.0006797329406253994,6.892577764571179e-05,,
Haar_02,GRAPE,1775,0.9993233680725098,0.0006769911269657314,6.348729234945667e-05,,
Haar_02,GRAPE,1800,0.999322772026062,0.0006775871734134853,5.859852380784215e-05,,
Haar_02,GRAPE,1825,0.9993258714675903,0.000674487731885165,5.426701014761444e-05,,
Haar_02,GRAPE,1850,0.9993298053741455,0.0006705538253299892,5.049943024888318e-05,,
Haar_02,GRAPE,1875,0.9993315935134888,0.0006687656859867275,4.730159344677261e-05,,
Haar_02,GRAPE,1900,0.9993318319320679,0.0006685272674076259,4.46784305738478e-05,,
Haar_02,GRAPE,1925,0.9993377923965454,0.0006625668029300869,4.2633986357128065e-05,,
Haar_02,GRAPE,1950,0.9993375539779663,0.0006628052215091884,4.117141318141141e-05,,
Haar_02,GRAPE,1975,0.9993411302566528,0.000659228942822665,4.029296622852532e-05,,
Haar_02,GRAPE,2000,0.999341607093811,0.0006587521056644619,4e-05,,
Haar_02,Robust GRAPE,1,0.007032844703644514,3.479905843734741,0.0005999997094176884,0.007280334830284119,0.9961458444595337
Haar_02,Robust GRAPE,25,0.8431988954544067,0.6443243622779846,0.0005998184053122424,0.818250298500061,0.20384877920150757
Haar_02,Robust GRAPE,50,0.925908625125885,0.3173159658908844,0.0005992738526639225,0.9117247462272644,0.1032993495464325
Haar_02,Robust GRAPE,75,0.9726961851119995,0.14050039649009705,0.0005983670360049908,0.962012767791748,0.05013936758041382
Haar_02,Robust GRAPE,100,0.9806951284408569,0.10338865220546722,0.0005970991109360656,0.97265625,0.03782644867897034
Haar_02,Robust GRAPE,125,0.9831445217132568,0.08752169460058212,0.000595471693235793,0.976092517375946,0.03117230534553528
Haar_02,Robust GRAPE,150,0.9803464412689209,0.09226635843515396,0.0005934868568017803,0.9737804532051086,0.030928581953048706
Haar_02,Robust GRAPE,175,0.983946681022644,0.07392458617687225,0.0005911471310077294,0.9790712594985962,0.02462807297706604
Haar_02,Robust GRAPE,200,0.9865339994430542,0.0701868012547493,0.0005884554974801316,0.9805788397789001,0.024866223335266113
Haar_02,Robust GRAPE,225,0.9870675802230835,0.06328794360160828,0.0005854153862986362,0.9819179773330688,0.021515458822250366
Haar_02,Robust GRAPE,250,0.986985981464386,0.062660813331604,0.000582030671624932,0.9822880029678345,0.021289676427841187
Haar_02,Robust GRAPE,275,0.9887056350708008,0.05597155541181564,0.0005783056667657171,0.9842113852500916,0.019258826971054077
Haar_02,Robust GRAPE,300,0.9893962144851685,0.05101638659834862,0.000574245118676038,0.9853178858757019,0.017153441905975342
Haar_02,Robust GRAPE,325,0.9867904782295227,0.0542677603662014,0.0005698542019100181,0.9848527908325195,0.017273783683776855
Haar_02,Robust GRAPE,350,0.9910928010940552,0.044155947864055634,0.0005651385120266685,0.9875326156616211,0.015187352895736694
Haar_02,Robust GRAPE,375,0.9921203255653381,0.042712535709142685,0.0005601040584591952,0.9879682660102844,0.015200495719909668
Haar_02,Robust GRAPE,400,0.9925639033317566,0.035440459847450256,0.0005547572568568876,0.9901116490364075,0.012077122926712036
Haar_02,Robust GRAPE,425,0.9924196004867554,0.034740958362817764,0.0005491049209093409,0.9899385571479797,0.011399179697036743
Haar_02,Robust GRAPE,450,0.9952753782272339,0.029105715453624725,0.0005431542536634437,0.9917959570884705,0.01078447699546814
Haar_02,Robust GRAPE,475,0.9954028725624084,0.02657889761030674,0.0005369128383441814,0.9923952221870422,0.009584486484527588
Haar_02,Robust GRAPE,500,0.9934113621711731,0.03131198510527611,0.0005303886286909646,0.9912422299385071,0.010643452405929565
Haar_02,Robust GRAPE,525,0.9929100275039673,0.03335856273770332,0.0005235899388217924,0.9906572699546814,0.011283636093139648
Haar_02,Robust GRAPE,550,0.9952438473701477,0.027836883440613747,0.0005165254326381668,0.9921197295188904,0.01013338565826416
Haar_02,Robust GRAPE,575,0.9948498010635376,0.024726567789912224,0.0005092041127842604,0.9929653406143188,0.008360892534255981
Haar_02,Robust GRAPE,600,0.9923504590988159,0.03658198192715645,0.0005016353091744084,0.9898005723953247,0.012488454580307007
Haar_02,Robust GRAPE,625,0.996103048324585,0.026060067117214203,0.0004938286671035459,0.9925007224082947,0.009775668382644653
Haar_02,Robust GRAPE,650,0.9964677095413208,0.021879373118281364,0.00048579413495573756,0.9938760995864868,0.00814858078956604
Haar_02,Robust GRAPE,675,0.9969193935394287,0.021933792158961296,0.0004775419515264692,0.9943017959594727,0.008769720792770386
Haar_02,Robust GRAPE,700,0.9958711862564087,0.02439982071518898,0.0004690826329748505,0.9933547973632812,0.009083598852157593
Haar_02,Robust GRAPE,725,0.9966748952865601,0.022358695045113564,0.0004604269594223624,0.993505597114563,0.00835922360420227
Haar_02,Robust GRAPE,750,0.9973767399787903,0.01803375594317913,0.000451585961215223,0.9949933886528015,0.006935715675354004
Haar_02,Robust GRAPE,775,0.9967073202133179,0.021968448534607887,0.00044257090486788037,0.9939005970954895,0.008383989334106445
Haar_02,Robust GRAPE,800,0.9971193671226501,0.020864231511950493,0.0004333932787055453,0.9941633343696594,0.008097708225250244
Haar_02,Robust GRAPE,825,0.9971824288368225,0.01693129353225231,0.0004240647782240588,0.9950428009033203,0.006104141473770142
Haar_02,Robust GRAPE,850,0.9956464767456055,0.02199436165392399,0.00041459729118575135,0.9938358664512634,0.007650882005691528
Haar_02,Robust GRAPE,875,0.9950600266456604,0.024133121594786644,0.00040500288247029097,0.9933289885520935,0.008347809314727783
Haar_02,Robust GRAPE,900,0.9967641830444336,0.019159376621246338,0.000395293778699817,0.9944872260093689,0.006940245628356934
Haar_02,Robust GRAPE,925,0.9978527426719666,0.016760559752583504,0.0003854823526579618,0.9952912330627441,0.00660279393196106
Haar_02,Robust GRAPE,950,0.997527003288269,0.016178011894226074,0.00037558110752260914,0.9953684210777283,0.006048738956451416
Haar_02,Robust GRAPE,975,0.997079610824585,0.017461009323596954,0.0003656026609324877,0.995040237903595,0.0063870251178741455
Haar_02,Robust GRAPE,1000,0.9970359206199646,0.01835482381284237,0.0003555597289078979,0.9946756362915039,0.006710737943649292
Haar_02,Robust GRAPE,1025,0.9973386526107788,0.017116906121373177,0.0003454651096460691,0.9950540661811829,0.006339579820632935
Haar_02,Robust GRAPE,1050,0.9982669949531555,0.013791636563837528,0.0003353316672117932,0.9960620999336243,0.005413562059402466
Haar_02,Robust GRAPE,1075,0.9974505305290222,0.01751074753701687,0.00032517231514412183,0.9949560165405273,0.006611287593841553
Haar_02,Robust GRAPE,1100,0.998049259185791,0.015418327413499355,0.00031500000000001264,0.9956651926040649,0.006088316440582275
Haar_02,Robust GRAPE,1125,0.9981435537338257,0.015721654519438744,0.00030482768485590346,0.9955883026123047,0.0063021183013916016
Haar_02,Robust GRAPE,1150,0.9981797933578491,0.015285632573068142,0.00029466833278823197,0.9956828951835632,0.006098657846450806
Haar_02,Robust GRAPE,1175,0.998298168182373,0.014265063218772411,0.00028453489035395595,0.9959067702293396,0.005646437406539917
Haar_02,Robust GRAPE,1200,0.9978122711181641,0.014296374283730984,0.00027444027109212697,0.9958492517471313,0.0053050220012664795
Haar_02,Robust GRAPE,1225,0.998225748538971,0.013396944850683212,0.0002643973390675363,0.996129035949707,0.005167573690414429
Haar_02,Robust GRAPE,1250,0.9975741505622864,0.01473347470164299,0.00025441889247741393,0.9958778619766235,0.005456745624542236
Haar_02,Robust GRAPE,1275,0.9979268312454224,0.014660205692052841,0.00024451764734206047,0.9957016110420227,0.005525499582290649
Haar_02,Robust GRAPE,1300,0.9985476136207581,0.013350879773497581,0.0002347062213002039,0.9962224960327148,0.00541377067565918
Haar_02,Robust GRAPE,1325,0.9984210729598999,0.013789689168334007,0.00022499711752972876,0.9960092902183533,0.0054798126220703125
Haar_02,Robust GRAPE,1350,0.9987521767616272,0.012318160384893417,0.00021540270881426725,0.9964723587036133,0.005028218030929565
Haar_02,Robust GRAPE,1375,0.9978951811790466,0.013959776610136032,0.00020593522177595922,0.9960646033287048,0.005279421806335449
Haar_02,Robust GRAPE,1400,0.9981576204299927,0.012661426328122616,0.0001966067212944717,0.9963907599449158,0.0048062801361083984
Haar_02,Robust GRAPE,1425,0.9982883930206299,0.012478201650083065,0.00018742909513213565,0.9963091015815735,0.0047168731689453125
Haar_02,Robust GRAPE,1450,0.9985654950141907,0.011736368760466576,0.00017841403878479206,0.99654620885849,0.004565119743347168
Haar_02,Robust GRAPE,1475,0.9984686374664307,0.011939817108213902,0.0001695730405776513,0.9965917468070984,0.004666566848754883
Haar_02,Robust GRAPE,1500,0.9985540509223938,0.011556013487279415,0.0001609173670251618,0.9967013597488403,0.0045407116413116455
Haar_02,Robust GRAPE,1525,0.9986071586608887,0.011428981088101864,0.00015245804847354195,0.9966274499893188,0.004442155361175537
Haar_02,Robust GRAPE,1550,0.998626708984375,0.01128112617880106,0.00014420586504427228,0.99664306640625,0.0043669939041137695
Haar_02,Robust GRAPE,1575,0.9984965920448303,0.011386641301214695,0.0001361713328964629,0.9967418909072876,0.004416435956954956
Haar_02,Robust GRAPE,1600,0.9987844228744507,0.010797437280416489,0.0001283646908255991,0.9969130754470825,0.004329711198806763
Haar_02,Robust GRAPE,1625,0.9988780617713928,0.010337164625525475,0.0001207958872157459,0.996966540813446,0.004120975732803345
Haar_02,Robust GRAPE,1650,0.9988265037536621,0.010426743887364864,0.00011347456736183846,0.9969769716262817,0.004153221845626831
Haar_02,Robust GRAPE,1675,0.9987887144088745,0.010085837915539742,0.00010641006117821234,0.997050404548645,0.00394970178604126
Haar_02,Robust GRAPE,1700,0.9988624453544617,0.009942003525793552,9.961137130904015e-05,0.9970799684524536,0.00392267107963562
Haar_02,Robust GRAPE,1725,0.9988517761230469,0.009847247041761875,9.308716165582323e-05,0.9971128702163696,0.003874361515045166
Haar_02,Robust GRAPE,1750,0.9989117980003357,0.009768655523657799,8.684574633656034e-05,0.9971515536308289,0.0038878023624420166
Haar_02,Robust GRAPE,1775,0.9988775849342346,0.009680675342679024,8.089507909066261e-05,0.9971446394920349,0.003801703453063965
Haar_02,Robust GRAPE,1800,0.9989638924598694,0.00956688728183508,7.524274314311579e-05,0.9971926808357239,0.003815382719039917
Haar_02,Robust GRAPE,1825,0.998962938785553,0.009496243670582771,6.989594154080749e-05,0.9972149133682251,0.0037825405597686768
Haar_02,Robust GRAPE,1850,0.9989586472511292,0.009478389285504818,6.486148797333406e-05,0.9971925020217896,0.003752768039703369
Haar_02,Robust GRAPE,1875,0.9989319443702698,0.009396614506840706,6.0145798089983905e-05,0.9972244501113892,0.0037017762660980225
Haar_02,Robust GRAPE,1900,0.9989782571792603,0.009322838857769966,5.575488132396362e-05,0.9972578287124634,0.003705739974975586
Haar_02,Robust GRAPE,1925,0.9989774227142334,0.009267584420740604,5.169433323428443e-05,0.9972714781761169,0.0036773681640625
Haar_02,Robust GRAPE,1950,0.998992919921875,0.009218571707606316,4.796932837506882e-05,0.9972850680351257,0.0036641359329223633
Haar_02,Robust GRAPE,1975,0.9989672899246216,0.009179319255053997,4.458461370136463e-05,0.9972953200340271,0.003627687692642212
Haar_02,Robust GRAPE,2000,0.9989750385284424,0.009132055565714836,4.154450251986887e-05,0.9973079562187195,0.003609776496887207
Haar_02,Robust GRAPE,2025,0.9989877939224243,0.009095637127757072,3.885286899227088e-05,0.9973172545433044,0.0036002397537231445
Haar_02,Robust GRAPE,2050,0.9989991188049316,0.009060109965503216,3.6513143198219925e-05,0.997327446937561,0.0035908520221710205
Haar_02,Robust GRAPE,2075,0.9990242719650269,0.009035070426762104,3.4528306764207154e-05,0.9973373413085938,0.0035975873470306396
Haar_02,Robust GRAPE,2100,0.9990029335021973,0.008998234756290913,3.290088906393433e-05,0.9973434805870056,0.0035628974437713623
Haar_02,Robust GRAPE,2125,0.999005913734436,0.00897060427814722,3.163296399500936e-05,0.9973519444465637,0.003552079200744629
Haar_02,Robust GRAPE,2150,0.999047040939331,0.008947191759943962,3.072614733607778e-05,0.997359573841095,0.00356900691986084
Haar_02,Robust GRAPE,2175,0.9990048408508301,0.008921907283365726,3.018159468775736e-05,0.9973573088645935,0.0035224556922912598
Haar_02,Robust GRAPE,2200,0.999051570892334,0.008894975297152996,2.9999999999999997e-05,0.9973708987236023,0.003544718027114868
Haar_02,NN-seeded GRAPE,1,0.9931408166885376,0.006859190762042999,0.00019999706997625503,,
Haar_02,NN-seeded GRAPE,20,0.9955498576164246,0.004450149834156036,0.000198830392356538,,
Haar_02,NN-seeded GRAPE,40,0.9987487196922302,0.001251287991181016,0.0001953503690480395,,
Haar_02,NN-seeded GRAPE,60,0.9989955425262451,0.0010044651571661234,0.0001896456197978949,,
Haar_02,NN-seeded GRAPE,80,0.9991031289100647,0.0008968787733465433,0.00018185661446561998,,
Haar_02,NN-seeded GRAPE,100,0.9991685748100281,0.0008314328733831644,0.000172175144212722,,
Haar_02,NN-seeded GRAPE,120,0.9991562962532043,0.0008437114302068949,0.00016083959896778487,,
Haar_02,NN-seeded GRAPE,140,0.9992507696151733,0.0007492380682379007,0.00014812909747525683,,
Haar_02,NN-seeded GRAPE,160,0.9992810487747192,0.0007189589668996632,0.0001343566144656199,,
Haar_02,NN-seeded GRAPE,180,0.9993027448654175,0.000697262876201421,0.00011986127417882194,,
Haar_02,NN-seeded GRAPE,200,0.99931800365448,0.000682004087138921,0.00010500000000000002,,
Haar_02,NN-seeded GRAPE,220,0.9993338584899902,0.0006661492516286671,9.013872582117809e-05,,
Haar_02,NN-seeded GRAPE,240,0.9993470907211304,0.0006529170204885304,7.564338553438001e-05,,
Haar_02,NN-seeded GRAPE,260,0.9993587732315063,0.0006412345101125538,6.187090252474307e-05,,
Haar_02,NN-seeded GRAPE,280,0.9993671178817749,0.0006328898598439991,4.9160401032215056e-05,,
Haar_02,NN-seeded GRAPE,300,0.9993709325790405,0.0006290751625783741,3.7824855787278006e-05,,
Haar_02,NN-seeded GRAPE,320,0.9993771314620972,0.0006228762795217335,2.8143385534380033e-05,,
Haar_02,NN-seeded GRAPE,340,0.9993813037872314,0.0006187039543874562,2.0354380202105085e-05,,
Haar_02,NN-seeded GRAPE,360,0.9993833303451538,0.0006166773964650929,1.4649630951960429e-05,,
Haar_02,NN-seeded GRAPE,380,0.9993847608566284,0.0006152468849904835,1.1169607643461929e-05,,
Haar_02,NN-seeded GRAPE,400,0.9993859529495239,0.0006140547920949757,1e-05,,
Haar_02,CRAB-SPSA,1,0.001471877098083496,0.9985281229019165,,,
Haar_02,CRAB-SPSA,25,0.010395944118499756,0.9896040558815002,,,
Haar_02,CRAB-SPSA,50,0.019231677055358887,0.9807683229446411,,,
Haar_02,CRAB-SPSA,75,0.013214528560638428,0.9867854714393616,,,
Haar_02,CRAB-SPSA,100,0.02879554033279419,0.9712044596672058,,,
Haar_02,CRAB-SPSA,125,0.015299081802368164,0.9847009181976318,,,
Haar_02,CRAB-SPSA,150,0.0009357333183288574,0.9990642666816711,,,
Haar_02,CRAB-SPSA,175,0.008740782737731934,0.9912592172622681,,,
Haar_02,CRAB-SPSA,200,0.016938209533691406,0.9830617904663086,,,
Haar_02,CRAB-SPSA,225,0.0006024837493896484,0.9993975162506104,,,
Haar_02,CRAB-SPSA,250,0.0024275779724121094,0.9975724220275879,,,
Haar_02,CRAB-SPSA,275,0.02012723684310913,0.9798727631568909,,,
Haar_02,CRAB-SPSA,300,0.010547161102294922,0.9894528388977051,,,
Haar_02,CRAB-SPSA,325,0.027609944343566895,0.9723900556564331,,,
Haar_02,CRAB-SPSA,350,0.014175355434417725,0.9858246445655823,,,
Haar_02,CRAB-SPSA,375,0.011644542217254639,0.9883554577827454,,,
Haar_02,CRAB-SPSA,400,0.0022663474082946777,0.9977336525917053,,,
Haar_02,CRAB-SPSA,425,0.006370425224304199,0.9936295747756958,,,
Haar_02,CRAB-SPSA,450,0.0004559159278869629,0.999544084072113,,,
Haar_02,CRAB-SPSA,475,0.0031281113624572754,0.9968718886375427,,,
Haar_02,CRAB-SPSA,500,0.15565520524978638,0.8443447947502136,,,
Haar_02,CRAB-SPSA,525,0.12661689519882202,0.873383104801178,,,
Haar_02,CRAB-SPSA,550,0.015099167823791504,0.9849008321762085,,,
Haar_02,CRAB-SPSA,575,0.02275186777114868,0.9772481322288513,,,
Haar_02,CRAB-SPSA,600,0.008596420288085938,0.9914035797119141,,,
Haar_02,CRAB-SPSA,625,0.011785686016082764,0.9882143139839172,,,
Haar_02,CRAB-SPSA,650,0.004132986068725586,0.9958670139312744,,,
Haar_02,CRAB-SPSA,675,0.014012157917022705,0.9859878420829773,,,
Haar_02,CRAB-SPSA,700,0.0011764764785766602,0.9988235235214233,,,
Haar_02,CRAB-SPSA,725,0.0031491518020629883,0.996850848197937,,,
Haar_02,CRAB-SPSA,750,0.002591729164123535,0.9974082708358765,,,
Haar_02,CRAB-SPSA,775,0.012733519077301025,0.987266480922699,,,
Haar_02,CRAB-SPSA,800,0.004701554775238037,0.995298445224762,,,
Haar_02,CRAB-SPSA,825,0.009394705295562744,0.9906052947044373,,,
Haar_02,CRAB-SPSA,850,0.0020940303802490234,0.997905969619751,,,
Haar_02,CRAB-SPSA,875,0.0041928887367248535,0.9958071112632751,,,
Haar_02,CRAB-SPSA,900,0.006551086902618408,0.9934489130973816,,,
Haar_02,CRAB-SPSA,925,0.003868699073791504,0.9961313009262085,,,
Haar_02,CRAB-SPSA,950,0.00815492868423462,0.9918450713157654,,,
Haar_02,CRAB-SPSA,975,0.004686892032623291,0.9953131079673767,,,
Haar_02,CRAB-SPSA,1000,0.012483775615692139,0.9875162243843079,,,
Haar_02,CRAB-SPSA,1025,0.0026027560234069824,0.997397243976593,,,
Haar_02,CRAB-SPSA,1050,0.005863964557647705,0.9941360354423523,,,
Haar_02,CRAB-SPSA,1075,0.04475957155227661,0.9552404284477234,,,
Haar_02,CRAB-SPSA,1100,0.08905237913131714,0.9109476208686829,,,
Haar_02,CRAB-SPSA,1125,0.07217705249786377,0.9278229475021362,,,
Haar_02,CRAB-SPSA,1150,0.05783271789550781,0.9421672821044922,,,
Haar_02,CRAB-SPSA,1175,0.07673752307891846,0.9232624769210815,,,
Haar_02,CRAB-SPSA,1200,0.04268687963485718,0.9573131203651428,,,
Haar_02,CRAB-SPSA,1225,0.0020292997360229492,0.997970700263977,,,
Haar_02,CRAB-SPSA,1250,0.015644848346710205,0.9843551516532898,,,
Haar_02,CRAB-SPSA,1275,0.019437074661254883,0.9805629253387451,,,
Haar_02,CRAB-SPSA,1300,0.021516501903533936,0.9784834980964661,,,
Haar_02,CRAB-SPSA,1325,0.005276918411254883,0.9947230815887451,,,
Haar_02,CRAB-SPSA,1350,0.004769563674926758,0.9952304363250732,,,
Haar_02,CRAB-SPSA,1375,0.01922816038131714,0.9807718396186829,,,
Haar_02,CRAB-SPSA,1400,0.018182039260864258,0.9818179607391357,,,
Haar_02,CRAB-SPSA,1425,0.014952540397644043,0.985047459602356,,,
Haar_02,CRAB-SPSA,1450,0.03581160306930542,0.9641883969306946,,,
Haar_02,CRAB-SPSA,1475,0.008678734302520752,0.9913212656974792,,,
Haar_02,CRAB-SPSA,1500,0.03496253490447998,0.96503746509552,,,
Haar_03,GRAPE,1,0.0013842261396348476,0.9986158609390259,0.0007999995311938873,,
Haar_03,GRAPE,25,0.9077883958816528,0.09221168607473373,0.0007997070337714746,,
Haar_03,GRAPE,50,0.9751161336898804,0.024883950129151344,0.0007988285868185884,,
Haar_03,GRAPE,75,0.9816223382949829,0.018377745524048805,0.0007973660136428716,,
Haar_03,GRAPE,100,0.9873300790786743,0.012670004740357399,0.000795321569426152,,
Haar_03,GRAPE,125,0.9868487119674683,0.013151372782886028,0.0007926984065532274,,
Haar_03,GRAPE,150,0.9919816851615906,0.008018399588763714,0.000789500569751117,,
Haar_03,GRAPE,175,0.9804528951644897,0.01954718865454197,0.0007857329898523859,,
Haar_03,GRAPE,200,0.9818704724311829,0.018129611387848854,0.0007814014761921583,,
Haar_03,GRAPE,225,0.9926153421401978,0.007384742144495249,0.0007765127076505443,,
Haar_03,GRAPE,250,0.9891639351844788,0.01083614956587553,0.0007710742223542895,,
Haar_03,GRAPE,275,0.9923528432846069,0.007647241000086069,0.0007650944060535315,,
Haar_03,GRAPE,300,0.9932337403297424,0.006766343954950571,0.0007585824791915802,,
Haar_03,GRAPE,325,0.9925928711891174,0.007407213095575571,0.0007515484826876632,,
Haar_03,GRAPE,350,0.9938336610794067,0.006166423205286264,0.0007440032624545552,,
Haar_03,GRAPE,375,0.9934250116348267,0.0065750726498663425,0.0007359584526749675,,
Haar_03,GRAPE,400,0.9946584701538086,0.005341614130884409,0.0007274264578624801,,
Haar_03,GRAPE,425,0.994145393371582,0.0058546909131109715,0.000718420433734683,,
Haar_03,GRAPE,450,0.9952052235603333,0.004794860724359751,0.0007089542669280117,,
Haar_03,GRAPE,475,0.9953005909919739,0.004699493292719126,0.0006990425535855607,,
Haar_03,GRAPE,500,0.9964689016342163,0.0035311828833073378,0.000688700576850888,,
Haar_03,GRAPE,525,0.9961090087890625,0.0038910757284611464,0.000677944283302518,,
Haar_03,GRAPE,550,0.9840676188468933,0.015932464972138405,0.00066679025836547,,
Haar_03,GRAPE,575,0.9982343316078186,0.001765752793289721,0.000655255700737737,,
Haar_03,GRAPE,600,0.9956952333450317,0.004304850939661264,0.00064335839587114,,
Haar_03,GRAPE,625,0.9935813546180725,0.006418729666620493,0.0006311166885474491,,
Haar_03,GRAPE,650,0.994614839553833,0.005385244730859995,0.0006185494545920606,,
Haar_03,GRAPE,675,0.9944209456443787,0.005579138640314341,0.0006056760717688429,,
Haar_03,GRAPE,700,0.9955936670303345,0.00440641725435853,0.0005925163899010278,,
Haar_03,GRAPE,725,0.9949645400047302,0.005035544279962778,0.0005790907002642228,,
Haar_03,GRAPE,750,0.9959335327148438,0.004066551569849253,0.0005654197042987343,,
Haar_03,GRAPE,775,0.995872974395752,0.00412710988894105,0.0005515244816894474,,
Haar_03,GRAPE,800,0.9966902732849121,0.0033098109997808933,0.0005374264578624799,,
Haar_03,GRAPE,825,0.9961219429969788,0.003878141287714243,0.0005231473709487284,,
Haar_03,GRAPE,850,0.9969185590744019,0.0030815252102911472,0.0005087092382652451,,
Haar_03,GRAPE,875,0.996669590473175,0.003330493811517954,0.0004941343223661304,,
Haar_03,GRAPE,900,0.9972169995307922,0.0027830847539007664,0.00047944509671528975,,
Haar_03,GRAPE,925,0.9972968697547913,0.002703214529901743,0.00046466421103398016,,
Haar_03,GRAPE,950,0.9978736042976379,0.0021264799870550632,0.0004498144563765829,,
Haar_03,GRAPE,975,0.9970883131027222,0.002911770949140191,0.00043491872998844796,,
Haar_03,GRAPE,1000,0.9977425932884216,0.002257490763440728,0.00042000000000000175,,
Haar_03,GRAPE,1025,0.9976808428764343,0.002319241175428033,0.00040508127001155555,,
Haar_03,GRAPE,1050,0.9981602430343628,0.001839841133914888,0.0003901855436234205,,
Haar_03,GRAPE,1075,0.9988629221916199,0.001137161860242486,0.00037533578896602334,,
Haar_03,GRAPE,1100,0.9992198348045349,0.0007802493055351079,0.00036055490328471386,,
Haar_03,GRAPE,1125,0.9992350339889526,0.0007650500629097223,0.0003458656776338729,,
Haar_03,GRAPE,1150,0.9992512464523315,0.0007488375995308161,0.0003312907617347575,,
Haar_03,GRAPE,1175,0.9992669820785522,0.000733101973310113,0.00031685262905127316,,
Haar_03,GRAPE,1200,0.9992767572402954,0.0007233268115669489,0.0003025735421375214,,
Haar_03,GRAPE,1225,0.9992873668670654,0.0007127171265892684,0.00028847551831055404,,
Haar_03,GRAPE,1250,0.9992989301681519,0.0007011538255028427,0.00027458029570126747,,
Haar_03,GRAPE,1275,0.999311089515686,0.000688994477968663,0.0002609092997357791,,
Haar_03,GRAPE,1300,0.9993197917938232,0.000680292199831456,0.0002474836100989745,,
Haar_03,GRAPE,1325,0.9993288516998291,0.0006712322938255966,0.0002343239282311593,,
Haar_03,GRAPE,1350,0.9993385076522827,0.0006615763413719833,0.00022145054540794148,,
Haar_03,GRAPE,1375,0.9993479251861572,0.0006521587492898107,0.0002088833114525531,,
Haar_03,GRAPE,1400,0.9993541240692139,0.00064595986623317,0.000196641604128862,,
Haar_03,GRAPE,1425,0.9993621110916138,0.0006379728438332677,0.00018474429926226482,,
Haar_03,GRAPE,1450,0.9993695020675659,0.0006305818678811193,0.00017320974163453172,,
Haar_03,GRAPE,1475,0.9993753433227539,0.000624740612693131,0.0001620557166974835,,
Haar_03,GRAPE,1500,0.9993804693222046,0.0006196146132424474,0.00015129942314911333,,
Haar_03,GRAPE,1525,0.9993876218795776,0.0006124620558694005,0.00014095744641444083,,
Haar_03,GRAPE,1550,0.9993906021118164,0.000609481823630631,0.00013104573307198958,,
Haar_03,GRAPE,1575,0.9993960857391357,0.0006039981381036341,0.00012157956626531827,,
Haar_03,GRAPE,1600,0.99940025806427,0.0005998258129693568,0.00011257354213752138,,
Haar_03,GRAPE,1625,0.9994049668312073,0.0005951170460321009,0.00010404154732503417,,
Haar_03,GRAPE,1650,0.9994103312492371,0.0005897526280023158,9.599673754544633e-05,,
Haar_03,GRAPE,1675,0.999413788318634,0.0005862955586053431,8.845151731233827e-05,,
Haar_03,GRAPE,1700,0.9994136691093445,0.0005864147678948939,8.141752080842129e-05,,
Haar_03,GRAPE,1725,0.9994209408760071,0.0005791430012322962,7.490559394647008e-05,,
Haar_03,GRAPE,1750,0.9994233250617981,0.0005767588154412806,6.892577764571179e-05,,
Haar_03,GRAPE,1775,0.9994240403175354,0.0005760435597039759,6.348729234945667e-05,,
Haar_03,GRAPE,1800,0.9994292855262756,0.0005707983509637415,5.859852380784215e-05,,
Haar_03,GRAPE,1825,0.999431312084198,0.0005687717930413783,5.426701014761444e-05,,
Haar_03,GRAPE,1850,0.9994329810142517,0.0005671028629876673,5.049943024888318e-05,,
Haar_03,GRAPE,1875,0.9994329810142517,0.0005671028629876673,4.730159344677261e-05,,
Haar_03,GRAPE,1900,0.999434769153595,0.0005653147236444056,4.46784305738478e-05,,
Haar_03,GRAPE,1925,0.9994376301765442,0.0005624537006951869,4.2633986357128065e-05,,
Haar_03,GRAPE,1950,0.9994409680366516,0.000559115840587765,4.117141318141141e-05,,
Haar_03,GRAPE,1975,0.9994431138038635,0.0005569700733758509,4.029296622852532e-05,,
Haar_03,GRAPE,2000,0.9994440674781799,0.0005560163990594447,4e-05,,
Haar_03,Robust GRAPE,1,0.0022902116179466248,3.4936723709106445,0.0005999997094176884,0.0022237158846110106,0.9987908601760864
Haar_03,Robust GRAPE,25,0.9122351408004761,0.37862566113471985,0.0005998184053122424,0.892225444316864,0.12205743789672852
Haar_03,Robust GRAPE,50,0.9234115481376648,0.42577841877937317,0.0005992738526639225,0.9131792187690735,0.17491278052330017
Haar_03,Robust GRAPE,75,0.974638819694519,0.1826200634241104,0.0005983670360049908,0.9596754312515259,0.07795608043670654
Haar_03,Robust GRAPE,100,0.9864016175270081,0.11359598487615585,0.0005970991109360656,0.9726977348327637,0.04846349358558655
Haar_03,Robust GRAPE,125,0.9887855052947998,0.09737636893987656,0.000595471693235793,0.9757333993911743,0.04126349091529846
Haar_03,Robust GRAPE,150,0.990777850151062,0.07849012315273285,0.0005934868568017803,0.9805482029914856,0.03321072459220886
Haar_03,Robust GRAPE,175,0.9912148118019104,0.06408713757991791,0.0005911471310077294,0.9850048422813416,0.02687111496925354
Haar_03,Robust GRAPE,200,0.9922919273376465,0.05096540227532387,0.0005884554974801316,0.9869861006736755,0.02016216516494751
Haar_03,Robust GRAPE,225,0.9923701882362366,0.04884704574942589,0.0005854153862986362,0.9868435859680176,0.01870715618133545
Haar_03,Robust GRAPE,250,0.9883463978767395,0.059547048062086105,0.000582030671624932,0.9837862849235535,0.021119743585586548
Haar_03,Robust GRAPE,275,0.9882262349128723,0.06001169607043266,0.0005783056667657171,0.9836105704307556,0.021232306957244873
Haar_03,Robust GRAPE,300,0.9933865070343018,0.037382278591394424,0.000574245118676038,0.9896540641784668,0.013615190982818604
Haar_03,Robust GRAPE,325,0.9938841462135315,0.03433646634221077,0.0005698542019100181,0.9903787970542908,0.012399524450302124
Haar_03,Robust GRAPE,350,0.9930316209793091,0.04064011573791504,0.0005651385120266685,0.9897453188896179,0.015611380338668823
Haar_03,Robust GRAPE,375,0.9935978651046753,0.03665224835276604,0.0005601040584591952,0.990168571472168,0.013612359762191772
Haar_03,Robust GRAPE,400,0.9928879141807556,0.03907233849167824,0.0005547572568568876,0.9897045493125916,0.014443159103393555
Haar_03,Robust GRAPE,425,0.9964500069618225,0.024723529815673828,0.0005491049209093409,0.9927662014961243,0.009293079376220703
Haar_03,Robust GRAPE,450,0.9899588227272034,0.04971321299672127,0.0005431542536634437,0.9869279861450195,0.017733275890350342
Haar_03,Robust GRAPE,475,0.9957597255706787,0.02722269669175148,0.0005369128383441814,0.9923774003982544,0.01023980975151062
Haar_03,Robust GRAPE,500,0.9936442375183105,0.033672504127025604,0.0005303886286909646,0.9900827407836914,0.011599630117416382
Haar_03,Robust GRAPE,525,0.9922091960906982,0.040900714695453644,0.0005235899388217924,0.988202691078186,0.014208316802978516
Haar_03,Robust GRAPE,550,0.9949095845222473,0.030321842059493065,0.0005165254326381668,0.991450309753418,0.011121094226837158
Haar_03,Robust GRAPE,575,0.995531439781189,0.02667098119854927,0.0005092041127842604,0.9921380877494812,0.00956028699874878
Haar_03,Robust GRAPE,600,0.9949357509613037,0.029375119134783745,0.0005016353091744084,0.9917255640029907,0.010690927505493164
Haar_03,Robust GRAPE,625,0.9953107833862305,0.029274271801114082,0.0004938286671035459,0.9916133880615234,0.01079896092414856
Haar_03,Robust GRAPE,650,0.9960464239120483,0.026518765836954117,0.00048579413495573756,0.9923669695854187,0.009954720735549927
Haar_03,Robust GRAPE,675,0.9958082437515259,0.026190390810370445,0.0004775419515264692,0.9925348162651062,0.00968894362449646
Haar_03,Robust GRAPE,700,0.9965403079986572,0.023580430075526237,0.0004690826329748505,0.9932485818862915,0.008912771940231323
Haar_03,Robust GRAPE,725,0.995974063873291,0.02676532231271267,0.0004604269594223624,0.9923206567764282,0.010039925575256348
Haar_03,Robust GRAPE,750,0.9966799020767212,0.02417520247399807,0.000451585961215223,0.9930285811424255,0.009255707263946533
Haar_03,Robust GRAPE,775,0.9962955713272095,0.02452797070145607,0.00044257090486788037,0.9930353164672852,0.009239166975021362
Haar_03,Robust GRAPE,800,0.9961692094802856,0.025025134906172752,0.0004333932787055453,0.9931020736694336,0.009530901908874512
Haar_03,Robust GRAPE,825,0.9969106912612915,0.022980904206633568,0.0004240647782240588,0.9933530688285828,0.008829772472381592
Haar_03,Robust GRAPE,850,0.9974748492240906,0.02103002369403839,0.00041459729118575135,0.9938440322875977,0.008232563734054565
Haar_03,Robust GRAPE,875,0.9973355531692505,0.02026173286139965,0.00040500288247029097,0.9942070245742798,0.007869452238082886
Haar_03,Robust GRAPE,900,0.9967730045318604,0.022340519353747368,0.000395293778699817,0.9939292073249817,0.008695125579833984
Haar_03,Robust GRAPE,925,0.9949929118156433,0.02905897982418537,0.0003854823526579618,0.9914795756340027,0.010354310274124146
Haar_03,Robust GRAPE,950,0.9979837536811829,0.01840536668896675,0.00037558110752260914,0.9947560429573059,0.007430016994476318
Haar_03,Robust GRAPE,975,0.9968199729919434,0.02190626598894596,0.0003656026609324877,0.9934784173965454,0.008136361837387085
Haar_03,Robust GRAPE,1000,0.9973655343055725,0.020176125690340996,0.0003555597289078979,0.9941573143005371,0.007799267768859863
Haar_03,Robust GRAPE,1025,0.9971776604652405,0.0209254901856184,0.0003454651096460691,0.9940954446792603,0.008132308721542358
Haar_03,Robust GRAPE,1050,0.9974231719970703,0.02024415135383606,0.0003353316672117932,0.9940275549888611,0.007796525955200195
Haar_03,Robust GRAPE,1075,0.9973957538604736,0.019945500418543816,0.00032517231514412183,0.9940624237060547,0.007602423429489136
Haar_03,Robust GRAPE,1100,0.9976053237915039,0.019989630207419395,0.00031500000000001264,0.9946004748344421,0.00813022255897522
Haar_03,Robust GRAPE,1125,0.9982698559761047,0.01717427745461464,0.00030482768485590346,0.9951502680778503,0.0070628821849823
Haar_03,Robust GRAPE,1150,0.9979159832000732,0.01839899830520153,0.00029466833278823197,0.9945249557495117,0.0072265565395355225
Haar_03,Robust GRAPE,1175,0.9982370734214783,0.017594728618860245,0.00028453489035395595,0.9948027729988098,0.00708964467048645
Haar_03,Robust GRAPE,1200,0.9983643889427185,0.016435420140624046,0.00027444027109212697,0.9953497052192688,0.006766259670257568
Haar_03,Robust GRAPE,1225,0.9984322786331177,0.016018947586417198,0.0002643973390675363,0.9954738616943359,0.006616681814193726
Haar_03,Robust GRAPE,1250,0.9984044432640076,0.016769975423812866,0.00025441889247741393,0.9950268864631653,0.006800830364227295
Haar_03,Robust GRAPE,1275,0.9984175562858582,0.01611371710896492,0.00024451764734206047,0.9951456189155579,0.006451249122619629
Haar_03,Robust GRAPE,1300,0.9982336163520813,0.017149491235613823,0.0002347062213002039,0.9951925277709961,0.00705033540725708
Haar_03,Robust GRAPE,1325,0.9984087347984314,0.016024241223931313,0.00022499711752972876,0.9953304529190063,0.006508857011795044
Haar_03,Robust GRAPE,1350,0.9982472062110901,0.016866687685251236,0.00021540270881426725,0.995203971862793,0.006878525018692017
Haar_03,Robust GRAPE,1375,0.9983432292938232,0.01630467176437378,0.00020593522177595922,0.9952968955039978,0.006629824638366699
Haar_03,Robust GRAPE,1400,0.9988220930099487,0.014175329357385635,0.0001966067212944717,0.9957048296928406,0.005801469087600708
Haar_03,Robust GRAPE,1425,0.9986186027526855,0.0150260329246521,0.00018742909513213565,0.9954568147659302,0.0060675740242004395
Haar_03,Robust GRAPE,1450,0.9985671639442444,0.015440762042999268,0.00017841403878479206,0.9956194162368774,0.006418168544769287
Haar_03,Robust GRAPE,1475,0.9986519813537598,0.01463264599442482,0.0001695730405776513,0.9955806732177734,0.0059101879596710205
Haar_03,Robust GRAPE,1500,0.9988447427749634,0.01414710097014904,0.0001609173670251618,0.9958866238594055,0.005918949842453003
Haar_03,Robust GRAPE,1525,0.9988038539886475,0.014353780075907707,0.00015245804847354195,0.9956760406494141,0.005889028310775757
Haar_03,Robust GRAPE,1550,0.9988166093826294,0.014092205092310905,0.00014420586504427228,0.9958265423774719,0.0058235228061676025
Haar_03,Robust GRAPE,1575,0.9987009167671204,0.014669797383248806,0.0001361713328964629,0.9958602786064148,0.006153970956802368
Haar_03,Robust GRAPE,1600,0.998982310295105,0.013222703710198402,0.0001283646908255991,0.9959619641304016,0.005444616079330444
Haar_03,Robust GRAPE,1625,0.9989011883735657,0.013504493981599808,0.0001207958872157459,0.995863139629364,0.005512535572052002
Haar_03,Robust GRAPE,1650,0.9988778233528137,0.013798439875245094,0.00011347456736183846,0.9959715008735657,0.005765080451965332
Haar_03,Robust GRAPE,1675,0.9989984035491943,0.012889757752418518,0.00010641006117821234,0.99603670835495,0.005283266305923462
Haar_03,Robust GRAPE,1700,0.9989076256752014,0.01331564225256443,9.961137130904015e-05,0.9959800839424133,0.005468845367431641
Haar_03,Robust GRAPE,1725,0.9989613890647888,0.013066539540886879,9.308716165582323e-05,0.9960811734199524,0.005405992269515991
Haar_03,Robust GRAPE,1750,0.9989622235298157,0.0134069062769413,8.684574633656034e-05,0.9961104393005371,0.00565299391746521
Haar_03,Robust GRAPE,1775,0.9989829063415527,0.013003740459680557,8.089507909066261e-05,0.996075451374054,0.005374699831008911
Haar_03,Robust GRAPE,1800,0.9990010261535645,0.012760821729898453,7.524274314311579e-05,0.9960746765136719,0.005224317312240601
Haar_03,Robust GRAPE,1825,0.9989837408065796,0.012983418069779873,6.989594154080749e-05,0.9961137175559998,0.0053871870040893555
Haar_03,Robust GRAPE,1850,0.9990153312683105,0.012941503897309303,6.486148797333406e-05,0.9960426688194275,0.00533294677734375
Haar_03,Robust GRAPE,1875,0.9990783929824829,0.012564847245812416,6.0145798089983905e-05,0.9961814880371094,0.005216389894485474
Haar_03,Robust GRAPE,1900,0.9990231990814209,0.01293376088142395,5.575488132396362e-05,0.9962084889411926,0.005443572998046875
Haar_03,Robust GRAPE,1925,0.9990335702896118,0.0128952506929636,5.169433323428443e-05,0.9960734248161316,0.005334794521331787
Haar_03,Robust GRAPE,1950,0.9990736246109009,0.012406010180711746,4.796932837506882e-05,0.9962190985679626,0.005132436752319336
Haar_03,Robust GRAPE,1975,0.9990745782852173,0.01262366771697998,4.458461370136463e-05,0.9961309432983398,0.005219399929046631
Haar_03,Robust GRAPE,2000,0.9990946650505066,0.01241233665496111,4.154450251986887e-05,0.9961849451065063,0.0051278769969940186
Haar_03,Robust GRAPE,2025,0.999096691608429,0.012225178070366383,3.885286899227088e-05,0.9962299466133118,0.0050344765186309814
Haar_03,Robust GRAPE,2050,0.9991108775138855,0.012207085266709328,3.6513143198219925e-05,0.9962478876113892,0.00504380464553833
Haar_03,Robust GRAPE,2075,0.9991121888160706,0.012277654372155666,3.4528306764207154e-05,0.9962266087532043,0.005077570676803589
Haar_03,Robust GRAPE,2100,0.9991039633750916,0.012339097447693348,3.290088906393433e-05,0.9962100982666016,0.005102038383483887
Haar_03,Robust GRAPE,2125,0.9991127848625183,0.012353185564279556,3.163296399500936e-05,0.9962267279624939,0.005128353834152222
Haar_03,Robust GRAPE,2150,0.9991118311882019,0.012260151095688343,3.072614733607778e-05,0.9962924122810364,0.005109548568725586
Haar_03,Robust GRAPE,2175,0.999121367931366,0.01224430836737156,3.018159468775736e-05,0.996241569519043,0.005071461200714111
Haar_03,Robust GRAPE,2200,0.9991231560707092,0.012094840407371521,2.9999999999999997e-05,0.9962981343269348,0.005010694265365601
Haar_03,NN-seeded GRAPE,1,0.9965190291404724,0.003480979474261403,0.00019999706997625503,,
Haar_03,NN-seeded GRAPE,20,0.9975822567939758,0.002417751820757985,0.000198830392356538,,
Haar_03,NN-seeded GRAPE,40,0.9984251260757446,0.0015748824225738645,0.0001953503690480395,,
Haar_03,NN-seeded GRAPE,60,0.9987004399299622,0.0012995685683563352,0.0001896456197978949,,
Haar_03,NN-seeded GRAPE,80,0.9988318681716919,0.0011681403266265988,0.00018185661446561998,,
Haar_03,NN-seeded GRAPE,100,0.9989121556282043,0.0010878528701141477,0.000172175144212722,,
Haar_03,NN-seeded GRAPE,120,0.9989736080169678,0.00102640048135072,0.00016083959896778487,,
Haar_03,NN-seeded GRAPE,140,0.9990267753601074,0.0009732331964187324,0.00014812909747525683,,
Haar_03,NN-seeded GRAPE,160,0.9990715980529785,0.0009284105035476387,0.0001343566144656199,,
Haar_03,NN-seeded GRAPE,180,0.9991051554679871,0.0008948530885390937,0.00011986127417882194,,
Haar_03,NN-seeded GRAPE,200,0.9991373419761658,0.0008626665803603828,0.00010500000000000002,,
Haar_03,NN-seeded GRAPE,220,0.9991604685783386,0.0008395399781875312,9.013872582117809e-05,,
Haar_03,NN-seeded GRAPE,240,0.9991825222969055,0.0008174862596206367,7.564338553438001e-05,,
Haar_03,NN-seeded GRAPE,260,0.9991981387138367,0.0008018698426894844,6.187090252474307e-05,,
Haar_03,NN-seeded GRAPE,280,0.9992124438285828,0.0007875647279433906,4.9160401032215056e-05,,
Haar_03,NN-seeded GRAPE,300,0.9992234110832214,0.0007765974733047187,3.7824855787278006e-05,,
Haar_03,NN-seeded GRAPE,320,0.9992321729660034,0.0007678355905227363,2.8143385534380033e-05,,
Haar_03,NN-seeded GRAPE,340,0.9992377758026123,0.0007622327539138496,2.0354380202105085e-05,,
Haar_03,NN-seeded GRAPE,360,0.9992433786392212,0.0007566299173049629,1.4649630951960429e-05,,
Haar_03,NN-seeded GRAPE,380,0.9992440938949585,0.0007559146615676582,1.1169607643461929e-05,,
Haar_03,NN-seeded GRAPE,400,0.9992486238479614,0.0007513847085647285,1e-05,,
Haar_03,CRAB-SPSA,1,0.006132960319519043,0.993867039680481,,,
Haar_03,CRAB-SPSA,25,0.021447300910949707,0.9785526990890503,,,
Haar_03,CRAB-SPSA,50,0.029457151889801025,0.970542848110199,,,
Haar_03,CRAB-SPSA,75,0.0010783672332763672,0.9989216327667236,,,
Haar_03,CRAB-SPSA,100,0.019647181034088135,0.9803528189659119,,,
Haar_03,CRAB-SPSA,125,0.01766383647918701,0.982336163520813,,,
Haar_03,CRAB-SPSA,150,0.006309330463409424,0.9936906695365906,,,
Haar_03,CRAB-SPSA,175,0.013705611228942871,0.9862943887710571,,,
Haar_03,CRAB-SPSA,200,0.001087486743927002,0.998912513256073,,,
Haar_03,CRAB-SPSA,225,0.0073683857917785645,0.9926316142082214,,,
Haar_03,CRAB-SPSA,250,0.028386414051055908,0.9716135859489441,,,
Haar_03,CRAB-SPSA,275,0.07565021514892578,0.9243497848510742,,,
Haar_03,CRAB-SPSA,300,0.01747030019760132,0.9825296998023987,,,
Haar_03,CRAB-SPSA,325,0.009625434875488281,0.9903745651245117,,,
Haar_03,CRAB-SPSA,350,0.024382352828979492,0.9756176471710205,,,
Haar_03,CRAB-SPSA,375,0.0011453032493591309,0.9988546967506409,,,
Haar_03,CRAB-SPSA,400,0.037113964557647705,0.9628860354423523,,,
Haar_03,CRAB-SPSA,425,0.018793225288391113,0.9812067747116089,,,
Haar_03,CRAB-SPSA,450,0.005321323871612549,0.9946786761283875,,,
Haar_03,CRAB-SPSA,475,0.001772165298461914,0.9982278347015381,,,
Haar_03,CRAB-SPSA,500,0.0014421939849853516,0.9985578060150146,,,
Haar_03,CRAB-SPSA,525,0.009660124778747559,0.9903398752212524,,,
Haar_03,CRAB-SPSA,550,0.002467632293701172,0.9975323677062988,,,
Haar_03,CRAB-SPSA,575,0.011639773845672607,0.9883602261543274,,,
Haar_03,CRAB-SPSA,600,0.0062673091888427734,0.9937326908111572,,,
Haar_03,CRAB-SPSA,625,0.050653159618377686,0.9493468403816223,,,
Haar_03,CRAB-SPSA,650,0.02193760871887207,0.9780623912811279,,,
Haar_03,CRAB-SPSA,675,0.006326854228973389,0.9936731457710266,,,
Haar_03,CRAB-SPSA,700,0.0021913647651672363,0.9978086352348328,,,
Haar_03,CRAB-SPSA,725,0.024777889251708984,0.975222110748291,,,
Haar_03,CRAB-SPSA,750,0.005544006824493408,0.9944559931755066,,,
Haar_03,CRAB-SPSA,775,0.0069765448570251465,0.9930234551429749,,,
Haar_03,CRAB-SPSA,800,0.016359388828277588,0.9836406111717224,,,
Haar_03,CRAB-SPSA,825,0.021319925785064697,0.9786800742149353,,,
Haar_03,CRAB-SPSA,850,0.043644607067108154,0.9563553929328918,,,
Haar_03,CRAB-SPSA,875,0.055945396423339844,0.9440546035766602,,,
Haar_03,CRAB-SPSA,900,0.0069776177406311035,0.9930223822593689,,,
Haar_03,CRAB-SPSA,925,0.0044057369232177734,0.9955942630767822,,,
Haar_03,CRAB-SPSA,950,0.007392942905426025,0.992607057094574,,,
Haar_03,CRAB-SPSA,975,0.0003323554992675781,0.9996676445007324,,,
Haar_03,CRAB-SPSA,1000,0.032790303230285645,0.9672096967697144,,,
Haar_03,CRAB-SPSA,1025,0.009211301803588867,0.9907886981964111,,,
Haar_03,CRAB-SPSA,1050,0.0012316703796386719,0.9987683296203613,,,
Haar_03,CRAB-SPSA,1075,0.006883502006530762,0.9931164979934692,,,
Haar_03,CRAB-SPSA,1100,0.01691591739654541,0.9830840826034546,,,
Haar_03,CRAB-SPSA,1125,0.0018320083618164062,0.9981679916381836,,,
Haar_03,CRAB-SPSA,1150,0.002355813980102539,0.9976441860198975,,,
Haar_03,CRAB-SPSA,1175,0.016063570976257324,0.9839364290237427,,,
Haar_03,CRAB-SPSA,1200,0.020741164684295654,0.9792588353157043,,,
Haar_03,CRAB-SPSA,1225,0.0008878707885742188,0.9991121292114258,,,
Haar_03,CRAB-SPSA,1250,0.014220774173736572,0.9857792258262634,,,
Haar_03,CRAB-SPSA,1275,0.011396050453186035,0.988603949546814,,,
Haar_03,CRAB-SPSA,1300,0.0033762454986572266,0.9966237545013428,,,
Haar_03,CRAB-SPSA,1325,0.009332358837127686,0.9906676411628723,,,
Haar_03,CRAB-SPSA,1350,0.03473943471908569,0.9652605652809143,,,
Haar_03,CRAB-SPSA,1375,0.07113403081893921,0.9288659691810608,,,
Haar_03,CRAB-SPSA,1400,0.04500800371170044,0.9549919962882996,,,
Haar_03,CRAB-SPSA,1425,0.036277711391448975,0.963722288608551,,,
Haar_03,CRAB-SPSA,1450,0.020538508892059326,0.9794614911079407,,,
Haar_03,CRAB-SPSA,1475,0.004619002342224121,0.9953809976577759,,,
Haar_03,CRAB-SPSA,1500,0.006554126739501953,0.993445873260498,,,
Haar_04,GRAPE,1,0.05023160204291344,0.9497685432434082,0.0007999995311938873,,
Haar_04,GRAPE,25,0.9421883225440979,0.05781177431344986,0.0007997070337714746,,
Haar_04,GRAPE,50,0.9825258255004883,0.01747427135705948,0.0007988285868185884,,
Haar_04,GRAPE,75,0.9914097189903259,0.008590377867221832,0.0007973660136428716,,
Haar_04,GRAPE,100,0.9942301511764526,0.005769945215433836,0.000795321569426152,,
Haar_04,GRAPE,125,0.9928831458091736,0.007116950582712889,0.0007926984065532274,,
Haar_04,GRAPE,150,0.9909840822219849,0.009016014635562897,0.000789500569751117,,
Haar_04,GRAPE,175,0.9933476448059082,0.00665245158597827,0.0007857329898523859,,
Haar_04,GRAPE,200,0.990925133228302,0.009074963629245758,0.0007814014761921583,,
Haar_04,GRAPE,225,0.9929510951042175,0.007049001287668943,0.0007765127076505443,,
Haar_04,GRAPE,250,0.9908642768859863,0.009135819971561432,0.0007710742223542895,,
Haar_04,GRAPE,275,0.9924356341362,0.0075644622556865215,0.0007650944060535315,,
Haar_04,GRAPE,300,0.9929150938987732,0.007085002493113279,0.0007585824791915802,,
Haar_04,GRAPE,325,0.9941469430923462,0.005853153299540281,0.0007515484826876632,,
Haar_04,GRAPE,350,0.9920244216918945,0.007975674234330654,0.0007440032624545552,,
Haar_04,GRAPE,375,0.9932788610458374,0.00672123534604907,0.0007359584526749675,,
Haar_04,GRAPE,400,0.9938762187957764,0.0061238775961101055,0.0007274264578624801,,
Haar_04,GRAPE,425,0.9949021935462952,0.005097902845591307,0.000718420433734683,,
Haar_04,GRAPE,450,0.9929235577583313,0.007076538633555174,0.0007089542669280117,,
Haar_04,GRAPE,475,0.994064450263977,0.005935646127909422,0.0006990425535855607,,
Haar_04,GRAPE,500,0.9945595264434814,0.005440569948405027,0.000688700576850888,,
Haar_04,GRAPE,525,0.9954138994216919,0.004586196970194578,0.000677944283302518,,
Haar_04,GRAPE,550,0.9939939975738525,0.006006098818033934,0.00066679025836547,,
Haar_04,GRAPE,575,0.9950513243675232,0.004948772024363279,0.000655255700737737,,
Haar_04,GRAPE,600,0.9949359893798828,0.00506410701200366,0.00064335839587114,,
Haar_04,GRAPE,625,0.9956792593002319,0.004320837091654539,0.0006311166885474491,,
Haar_04,GRAPE,650,0.9951847195625305,0.004815376829355955,0.0006185494545920606,,
Haar_04,GRAPE,675,0.9960792660713196,0.003920830320566893,0.0006056760717688429,,
Haar_04,GRAPE,700,0.9951947331428528,0.0048053632490336895,0.0005925163899010278,,
Haar_04,GRAPE,725,0.9958446621894836,0.00415543420240283,0.0005790907002642228,,
Haar_04,GRAPE,750,0.9963431358337402,0.0036569603253155947,0.0005654197042987343,,
Haar_04,GRAPE,775,0.9970167279243469,0.0029833682347089052,0.0005515244816894474,,
Haar_04,GRAPE,800,0.9956004023551941,0.004399694036692381,0.0005374264578624799,,
Haar_04,GRAPE,825,0.9963560104370117,0.0036440857220441103,0.0005231473709487284,,
Haar_04,GRAPE,850,0.9968212842941284,0.003178811864927411,0.0005087092382652451,,
Haar_04,GRAPE,875,0.9971933960914612,0.0028067000675946474,0.0004941343223661304,,
Haar_04,GRAPE,900,0.997119128704071,0.002880967454984784,0.00047944509671528975,,
Haar_04,GRAPE,925,0.9930972456932068,0.006902850698679686,0.00046466421103398016,,
Haar_04,GRAPE,950,0.9971305727958679,0.002869523363187909,0.0004498144563765829,,
Haar_04,GRAPE,975,0.9927623867988586,0.00723770959302783,0.00043491872998844796,,
Haar_04,GRAPE,1000,0.9939640164375305,0.006036079954355955,0.00042000000000000175,,
Haar_04,GRAPE,1025,0.9966707825660706,0.003329313825815916,0.00040508127001155555,,
Haar_04,GRAPE,1050,0.9973403215408325,0.002659774851053953,0.0003901855436234205,,
Haar_04,GRAPE,1075,0.9964151382446289,0.0035849581472575665,0.00037533578896602334,,
Haar_04,GRAPE,1100,0.9969459176063538,0.003054178785532713,0.00036055490328471386,,
Haar_04,GRAPE,1125,0.9978350400924683,0.002165056299418211,0.0003458656776338729,,
Haar_04,GRAPE,1150,0.9980626106262207,0.0019374856492504478,0.0003312907617347575,,
Haar_04,GRAPE,1175,0.9977596402168274,0.00224045617505908,0.00031685262905127316,,
Haar_04,GRAPE,1200,0.9985596537590027,0.0014404425164684653,0.0003025735421375214,,
Haar_04,GRAPE,1225,0.9988914132118225,0.0011086830636486411,0.00028847551831055404,,
Haar_04,GRAPE,1250,0.9991330504417419,0.0008670458919368684,0.00027458029570126747,,
Haar_04,GRAPE,1275,0.9991602301597595,0.0008398661739192903,0.0002609092997357791,,
Haar_04,GRAPE,1300,0.9991723895072937,0.0008277068263851106,0.0002474836100989745,,
Haar_04,GRAPE,1325,0.9991852641105652,0.0008148322231136262,0.0002343239282311593,,
Haar_04,GRAPE,1350,0.9991959929466248,0.0008041033870540559,0.00022145054540794148,,
Haar_04,GRAPE,1375,0.9992061257362366,0.0007939705974422395,0.0002088833114525531,,
Haar_04,GRAPE,1400,0.9992172122001648,0.0007828841335140169,0.000196641604128862,,
Haar_04,GRAPE,1425,0.9992244839668274,0.0007756123668514192,0.00018474429926226482,,
Haar_04,GRAPE,1450,0.9992343187332153,0.0007657776004634798,0.00017320974163453172,,
Haar_04,GRAPE,1475,0.9992400407791138,0.0007600555545650423,0.0001620557166974835,,
Haar_04,GRAPE,1500,0.9992502927780151,0.0007498035556636751,0.00015129942314911333,,
Haar_04,GRAPE,1525,0.9992544651031494,0.0007456312305293977,0.00014095744641444083,,
Haar_04,GRAPE,1550,0.9992610216140747,0.0007390747196041048,0.00013104573307198958,,
Haar_04,GRAPE,1575,0.9992702007293701,0.0007298956043086946,0.00012157956626531827,,
Haar_04,GRAPE,1600,0.9992755651473999,0.0007245311862789094,0.00011257354213752138,,
Haar_04,GRAPE,1625,0.9992798566818237,0.0007202397100627422,0.00010404154732503417,,
Haar_04,GRAPE,1650,0.9992855787277222,0.0007145176641643047,9.599673754544633e-05,,
Haar_04,GRAPE,1675,0.9992884397506714,0.000711656641215086,8.845151731233827e-05,,
Haar_04,GRAPE,1700,0.9992927312850952,0.0007073651067912579,8.141752080842129e-05,,
Haar_04,GRAPE,1725,0.9992989301681519,0.0007011662237346172,7.490559394647008e-05,,
Haar_04,GRAPE,1750,0.9993025064468384,0.0006975899450480938,6.892577764571179e-05,,
Haar_04,GRAPE,1775,0.9993042945861816,0.0006958018057048321,6.348729234945667e-05,,
Haar_04,GRAPE,1800,0.9993103742599487,0.0006897221319377422,5.859852380784215e-05,,
Haar_04,GRAPE,1825,0.9993116855621338,0.0006884108297526836,5.426701014761444e-05,,
Haar_04,GRAPE,1850,0.9993120431900024,0.0006880532018840313,5.049943024888318e-05,,
Haar_04,GRAPE,1875,0.9993175268173218,0.0006825695745646954,4.730159344677261e-05,,
Haar_04,GRAPE,1900,0.9993194341659546,0.0006806622259318829,4.46784305738478e-05,,
Haar_04,GRAPE,1925,0.9993215799331665,0.0006785164587199688,4.2633986357128065e-05,,
Haar_04,GRAPE,1950,0.9993239641189575,0.0006761322729289532,4.117141318141141e-05,,
Haar_04,GRAPE,1975,0.9993264675140381,0.0006736288778483868,4.029296622852532e-05,,
Haar_04,GRAPE,2000,0.9993293285369873,0.000670767854899168,4e-05,,
Haar_04,Robust GRAPE,1,0.0024419387336820364,3.492506980895996,0.0005999997094176884,0.002397113014012575,0.9982305765151978
Haar_04,Robust GRAPE,25,0.8822476267814636,0.4601147472858429,0.0005998184053122424,0.8741804361343384,0.14436179399490356
Haar_04,Robust GRAPE,50,0.9658668041229248,0.16579705476760864,0.0005992738526639225,0.9586758613586426,0.0602264404296875
Haar_04,Robust GRAPE,75,0.9868267178535461,0.081004299223423,0.0005983670360049908,0.9815664291381836,0.03293156623840332
Haar_04,Robust GRAPE,100,0.9891164302825928,0.06540437787771225,0.0005970991109360656,0.98480224609375,0.026215314865112305
Haar_04,Robust GRAPE,125,0.9909622669219971,0.05200120061635971,0.000595471693235793,0.9872770309448242,0.020160257816314697
Haar_04,Robust GRAPE,150,0.9851489067077637,0.0713813528418541,0.0005934868568017803,0.9814762473106384,0.025337547063827515
Haar_04,Robust GRAPE,175,0.9892808794975281,0.052940938621759415,0.0005911471310077294,0.9866539239883423,0.019250422716140747
Haar_04,Robust GRAPE,200,0.9923409819602966,0.04278378561139107,0.0005884554974801316,0.989337146282196,0.01630789041519165
Haar_04,Robust GRAPE,225,0.990237832069397,0.0506579764187336,0.0005854153862986362,0.986972987651825,0.01857912540435791
Haar_04,Robust GRAPE,250,0.9758402109146118,0.10524096339941025,0.000582030671624932,0.9731101989746094,0.03612750768661499
Haar_04,Robust GRAPE,275,0.9912940859794617,0.04705695062875748,0.0005783056667657171,0.9881324768066406,0.017655640840530396
Haar_04,Robust GRAPE,300,0.9927749633789062,0.04127898067235947,0.000574245118676038,0.9898185133934021,0.015914887189865112
Haar_04,Robust GRAPE,325,0.9918896555900574,0.042135126888751984,0.0005698542019100181,0.9893919229507446,0.015611052513122559
Haar_04,Robust GRAPE,350,0.9930659532546997,0.0380832739174366,0.0005651385120266685,0.9904870986938477,0.014424145221710205
Haar_04,Robust GRAPE,375,0.9931917786598206,0.03895784541964531,0.0005601040584591952,0.990386426448822,0.015023946762084961
Haar_04,Robust GRAPE,400,0.993752121925354,0.03666870296001434,0.0005547572568568876,0.9909999966621399,0.014280468225479126
Haar_04,Robust GRAPE,425,0.9938417673110962,0.03468843176960945,0.0005491049209093409,0.9913495182991028,0.013253092765808105
Haar_04,Robust GRAPE,450,0.9944131970405579,0.03254596143960953,0.0005431542536634437,0.9919378161430359,0.0125979483127594
Haar_04,Robust GRAPE,475,0.9941708445549011,0.03423512727022171,0.0005369128383441814,0.9915634393692017,0.01331290602684021
Haar_04,Robust GRAPE,500,0.9948713183403015,0.03139886260032654,0.0005303886286909646,0.9923338890075684,0.012402653694152832
Haar_04,Robust GRAPE,525,0.9944551587104797,0.03154633939266205,0.0005235899388217924,0.9920913577079773,0.012061864137649536
Haar_04,Robust GRAPE,550,0.9950271844863892,0.029286634176969528,0.0005165254326381668,0.9926944971084595,0.011338800191879272
Haar_04,Robust GRAPE,575,0.9951574206352234,0.029472269117832184,0.0005092041127842604,0.9927588701248169,0.011592268943786621
Haar_04,Robust GRAPE,600,0.9956444501876831,0.02740674838423729,0.0005016353091744084,0.9933056235313416,0.010904490947723389
Haar_04,Robust GRAPE,625,0.9950620532035828,0.028188981115818024,0.0004938286671035459,0.9928841590881348,0.010756731033325195
Haar_04,Robust GRAPE,650,0.9945514798164368,0.032054781913757324,0.00048579413495573756,0.9925677180290222,0.012782633304595947
Haar_04,Robust GRAPE,675,0.9937365651130676,0.03340298682451248,0.0004775419515264692,0.9916780591011047,0.012544989585876465
Haar_04,Robust GRAPE,700,0.9935134053230286,0.03368087857961655,0.0004690826329748505,0.9913490414619446,0.012362092733383179
Haar_04,Robust GRAPE,725,0.9942547678947449,0.030426954850554466,0.0004604269594223624,0.9921707510948181,0.011234909296035767
Haar_04,Robust GRAPE,750,0.9950276613235474,0.02760712429881096,0.000451585961215223,0.9929441809654236,0.010385900735855103
Haar_04,Robust GRAPE,775,0.9946941137313843,0.02923656813800335,0.00044257090486788037,0.9925935864448547,0.01101607084274292
Haar_04,Robust GRAPE,800,0.9953077435493469,0.026900626718997955,0.0004333932787055453,0.9932384490966797,0.010297834873199463
Haar_04,Robust GRAPE,825,0.9954694509506226,0.025547536090016365,0.0004240647782240588,0.9934603571891785,0.009651541709899902
Haar_04,Robust GRAPE,850,0.9961599111557007,0.023014463484287262,0.00041459729118575135,0.9941818118095398,0.008904099464416504
Haar_04,Robust GRAPE,875,0.9950432181358337,0.02733386680483818,0.00040500288247029097,0.9930588006973267,0.010290473699569702
Haar_04,Robust GRAPE,900,0.9954543709754944,0.025701921433210373,0.000395293778699817,0.9934942126274109,0.009766906499862671
Haar_04,Robust GRAPE,925,0.9967193007469177,0.020600832998752594,0.0003854823526579618,0.9948245286941528,0.00809633731842041
Haar_04,Robust GRAPE,950,0.9960843324661255,0.022601373493671417,0.00037558110752260914,0.9942193031311035,0.008603274822235107
Haar_04,Robust GRAPE,975,0.9961140751838684,0.022912072017788887,0.0003656026609324877,0.9942299127578735,0.008837312459945679
Haar_04,Robust GRAPE,1000,0.9966465830802917,0.020839883014559746,0.0003555597289078979,0.9947940707206726,0.00818699598312378
Haar_04,Robust GRAPE,1025,0.9966675639152527,0.020137568935751915,0.0003454651096460691,0.9948717951774597,0.007784545421600342
Haar_04,Robust GRAPE,1050,0.9970174431800842,0.018843507394194603,0.0003353316672117932,0.9952360391616821,0.007397860288619995
Haar_04,Robust GRAPE,1075,0.9967813491821289,0.02003527246415615,0.00032517231514412183,0.9949823617935181,0.007865935564041138
Haar_04,Robust GRAPE,1100,0.9971246123313904,0.01864052377641201,0.00031500000000001264,0.9953539967536926,0.007412701845169067
Haar_04,Robust GRAPE,1125,0.9970673322677612,0.018324993550777435,0.00030482768485590346,0.9953367114067078,0.007152646780014038
Haar_04,Robust GRAPE,1150,0.9973348379135132,0.0173946525901556,0.00029466833278823197,0.9956037402153015,0.006888747215270996
Haar_04,Robust GRAPE,1175,0.9972795844078064,0.017768414691090584,0.00028453489035395595,0.9955620169639587,0.0070732831954956055
Haar_04,Robust GRAPE,1200,0.9974684119224548,0.016981350257992744,0.00027444027109212697,0.9957677721977234,0.006811589002609253
Haar_04,Robust GRAPE,1225,0.9974855780601501,0.0166610237210989,0.0002643973390675363,0.9957861304283142,0.006621748208999634
Haar_04,Robust GRAPE,1250,0.9976460337638855,0.016043370589613914,0.00025441889247741393,0.9959604144096375,0.006433159112930298
Haar_04,Robust GRAPE,1275,0.9976080656051636,0.01626112312078476,0.00024451764734206047,0.995942234992981,0.006540864706039429
Haar_04,Robust GRAPE,1300,0.9977657198905945,0.015632497146725655,0.0002347062213002039,0.9961075186729431,0.006337016820907593
Haar_04,Robust GRAPE,1325,0.9977184534072876,0.015616916120052338,0.00022499711752972876,0.9960595965385437,0.006263285875320435
Haar_04,Robust GRAPE,1350,0.9978445768356323,0.015135441906750202,0.00021540270881426725,0.9961972236633301,0.006118088960647583
Haar_04,Robust GRAPE,1375,0.9978471398353577,0.015175553038716316,0.00020593522177595922,0.9962156414985657,0.0061588287353515625
Haar_04,Robust GRAPE,1400,0.9979435205459595,0.014780553057789803,0.0001966067212944717,0.9963206648826599,0.006029725074768066
Haar_04,Robust GRAPE,1425,0.9979428052902222,0.01467422116547823,0.00018742909513213565,0.9963125586509705,0.005952984094619751
Haar_04,Robust GRAPE,1450,0.9980344772338867,0.01432116236537695,0.00017841403878479206,0.9964109659194946,0.0058443546295166016
Haar_04,Robust GRAPE,1475,0.9980009198188782,0.014448516070842743,0.0001695730405776513,0.9964006543159485,0.005899935960769653
Haar_04,Robust GRAPE,1500,0.9980618953704834,0.014170967042446136,0.0001609173670251618,0.9964703917503357,0.005802065134048462
Haar_04,Robust GRAPE,1525,0.9981212019920349,0.014167211949825287,0.00015245804847354195,0.9964122772216797,0.005800396203994751
Haar_04,Robust GRAPE,1550,0.9975326061248779,0.016374729573726654,0.00014420586504427228,0.9957277178764343,0.006423324346542358
Haar_04,Robust GRAPE,1575,0.9981756210327148,0.013996528461575508,0.0001361713328964629,0.9965757727622986,0.005831867456436157
Haar_04,Robust GRAPE,1600,0.9982172846794128,0.013851355761289597,0.0001283646908255991,0.9965658187866211,0.005756288766860962
Haar_04,Robust GRAPE,1625,0.9980515241622925,0.014326455071568489,0.0001207958872157459,0.9963428378105164,0.0058138370513916016
Haar_04,Robust GRAPE,1650,0.9980454444885254,0.014762326143682003,0.00011347456736183846,0.9965131878852844,0.0062139034271240234
Haar_04,Robust GRAPE,1675,0.998196005821228,0.013696541078388691,0.00010641006117821234,0.9965423941612244,0.005623161792755127
Haar_04,Robust GRAPE,1700,0.9982943534851074,0.013471161015331745,9.961137130904015e-05,0.9966516494750977,0.005611389875411987
Haar_04,Robust GRAPE,1725,0.998299241065979,0.01339709386229515,9.308716165582323e-05,0.9966691136360168,0.005576908588409424
Haar_04,Robust GRAPE,1750,0.9982450604438782,0.01355504896491766,8.684574633656034e-05,0.9965869784355164,0.005591303110122681
Haar_04,Robust GRAPE,1775,0.9983174800872803,0.013192795217037201,8.089507909066261e-05,0.9967678189277649,0.0055186450481414795
Haar_04,Robust GRAPE,1800,0.9983536601066589,0.013044794090092182,7.524274314311579e-05,0.9967510104179382,0.0054329633712768555
Haar_04,Robust GRAPE,1825,0.9982842206954956,0.013265569694340229,6.989594154080749e-05,0.996746838092804,0.005531013011932373
Haar_04,Robust GRAPE,1850,0.9983294010162354,0.012998964637517929,6.486148797333406e-05,0.9967508316040039,0.005386054515838623
Haar_04,Robust GRAPE,1875,0.9983484148979187,0.013025849126279354,6.0145798089983905e-05,0.9967414736747742,0.0054104626178741455
Haar_04,Robust GRAPE,1900,0.9983794093132019,0.012900855392217636,5.575488132396362e-05,0.9967891573905945,0.0053795576095581055
Haar_04,Robust GRAPE,1925,0.9983425140380859,0.012905552051961422,5.169433323428443e-05,0.9967856407165527,0.005355775356292725
Haar_04,Robust GRAPE,1950,0.9983335733413696,0.013023249804973602,4.796932837506882e-05,0.9967384338378906,0.005396813154220581
Haar_04,Robust GRAPE,1975,0.9983765482902527,0.012903868220746517,4.458461370136463e-05,0.9967828989028931,0.005375474691390991
Haar_04,Robust GRAPE,2000,0.9983829855918884,0.012859080918133259,4.154450251986887e-05,0.9967949986457825,0.005357950925827026
Haar_04,Robust GRAPE,2025,0.9983872771263123,0.012830989435315132,3.885286899227088e-05,0.9968005418777466,0.005345791578292847
Haar_04,Robust GRAPE,2050,0.9983912110328674,0.0128145357593894,3.6513143198219925e-05,0.9968042373657227,0.005339920520782471
Haar_04,Robust GRAPE,2075,0.9983875155448914,0.012794583104550838,3.4528306764207154e-05,0.9968392252922058,0.005347460508346558
Haar_04,Robust GRAPE,2100,0.9983934760093689,0.012809138745069504,3.290088906393433e-05,0.9968025088310242,0.005336731672286987
Haar_04,Robust GRAPE,2125,0.9984042048454285,0.012749947607517242,3.163296399500936e-05,0.9968487024307251,0.0053351521492004395
Haar_04,Robust GRAPE,2150,0.9983896613121033,0.012832637876272202,3.072614733607778e-05,0.9968464970588684,0.005379140377044678
Haar_04,Robust GRAPE,2175,0.99839848279953,0.01270277053117752,3.018159468775736e-05,0.996839702129364,0.005293905735015869
Haar_04,Robust GRAPE,2200,0.9983879923820496,0.012745218351483345,2.9999999999999997e-05,0.9968177676200867,0.005300611257553101
Haar_04,NN-seeded GRAPE,1,0.9937660694122314,0.006233949214220047,0.00019999706997625503,,
Haar_04,NN-seeded GRAPE,20,0.9975590109825134,0.0024410076439380646,0.000198830392356538,,
Haar_04,NN-seeded GRAPE,40,0.998044490814209,0.001955527812242508,0.0001953503690480395,,
Haar_04,NN-seeded GRAPE,60,0.9982398152351379,0.001760203274898231,0.0001896456197978949,,
Haar_04,NN-seeded GRAPE,80,0.9983887076377869,0.0016113108722493052,0.00018185661446561998,,
Haar_04,NN-seeded GRAPE,100,0.9983975291252136,0.0016024893848225474,0.000172175144212722,,
Haar_04,NN-seeded GRAPE,120,0.9985721707344055,0.001427847775630653,0.00016083959896778487,,
Haar_04,NN-seeded GRAPE,140,0.9986631870269775,0.0013368314830586314,0.00014812909747525683,,
Haar_04,NN-seeded GRAPE,160,0.9987296462059021,0.0012703723041340709,0.0001343566144656199,,
Haar_04,NN-seeded GRAPE,180,0.9987860918045044,0.001213926705531776,0.00011986127417882194,,
Haar_04,NN-seeded GRAPE,200,0.9988323450088501,0.0011676735011860728,0.00010500000000000002,,
Haar_04,NN-seeded GRAPE,220,0.9988716244697571,0.0011283940402790904,9.013872582117809e-05,,
Haar_04,NN-seeded GRAPE,240,0.9989030957221985,0.0010969227878376842,7.564338553438001e-05,,
Haar_04,NN-seeded GRAPE,260,0.9989292025566101,0.001070815953426063,6.187090252474307e-05,,
Haar_04,NN-seeded GRAPE,280,0.9989481568336487,0.0010518616763874888,4.9160401032215056e-05,,
Haar_04,NN-seeded GRAPE,300,0.9989641308784485,0.0010358876315876842,3.7824855787278006e-05,,
Haar_04,NN-seeded GRAPE,320,0.9989757537841797,0.001024264725856483,2.8143385534380033e-05,,
Haar_04,NN-seeded GRAPE,340,0.9989851713180542,0.0010148471919819713,2.0354380202105085e-05,,
Haar_04,NN-seeded GRAPE,360,0.998990535736084,0.001009482773952186,1.4649630951960429e-05,,
Haar_04,NN-seeded GRAPE,380,0.9989957809448242,0.0010042375652119517,1.1169607643461929e-05,,
Haar_04,NN-seeded GRAPE,400,0.9989997148513794,0.001000303658656776,1e-05,,
Haar_04,CRAB-SPSA,1,0.005379915237426758,0.9946200847625732,,,
Haar_04,CRAB-SPSA,25,0.01549452543258667,0.9845054745674133,,,
Haar_04,CRAB-SPSA,50,0.03488790988922119,0.9651120901107788,,,
Haar_04,CRAB-SPSA,75,0.016771972179412842,0.9832280278205872,,,
Haar_04,CRAB-SPSA,100,0.0014682412147521973,0.9985317587852478,,,
Haar_04,CRAB-SPSA,125,0.0645485520362854,0.9354514479637146,,,
Haar_04,CRAB-SPSA,150,0.026269197463989258,0.9737308025360107,,,
Haar_04,CRAB-SPSA,175,0.0020691752433776855,0.9979308247566223,,,
Haar_04,CRAB-SPSA,200,0.026217997074127197,0.9737820029258728,,,
Haar_04,CRAB-SPSA,225,0.045481741428375244,0.9545182585716248,,,
Haar_04,CRAB-SPSA,250,0.009374737739562988,0.990625262260437,,,
Haar_04,CRAB-SPSA,275,0.008068978786468506,0.9919310212135315,,,
Haar_04,CRAB-SPSA,300,0.006194889545440674,0.9938051104545593,,,
Haar_04,CRAB-SPSA,325,0.007788896560668945,0.992211103439331,,,
Haar_04,CRAB-SPSA,350,0.017117083072662354,0.9828829169273376,,,
Haar_04,CRAB-SPSA,375,0.023720979690551758,0.9762790203094482,,,
Haar_04,CRAB-SPSA,400,0.01331484317779541,0.9866851568222046,,,
Haar_04,CRAB-SPSA,425,0.01624011993408203,0.983759880065918,,,
Haar_04,CRAB-SPSA,450,0.022553622722625732,0.9774463772773743,,,
Haar_04,CRAB-SPSA,475,0.006626486778259277,0.9933735132217407,,,
Haar_04,CRAB-SPSA,500,0.04801368713378906,0.9519863128662109,,,
Haar_04,CRAB-SPSA,525,0.019695639610290527,0.9803043603897095,,,
Haar_04,CRAB-SPSA,550,0.022139430046081543,0.9778605699539185,,,
Haar_04,CRAB-SPSA,575,0.030064523220062256,0.9699354767799377,,,
Haar_04,CRAB-SPSA,600,0.012733161449432373,0.9872668385505676,,,
Haar_04,CRAB-SPSA,625,0.018492698669433594,0.9815073013305664,,,
Haar_04,CRAB-SPSA,650,0.014110445976257324,0.9858895540237427,,,
Haar_04,CRAB-SPSA,675,0.009889483451843262,0.9901105165481567,,,
Haar_04,CRAB-SPSA,700,0.029135048389434814,0.9708649516105652,,,
Haar_04,CRAB-SPSA,725,0.00652700662612915,0.9934729933738708,,,
Haar_04,CRAB-SPSA,750,0.01733684539794922,0.9826631546020508,,,
Haar_04,CRAB-SPSA,775,0.008907496929168701,0.9910925030708313,,,
Haar_04,CRAB-SPSA,800,0.0031898021697998047,0.9968101978302002,,,
Haar_04,CRAB-SPSA,825,0.003248870372772217,0.9967511296272278,,,
Haar_04,CRAB-SPSA,850,0.03751951456069946,0.9624804854393005,,,
Haar_04,CRAB-SPSA,875,0.028768181800842285,0.9712318181991577,,,
Haar_04,CRAB-SPSA,900,0.021672308444976807,0.9783276915550232,,,
Haar_04,CRAB-SPSA,925,0.002641737461090088,0.9973582625389099,,,
Haar_04,CRAB-SPSA,950,0.0006439089775085449,0.9993560910224915,,,
Haar_04,CRAB-SPSA,975,0.007561743259429932,0.9924382567405701,,,
Haar_04,CRAB-SPSA,1000,0.0028191804885864258,0.9971808195114136,,,
Haar_04,CRAB-SPSA,1025,0.008756637573242188,0.9912433624267578,,,
Haar_04,CRAB-SPSA,1050,0.0022428035736083984,0.9977571964263916,,,
Haar_04,CRAB-SPSA,1075,0.010883688926696777,0.9891163110733032,,,
Haar_04,CRAB-SPSA,1100,0.00625920295715332,0.9937407970428467,,,
Haar_04,CRAB-SPSA,1125,0.04782038927078247,0.9521796107292175,,,
Haar_04,CRAB-SPSA,1150,0.011811614036560059,0.9881883859634399,,,
Haar_04,CRAB-SPSA,1175,0.028855204582214355,0.9711447954177856,,,
Haar_04,CRAB-SPSA,1200,0.03382217884063721,0.9661778211593628,,,
Haar_04,CRAB-SPSA,1225,0.021995246410369873,0.9780047535896301,,,
Haar_04,CRAB-SPSA,1250,0.0075699687004089355,0.9924300312995911,,,
Haar_04,CRAB-SPSA,1275,0.006564438343048096,0.9934355616569519,,,
Haar_04,CRAB-SPSA,1300,0.02699512243270874,0.9730048775672913,,,
Haar_04,CRAB-SPSA,1325,0.01621013879776001,0.98378986120224,,,
Haar_04,CRAB-SPSA,1350,0.012356460094451904,0.9876435399055481,,,
Haar_04,CRAB-SPSA,1375,0.0047002434730529785,0.995299756526947,,,
Haar_04,CRAB-SPSA,1400,0.009973645210266113,0.9900263547897339,,,
Haar_04,CRAB-SPSA,1425,0.016902506351470947,0.983097493648529,,,
Haar_04,CRAB-SPSA,1450,0.002762019634246826,0.9972379803657532,,,
Haar_04,CRAB-SPSA,1475,0.04025149345397949,0.9597485065460205,,,
Haar_04,CRAB-SPSA,1500,0.03833431005477905,0.961665689945221,,,
Haar_05,GRAPE,1,0.004849357530474663,0.9951506853103638,0.0007999995311938873,,
Haar_05,GRAPE,25,0.8657541871070862,0.13424590229988098,0.0007997070337714746,,
Haar_05,GRAPE,50,0.9800316691398621,0.019968416541814804,0.0007988285868185884,,
Haar_05,GRAPE,75,0.9805223345756531,0.01947775110602379,0.0007973660136428716,,
Haar_05,GRAPE,100,0.9850464463233948,0.01495363935828209,0.000795321569426152,,
Haar_05,GRAPE,125,0.986632764339447,0.013367321342229843,0.0007926984065532274,,
Haar_05,GRAPE,150,0.9893317222595215,0.01066836342215538,0.000789500569751117,,
Haar_05,GRAPE,175,0.9920557737350464,0.007944311946630478,0.0007857329898523859,,
Haar_05,GRAPE,200,0.988562822341919,0.01143726333975792,0.0007814014761921583,,
Haar_05,GRAPE,225,0.9909703731536865,0.009029712527990341,0.0007765127076505443,,
Haar_05,GRAPE,250,0.9910173416137695,0.008982744067907333,0.0007710742223542895,,
Haar_05,GRAPE,275,0.9920139908790588,0.007986094802618027,0.0007650944060535315,,
Haar_05,GRAPE,300,0.9911221265792847,0.008877959102392197,0.0007585824791915802,,
Haar_05,GRAPE,325,0.9930151104927063,0.006984975188970566,0.0007515484826876632,,
Haar_05,GRAPE,350,0.9923668503761292,0.007633235305547714,0.0007440032624545552,,
Haar_05,GRAPE,375,0.9940040707588196,0.0059960149228572845,0.0007359584526749675,,
Haar_05,GRAPE,400,0.9933080673217773,0.006692018359899521,0.0007274264578624801,,
Haar_05,GRAPE,425,0.9943377375602722,0.005662348121404648,0.000718420433734683,,
Haar_05,GRAPE,450,0.9947038888931274,0.005296196788549423,0.0007089542669280117,,
Haar_05,GRAPE,475,0.9959099292755127,0.004090156406164169,0.0006990425535855607,,
Haar_05,GRAPE,500,0.9934221506118774,0.006577935069799423,0.000688700576850888,,
Haar_05,GRAPE,525,0.9940685033798218,0.005931582301855087,0.000677944283302518,,
Haar_05,GRAPE,550,0.9964345097541809,0.0035655759274959564,0.00066679025836547,,
Haar_05,GRAPE,575,0.9986748099327087,0.0013252757489681244,0.000655255700737737,,
Haar_05,GRAPE,600,0.9938383102416992,0.006161775439977646,0.00064335839587114,,
Haar_05,GRAPE,625,0.9922143816947937,0.0077857039868831635,0.0006311166885474491,,
Haar_05,GRAPE,650,0.9933915138244629,0.006608571857213974,0.0006185494545920606,,
Haar_05,GRAPE,675,0.9935892224311829,0.006410863250494003,0.0006056760717688429,,
Haar_05,GRAPE,700,0.994979977607727,0.005020108073949814,0.0005925163899010278,,
Haar_05,GRAPE,725,0.9945652484893799,0.005434837192296982,0.0005790907002642228,,
Haar_05,GRAPE,750,0.9956884384155273,0.004311647266149521,0.0005654197042987343,,
Haar_05,GRAPE,775,0.9956271648406982,0.0043729208409786224,0.0005515244816894474,,
Haar_05,GRAPE,800,0.996758222579956,0.00324186310172081,0.0005374264578624799,,
Haar_05,GRAPE,825,0.9957970380783081,0.004203047603368759,0.0005231473709487284,,
Haar_05,GRAPE,850,0.9968655705451965,0.0031345151364803314,0.0005087092382652451,,
Haar_05,GRAPE,875,0.99669349193573,0.003306593745946884,0.0004941343223661304,,
Haar_05,GRAPE,900,0.9974000453948975,0.0026000402867794037,0.00047944509671528975,,
Haar_05,GRAPE,925,0.9968631863594055,0.003136899322271347,0.00046466421103398016,,
Haar_05,GRAPE,950,0.99741530418396,0.00258478126488626,0.0004498144563765829,,
Haar_05,GRAPE,975,0.9976388812065125,0.00236120424233377,0.00043491872998844796,,
Haar_05,GRAPE,1000,0.9980109333992004,0.0019891520496457815,0.00042000000000000175,,
Haar_05,GRAPE,1025,0.997775137424469,0.002224948024377227,0.00040508127001155555,,
Haar_05,GRAPE,1050,0.998185396194458,0.001814689370803535,0.0003901855436234205,,
Haar_05,GRAPE,1075,0.9981428384780884,0.0018572470871731639,0.00037533578896602334,,
Haar_05,GRAPE,1100,0.9993299245834351,0.0006701609236188233,0.00036055490328471386,,
Haar_05,GRAPE,1125,0.9993435144424438,0.0006565710646100342,0.0003458656776338729,,
Haar_05,GRAPE,1150,0.9993661642074585,0.0006339212413877249,0.0003312907617347575,,
Haar_05,GRAPE,1175,0.9993835687637329,0.0006165166851133108,0.00031685262905127316,,
Haar_05,GRAPE,1200,0.9993973970413208,0.0006026884075254202,0.0003025735421375214,,
Haar_05,GRAPE,1225,0.9994130730628967,0.0005870123859494925,0.00028847551831055404,,
Haar_05,GRAPE,1250,0.9994261860847473,0.0005738993640989065,0.00027458029570126747,,
Haar_05,GRAPE,1275,0.9994392991065979,0.0005607863422483206,0.0002609092997357791,,
Haar_05,GRAPE,1300,0.9994476437568665,0.000552441633772105,0.0002474836100989745,,
Haar_05,GRAPE,1325,0.9994602799415588,0.0005398054490797222,0.0002343239282311593,,
Haar_05,GRAPE,1350,0.9994702935218811,0.0005297918687574565,0.00022145054540794148,,
Haar_05,GRAPE,1375,0.9994812607765198,0.0005188246141187847,0.0002088833114525531,,
Haar_05,GRAPE,1400,0.9994867444038391,0.0005133409867994487,0.000196641604128862,,
Haar_05,GRAPE,1425,0.9994990229606628,0.0005010624299757183,0.00018474429926226482,,
Haar_05,Robust GRAPE,1,0.018812617287039757,3.4424142837524414,0.0005999997094176884,0.02079888992011547,0.988017201423645
Haar_05,Robust GRAPE,25,0.8919999003410339,0.43822139501571655,0.0005998184053122424,0.8812885284423828,0.14100655913352966
Haar_05,Robust GRAPE,50,0.9567695260047913,0.20764583349227905,0.0005992738526639225,0.9517857432365417,0.07746735215187073
Haar_05,Robust GRAPE,75,0.9709855914115906,0.1427573412656784,0.0005983670360049908,0.9603931307792664,0.04942396283149719
Haar_05,Robust GRAPE,100,0.9793745875358582,0.10615174472332001,0.0005970991109360656,0.9705902338027954,0.037411004304885864
Haar_05,Robust GRAPE,125,0.9818398952484131,0.09109668433666229,0.000595471693235793,0.9793128967285156,0.034832924604415894
Haar_05,Robust GRAPE,150,0.9858852624893188,0.07282514125108719,0.0005934868568017803,0.9828471541404724,0.027704983949661255
Haar_05,Robust GRAPE,175,0.9886742234230042,0.05943923071026802,0.0005911471310077294,0.9848791360855103,0.021994978189468384
Haar_05,Robust GRAPE,200,0.9907932877540588,0.05095730721950531,0.0005884554974801316,0.9864436388015747,0.018796086311340332
Haar_05,Robust GRAPE,225,0.9899011850357056,0.052555475383996964,0.0005854153862986362,0.9853992462158203,0.018570542335510254
Haar_05,Robust GRAPE,250,0.989627480506897,0.05319858342409134,0.000582030671624932,0.9860519766807556,0.019251912832260132
Haar_05,Robust GRAPE,275,0.9927692413330078,0.041623540222644806,0.0005783056667657171,0.9894404411315918,0.015888750553131104
Haar_05,Robust GRAPE,300,0.9924229383468628,0.04215694218873978,0.000574245118676038,0.9884335398674011,0.015342235565185547
Haar_05,Robust GRAPE,325,0.9943884611129761,0.03569459542632103,0.0005698542019100181,0.9914411902427673,0.014349400997161865
Haar_05,Robust GRAPE,350,0.9944760799407959,0.03506838530302048,0.0005651385120266685,0.9904748797416687,0.013346195220947266
Haar_05,Robust GRAPE,375,0.9943845868110657,0.03403801470994949,0.0005601040584591952,0.9909699559211731,0.012928277254104614
Haar_05,Robust GRAPE,400,0.9970329403877258,0.023777931928634644,0.0005547572568568876,0.9935330748558044,0.009562581777572632
Haar_05,Robust GRAPE,425,0.9938142895698547,0.03457682207226753,0.0005491049209093409,0.9908196330070496,0.012807101011276245
Haar_05,Robust GRAPE,450,0.995590090751648,0.0292961522936821,0.0005431542536634437,0.9919247031211853,0.011207222938537598
Haar_05,Robust GRAPE,475,0.9962871074676514,0.02681637927889824,0.0005369128383441814,0.9925783276557922,0.010454446077346802
Haar_05,Robust GRAPE,500,0.9942925572395325,0.03219559043645859,0.0005303886286909646,0.991419792175293,0.011938542127609253
Haar_05,Robust GRAPE,525,0.995515763759613,0.027718817815184593,0.0005235899388217924,0.9927285313606262,0.010642021894454956
Haar_05,Robust GRAPE,550,0.996917724609375,0.02273646369576454,0.0005165254326381668,0.9937971234321594,0.008967459201812744
Haar_05,Robust GRAPE,575,0.9925668835639954,0.03571907803416252,0.0005092041127842604,0.990508496761322,0.012529522180557251
Haar_05,Robust GRAPE,600,0.9934523105621338,0.03376488760113716,0.0005016353091744084,0.9907049536705017,0.01194801926612854
Haar_05,Robust GRAPE,625,0.9934561252593994,0.033905718475580215,0.0004938286671035459,0.9906539916992188,0.012010514736175537
Haar_05,Robust GRAPE,650,0.9956031441688538,0.026167813688516617,0.00048579413495573756,0.9928359985351562,0.009737968444824219
Haar_05,Robust GRAPE,675,0.9955697655677795,0.025147994980216026,0.0004775419515264692,0.9930973052978516,0.009209990501403809
Haar_05,Robust GRAPE,700,0.9958826899528503,0.02396138571202755,0.0004690826329748505,0.9935193061828613,0.008908867835998535
Haar_05,Robust GRAPE,725,0.9962100982666016,0.02367684245109558,0.0004604269594223624,0.9935043454170227,0.00892743468284607
Haar_05,Robust GRAPE,750,0.9968360662460327,0.021263757720589638,0.000451585961215223,0.9942032694816589,0.008202016353607178
Haar_05,Robust GRAPE,775,0.9961310029029846,0.02278955653309822,0.00044257090486788037,0.9938678741455078,0.008525639772415161
Haar_05,Robust GRAPE,800,0.9966820478439331,0.020767737179994583,0.0004333932787055453,0.9944519400596619,0.007934421300888062
Haar_05,Robust GRAPE,825,0.9970607757568359,0.02003469131886959,0.0004240647782240588,0.9945204854011536,0.007743895053863525
Haar_05,Robust GRAPE,850,0.9975203275680542,0.01828252337872982,0.00041459729118575135,0.9950492978096008,0.007234752178192139
Haar_05,Robust GRAPE,875,0.9977023601531982,0.016688350588083267,0.00040500288247029097,0.9956158995628357,0.006671011447906494
Haar_05,Robust GRAPE,900,0.9979392290115356,0.01591680571436882,0.000395293778699817,0.9957367777824402,0.006395190954208374
Haar_05,Robust GRAPE,925,0.997471034526825,0.01811266876757145,0.0003854823526579618,0.9950853586196899,0.007112681865692139
Haar_05,Robust GRAPE,950,0.9985199570655823,0.01401738915592432,0.00037558110752260914,0.9961078763008118,0.005763411521911621
Haar_05,Robust GRAPE,975,0.9959731101989746,0.023030638694763184,0.0003656026609324877,0.9938390851020813,0.008561819791793823
Haar_05,Robust GRAPE,1000,0.9975970983505249,0.01678946055471897,0.0003555597289078979,0.9955307245254517,0.006611436605453491
Haar_05,Robust GRAPE,1025,0.9974791407585144,0.0172698013484478,0.0003454651096460691,0.9953575134277344,0.006737560033798218
Haar_05,Robust GRAPE,1050,0.9978535771369934,0.01603979431092739,0.0003353316672117932,0.9957173466682434,0.0064070820808410645
Haar_05,Robust GRAPE,1075,0.9976217746734619,0.016643591225147247,0.00032517231514412183,0.995551586151123,0.006544619798660278
Haar_05,Robust GRAPE,1100,0.9980182647705078,0.014659534208476543,0.00031500000000001264,0.9960039258003235,0.0057877302169799805
Haar_05,Robust GRAPE,1125,0.9981008172035217,0.015112916938960552,0.00030482768485590346,0.9959769248962402,0.006127059459686279
Haar_05,Robust GRAPE,1150,0.9982091784477234,0.014698905870318413,0.00029466833278823197,0.9960323572158813,0.005960255861282349
Haar_05,Robust GRAPE,1175,0.9985174536705017,0.012850416824221611,0.00028453489035395595,0.9965394139289856,0.005271464586257935
Haar_05,Robust GRAPE,1200,0.9978620409965515,0.015249750576913357,0.00027444027109212697,0.9958948493003845,0.006004393100738525
Haar_05,Robust GRAPE,1225,0.9987253546714783,0.011761728674173355,0.0002643973390675363,0.9969038963317871,0.004927277565002441
Haar_05,Robust GRAPE,1250,0.9983463883399963,0.013571996241807938,0.00025441889247741393,0.9964842796325684,0.005601733922958374
Haar_05,Robust GRAPE,1275,0.9984065890312195,0.013080294243991375,0.00024451764734206047,0.9964914321899414,0.005318790674209595
Haar_05,Robust GRAPE,1300,0.998673141002655,0.012179301120340824,0.0002347062213002039,0.9966907501220703,0.005028724670410156
Haar_05,Robust GRAPE,1325,0.9987068772315979,0.012643922120332718,0.00022499711752972876,0.9967344403266907,0.005390077829360962
Haar_05,Robust GRAPE,1350,0.9984374046325684,0.013281146995723248,0.00021540270881426725,0.9964638948440552,0.005454897880554199
Haar_05,Robust GRAPE,1375,0.9986441135406494,0.01176825538277626,0.00020593522177595922,0.9967749714851379,0.0047914981842041016
Haar_05,Robust GRAPE,1400,0.9988192319869995,0.011063037440180779,0.0001966067212944717,0.9969719052314758,0.004569411277770996
Haar_05,Robust GRAPE,1425,0.9988068342208862,0.011538571678102016,0.00018742909513213565,0.9969432950019836,0.004859060049057007
Haar_05,Robust GRAPE,1450,0.9989086985588074,0.011002556420862675,0.00017841403878479206,0.9970117807388306,0.004615306854248047
Haar_05,Robust GRAPE,1475,0.998930037021637,0.010490442626178265,0.0001695730405776513,0.997121274471283,0.0043611228466033936
Haar_05,Robust GRAPE,1500,0.9990665912628174,0.01022663526237011,0.0001609173670251618,0.9972391128540039,0.00435483455657959
Haar_05,Robust GRAPE,1525,0.9989542365074158,0.010518879629671574,0.00015245804847354195,0.9971172213554382,0.004393488168716431
Haar_05,Robust GRAPE,1550,0.9990694522857666,0.010080290958285332,0.00014420586504427228,0.9972280859947205,0.004251807928085327
Haar_05,Robust GRAPE,1575,0.9989995956420898,0.010164008475840092,0.0001361713328964629,0.9972255825996399,0.0042594075202941895
Haar_05,Robust GRAPE,1600,0.9990286827087402,0.009811854921281338,0.0001283646908255991,0.9973003268241882,0.004093915224075317
Haar_05,Robust GRAPE,1625,0.9990571737289429,0.009816757403314114,0.0001207958872157459,0.9972769021987915,0.004100501537322998
Haar_05,Robust GRAPE,1650,0.9991394877433777,0.009477878920733929,0.00011347456736183846,0.9973616003990173,0.00398591160774231
Haar_05,Robust GRAPE,1675,0.9991357922554016,0.009562329389154911,0.00010641006117821234,0.9973812103271484,0.004052877426147461
Haar_05,Robust GRAPE,1700,0.9991604685783386,0.009306011721491814,9.961137130904015e-05,0.9974370002746582,0.003935575485229492
Haar_05,Robust GRAPE,1725,0.9991502165794373,0.00912607740610838,9.308716165582323e-05,0.9974395036697388,0.0038104653358459473
Haar_05,Robust GRAPE,1750,0.9991984963417053,0.009013221599161625,8.684574633656034e-05,0.9974445700645447,0.0037708282470703125
Haar_05,Robust GRAPE,1775,0.9991911053657532,0.009158594533801079,8.089507909066261e-05,0.997471809387207,0.0038809478282928467
Haar_05,Robust GRAPE,1800,0.9991063475608826,0.009111179038882256,7.524274314311579e-05,0.9974719285964966,0.0037929117679595947
Haar_05,Robust GRAPE,1825,0.9992277026176453,0.008828586898744106,6.989594154080749e-05,0.9975510835647583,0.003738194704055786
Haar_05,Robust GRAPE,1850,0.9992148280143738,0.008848155848681927,6.486148797333406e-05,0.9975175857543945,0.003720313310623169
Haar_05,Robust GRAPE,1875,0.9992326498031616,0.008637610822916031,6.0145798089983905e-05,0.9975377917289734,0.0036053061485290527
Haar_05,Robust GRAPE,1900,0.999252200126648,0.008522615768015385,5.575488132396362e-05,0.997589111328125,0.003575921058654785
Haar_05,Robust GRAPE,1925,0.9992785453796387,0.008510555140674114,5.169433323428443e-05,0.9976131319999695,0.00360146164894104
Haar_05,Robust GRAPE,1950,0.9992804527282715,0.008430946618318558,4.796932837506882e-05,0.9976270794868469,0.0035589635372161865
Haar_05,Robust GRAPE,1975,0.9992574453353882,0.008406374603509903,4.458461370136463e-05,0.9976234436035156,0.0035248398780822754
Haar_05,Robust GRAPE,2000,0.9992703199386597,0.008319271728396416,4.154450251986887e-05,0.9976420402526855,0.0034877359867095947
Haar_05,Robust GRAPE,2025,0.9992352724075317,0.008483219891786575,3.885286899227088e-05,0.9976165890693665,0.0035566389560699463
Haar_05,Robust GRAPE,2050,0.9992936849594116,0.00832041259855032,3.6513143198219925e-05,0.9976472854614258,0.0035074949264526367
Haar_05,Robust GRAPE,2075,0.9992815256118774,0.008238843642175198,3.4528306764207154e-05,0.9976485371589661,0.003445863723754883
Haar_05,Robust GRAPE,2100,0.9992740154266357,0.008213461376726627,3.290088906393433e-05,0.9976556897163391,0.0034286677837371826
Haar_05,Robust GRAPE,2125,0.9992918968200684,0.008239496499300003,3.163296399500936e-05,0.9976650476455688,0.0034641921520233154
Haar_05,Robust GRAPE,2150,0.9993009567260742,0.008226240985095501,3.072614733607778e-05,0.9976663589477539,0.0034623444080352783
Haar_05,Robust GRAPE,2175,0.9993033409118652,0.00812673382461071,3.018159468775736e-05,0.9976689219474792,0.0033993124961853027
Haar_05,Robust GRAPE,2200,0.9993044137954712,0.00813368335366249,2.9999999999999997e-05,0.9976730346679688,0.003407418727874756
Haar_05,NN-seeded GRAPE,1,0.9939110279083252,0.006088981870561838,0.00019999706997625503,,
Haar_05,NN-seeded GRAPE,20,0.9956657290458679,0.0043342807330191135,0.000198830392356538,,
Haar_05,NN-seeded GRAPE,40,0.9974854588508606,0.0025145509280264378,0.0001953503690480395,,
Haar_05,NN-seeded GRAPE,60,0.9981302618980408,0.0018697479972615838,0.0001896456197978949,,
Haar_05,NN-seeded GRAPE,80,0.9982858896255493,0.0017141202697530389,0.00018185661446561998,,
Haar_05,NN-seeded GRAPE,100,0.9983758330345154,0.0016241768607869744,0.000172175144212722,,
Haar_05,NN-seeded GRAPE,120,0.9984508752822876,0.0015491346130147576,0.00016083959896778487,,
Haar_05,NN-seeded GRAPE,140,0.9985193610191345,0.0014806488761678338,0.00014812909747525683,,
Haar_05,NN-seeded GRAPE,160,0.9985743165016174,0.0014256933936849236,0.0001343566144656199,,
Haar_05,NN-seeded GRAPE,180,0.9986279010772705,0.0013721088180318475,0.00011986127417882194,,
Haar_05,NN-seeded GRAPE,200,0.9986739754676819,0.0013260344276204705,0.00010500000000000002,,
Haar_05,NN-seeded GRAPE,220,0.9987148642539978,0.0012851456413045526,9.013872582117809e-05,,
Haar_05,NN-seeded GRAPE,240,0.9987489581108093,0.0012510517844930291,7.564338553438001e-05,,
Haar_05,NN-seeded GRAPE,260,0.9987773895263672,0.0012226203689351678,6.187090252474307e-05,,
Haar_05,NN-seeded GRAPE,280,0.998801589012146,0.0011984208831563592,4.9160401032215056e-05,,
Haar_05,NN-seeded GRAPE,300,0.9988194704055786,0.001180539489723742,3.7824855787278006e-05,,
Haar_05,NN-seeded GRAPE,320,0.9988346099853516,0.0011653999099507928,2.8143385534380033e-05,,
Haar_05,NN-seeded GRAPE,340,0.9988476037979126,0.0011524060973897576,2.0354380202105085e-05,,
Haar_05,NN-seeded GRAPE,360,0.9988538026809692,0.001146207214333117,1.4649630951960429e-05,,
Haar_05,NN-seeded GRAPE,380,0.9988599419593811,0.0011400679359212518,1.1169607643461929e-05,,
Haar_05,NN-seeded GRAPE,400,0.9988659024238586,0.0011341074714437127,1e-05,,
Haar_05,CRAB-SPSA,1,0.0009467005729675293,0.9990532994270325,,,
Haar_05,CRAB-SPSA,25,0.008328914642333984,0.991671085357666,,,
Haar_05,CRAB-SPSA,50,0.04720526933670044,0.9527947306632996,,,
Haar_05,CRAB-SPSA,75,0.00941556692123413,0.9905844330787659,,,
Haar_05,CRAB-SPSA,100,0.021398544311523438,0.9786014556884766,,,
Haar_05,CRAB-SPSA,125,0.0038992762565612793,0.9961007237434387,,,
Haar_05,CRAB-SPSA,150,0.016180038452148438,0.9838199615478516,,,
Haar_05,CRAB-SPSA,175,0.006525814533233643,0.9934741854667664,,,
Haar_05,CRAB-SPSA,200,0.019205451011657715,0.9807945489883423,,,
Haar_05,CRAB-SPSA,225,0.004924118518829346,0.9950758814811707,,,
Haar_05,CRAB-SPSA,250,0.007057607173919678,0.9929423928260803,,,
Haar_05,CRAB-SPSA,275,0.025853395462036133,0.9741466045379639,,,
Haar_05,CRAB-SPSA,300,1.8775463104248047e-05,0.9999812245368958,,,
Haar_05,CRAB-SPSA,325,0.02218306064605713,0.9778169393539429,,,
Haar_05,CRAB-SPSA,350,0.002301931381225586,0.9976980686187744,,,
Haar_05,CRAB-SPSA,375,0.009645938873291016,0.990354061126709,,,
Haar_05,CRAB-SPSA,400,0.00036901235580444336,0.9996309876441956,,,
Haar_05,CRAB-SPSA,425,0.01532125473022461,0.9846787452697754,,,
Haar_05,CRAB-SPSA,450,0.0045310258865356445,0.9954689741134644,,,
Haar_05,CRAB-SPSA,475,0.0047110915184021,0.9952889084815979,,,
Haar_05,CRAB-SPSA,500,0.01655733585357666,0.9834426641464233,,,
Haar_05,CRAB-SPSA,525,0.001070261001586914,0.9989297389984131,,,
Haar_05,CRAB-SPSA,550,0.004358530044555664,0.9956414699554443,,,
Haar_05,CRAB-SPSA,575,0.016129672527313232,0.9838703274726868,,,
Haar_05,CRAB-SPSA,600,0.024184226989746094,0.9758157730102539,,,
Haar_05,CRAB-SPSA,625,0.010579347610473633,0.9894206523895264,,,
Haar_05,CRAB-SPSA,650,0.011489927768707275,0.9885100722312927,,,
Haar_05,CRAB-SPSA,675,0.01815640926361084,0.9818435907363892,,,
Haar_05,CRAB-SPSA,700,0.004416227340698242,0.9955837726593018,,,
Haar_05,CRAB-SPSA,725,0.018269062042236328,0.9817309379577637,,,
Haar_05,CRAB-SPSA,750,0.0022543668746948242,0.9977456331253052,,,
Haar_05,CRAB-SPSA,775,0.013440847396850586,0.9865591526031494,,,
Haar_05,CRAB-SPSA,800,0.005628228187561035,0.994371771812439,,,
Haar_05,CRAB-SPSA,825,0.02021557092666626,0.9797844290733337,,,
Haar_05,CRAB-SPSA,850,0.05155360698699951,0.9484463930130005,,,
Haar_05,CRAB-SPSA,875,0.035818397998809814,0.9641816020011902,,,
Haar_05,CRAB-SPSA,900,0.020392239093780518,0.9796077609062195,,,
Haar_05,CRAB-SPSA,925,0.02418804168701172,0.9758119583129883,,,
Haar_05,CRAB-SPSA,950,0.010940074920654297,0.9890599250793457,,,
Haar_05,CRAB-SPSA,975,0.0004611015319824219,0.9995388984680176,,,
Haar_05,CRAB-SPSA,1000,0.001738905906677246,0.9982610940933228,,,
Haar_05,CRAB-SPSA,1025,0.003226637840270996,0.996773362159729,,,
Haar_05,CRAB-SPSA,1050,0.007768750190734863,0.9922312498092651,,,
Haar_05,CRAB-SPSA,1075,0.0517004132270813,0.9482995867729187,,,
Haar_05,CRAB-SPSA,1100,0.03627198934555054,0.9637280106544495,,,
Haar_05,CRAB-SPSA,1125,0.020958423614501953,0.979041576385498,,,
Haar_05,CRAB-SPSA,1150,0.003988742828369141,0.9960112571716309,,,
Haar_05,CRAB-SPSA,1175,0.0025565028190612793,0.9974434971809387,,,
Haar_05,CRAB-SPSA,1200,0.016569018363952637,0.9834309816360474,,,
Haar_05,CRAB-SPSA,1225,0.03202301263809204,0.967976987361908,,,
Haar_05,CRAB-SPSA,1250,0.028379738330841064,0.9716202616691589,,,
Haar_05,CRAB-SPSA,1275,0.011379778385162354,0.9886202216148376,,,
Haar_05,CRAB-SPSA,1300,0.01208639144897461,0.9879136085510254,,,
Haar_05,CRAB-SPSA,1325,0.008893907070159912,0.9911060929298401,,,
Haar_05,CRAB-SPSA,1350,0.007021427154541016,0.992978572845459,,,
Haar_05,CRAB-SPSA,1375,0.025609731674194336,0.9743902683258057,,,
Haar_05,CRAB-SPSA,1400,0.017436742782592773,0.9825632572174072,,,
Haar_05,CRAB-SPSA,1425,0.006529390811920166,0.9934706091880798,,,
Haar_05,CRAB-SPSA,1450,0.01316821575164795,0.986831784248352,,,
Haar_05,CRAB-SPSA,1475,0.013376235961914062,0.9866237640380859,,,
Haar_05,CRAB-SPSA,1500,0.02958548069000244,0.9704145193099976,,,
Haar_06,GRAPE,1,0.016924453899264336,0.9830756187438965,0.0007999995311938873,,
Haar_06,GRAPE,25,0.9176467061042786,0.082353375852108,0.0007997070337714746,,
Haar_06,GRAPE,50,0.9691964387893677,0.030803639441728592,0.0007988285868185884,,
Haar_06,GRAPE,75,0.9758266806602478,0.024173397570848465,0.0007973660136428716,,
Haar_06,GRAPE,100,0.9861754775047302,0.013824601657688618,0.000795321569426152,,
Haar_06,GRAPE,125,0.9851892590522766,0.014810820110142231,0.0007926984065532274,,
Haar_06,GRAPE,150,0.9853034615516663,0.014696617610752583,0.000789500569751117,,
Haar_06,GRAPE,175,0.9886075854301453,0.011392493732273579,0.0007857329898523859,,
Haar_06,GRAPE,200,0.9889612197875977,0.011038859374821186,0.0007814014761921583,,
Haar_06,GRAPE,225,0.9910697937011719,0.008930285461246967,0.0007765127076505443,,
Haar_06,GRAPE,250,0.9911526441574097,0.008847435005009174,0.0007710742223542895,,
Haar_06,GRAPE,275,0.9931944012641907,0.0068056778982281685,0.0007650944060535315,,
Haar_06,GRAPE,300,0.9724259376525879,0.027574142441153526,0.0007585824791915802,,
Haar_06,GRAPE,325,0.9883274435997009,0.011672635562717915,0.0007515484826876632,,
Haar_06,GRAPE,350,0.9907640814781189,0.009235997684299946,0.0007440032624545552,,
Haar_06,GRAPE,375,0.9908322095870972,0.009167869575321674,0.0007359584526749675,,
Haar_06,GRAPE,400,0.992845356464386,0.007154722698032856,0.0007274264578624801,,
Haar_06,GRAPE,425,0.9922520518302917,0.007748027332127094,0.000718420433734683,,
Haar_06,GRAPE,450,0.9935747385025024,0.006425341125577688,0.0007089542669280117,,
Haar_06,GRAPE,475,0.9932053089141846,0.006794770713895559,0.0006990425535855607,,
Haar_06,GRAPE,500,0.9943200349807739,0.005680044647306204,0.000688700576850888,,
Haar_06,GRAPE,525,0.9939428567886353,0.006057222839444876,0.000677944283302518,,
Haar_06,GRAPE,550,0.9949716329574585,0.0050284466706216335,0.00066679025836547,,
Haar_06,GRAPE,575,0.994508683681488,0.0054913959465920925,0.000655255700737737,,
Haar_06,GRAPE,600,0.9954211711883545,0.0045789084397256374,0.00064335839587114,,
Haar_06,GRAPE,625,0.9952142238616943,0.004785855766385794,0.0006311166885474491,,
Haar_06,GRAPE,650,0.9960014224052429,0.00399865722283721,0.0006185494545920606,,
Haar_06,GRAPE,675,0.9957023859024048,0.0042976937256753445,0.0006056760717688429,,
Haar_06,GRAPE,700,0.9903566837310791,0.009643396362662315,0.0005925163899010278,,
Haar_06,GRAPE,725,0.9634373188018799,0.036562759429216385,0.0005790907002642228,,
Haar_06,GRAPE,750,0.9945545792579651,0.005445500370115042,0.0005654197042987343,,
Haar_06,GRAPE,775,0.9956589341163635,0.004341145511716604,0.0005515244816894474,,
Haar_06,GRAPE,800,0.9940956234931946,0.0059044561348855495,0.0005374264578624799,,
Haar_06,GRAPE,825,0.9954882860183716,0.004511793609708548,0.0005231473709487284,,
Haar_06,GRAPE,850,0.995875895023346,0.004124184604734182,0.0005087092382652451,,
Haar_06,GRAPE,875,0.996605396270752,0.00339468359015882,0.0004941343223661304,,
Haar_06,GRAPE,900,0.9963340759277344,0.0036660039331763983,0.00047944509671528975,,
Haar_06,GRAPE,925,0.997079610824585,0.0029204690363258123,0.00046466421103398016,,
Haar_06,GRAPE,950,0.9969923496246338,0.003007730236276984,0.0004498144563765829,,
Haar_06,GRAPE,975,0.9977117776870728,0.0022883021738380194,0.00043491872998844796,,
Haar_06,GRAPE,1000,0.9970728158950806,0.002927263965830207,0.00042000000000000175,,
Haar_06,GRAPE,1025,0.997714638710022,0.0022854411508888006,0.00040508127001155555,,
Haar_06,GRAPE,1050,0.9978896975517273,0.002110382542014122,0.0003901855436234205,,
Haar_06,GRAPE,1075,0.9982724785804749,0.0017276013968512416,0.00037533578896602334,,
Haar_06,GRAPE,1100,0.9989338517189026,0.0010662282584235072,0.00036055490328471386,,
Haar_06,GRAPE,1125,0.9993115663528442,0.0006885136826895177,0.0003458656776338729,,
Haar_06,GRAPE,1150,0.9993287324905396,0.0006713475449942052,0.0003312907617347575,,
Haar_06,GRAPE,1175,0.9993478059768677,0.0006522740586660802,0.00031685262905127316,,
Haar_06,GRAPE,1200,0.9993643760681152,0.0006357039674185216,0.0003025735421375214,,
Haar_06,GRAPE,1225,0.9993780851364136,0.0006219948991201818,0.00028847551831055404,,
Haar_06,GRAPE,1250,0.9993904829025269,0.0006095971330069005,0.00027458029570126747,,
Haar_06,GRAPE,1275,0.9994014501571655,0.0005986298783682287,0.0002609092997357791,,
Haar_06,GRAPE,1300,0.999411404132843,0.0005886759026907384,0.0002474836100989745,,
Haar_06,GRAPE,1325,0.9994222521781921,0.0005778278573416173,0.0002343239282311593,,
Haar_06,GRAPE,1350,0.9994279742240906,0.0005721058696508408,0.00022145054540794148,,
Haar_06,GRAPE,1375,0.9994365572929382,0.0005635228008031845,0.0002088833114525531,,
Haar_06,GRAPE,1400,0.9994420409202576,0.0005580391734838486,0.000196641604128862,,
Haar_06,GRAPE,1425,0.9994490742683411,0.0005510058254003525,0.00018474429926226482,,
Haar_06,GRAPE,1450,0.9994543194770813,0.0005457606166601181,0.00017320974163453172,,
Haar_06,GRAPE,1475,0.9994611144065857,0.0005389656871557236,0.0001620557166974835,,
Haar_06,GRAPE,1500,0.9994673132896423,0.000532766804099083,0.00015129942314911333,,
Haar_06,GRAPE,1525,0.9994705319404602,0.0005295481532812119,0.00014095744641444083,,
Haar_06,GRAPE,1550,0.999477207660675,0.0005228724330663681,0.00013104573307198958,,
Haar_06,GRAPE,1575,0.999479353427887,0.000520726665854454,0.00012157956626531827,,
Haar_06,GRAPE,1600,0.9994812607765198,0.0005188193172216415,0.00011257354213752138,,
Haar_06,GRAPE,1625,0.9994855523109436,0.0005145277827978134,0.00010404154732503417,,
Haar_06,GRAPE,1650,0.999488890171051,0.0005111899226903915,9.599673754544633e-05,,
Haar_06,GRAPE,1675,0.999491274356842,0.0005088057368993759,8.845151731233827e-05,,
Haar_06,GRAPE,1700,0.9994938969612122,0.0005061831325292587,8.141752080842129e-05,,
Haar_06,GRAPE,1725,0.9994950890541077,0.0005049910396337509,7.490559394647008e-05,,
Haar_06,GRAPE,1750,0.9995000958442688,0.0004999842494726181,6.892577764571179e-05,,
Haar_06,Robust GRAPE,1,0.02802821435034275,3.411571502685547,0.0005999997094176884,0.029826372861862183,0.9796172380447388
Haar_06,Robust GRAPE,25,0.9457958340644836,0.26500335335731506,0.0005998184053122424,0.9285728335380554,0.09291458129882812
Haar_06,Robust GRAPE,50,0.9661383628845215,0.1428896188735962,0.0005992738526639225,0.9609573483467102,0.04665681719779968
Haar_06,Robust GRAPE,75,0.9763110876083374,0.10088939964771271,0.0005983670360049908,0.9736047983169556,0.03387010097503662
Haar_06,Robust GRAPE,100,0.9772736430168152,0.08870630711317062,0.0005970991109360656,0.9756225943565369,0.027734994888305664
Haar_06,Robust GRAPE,125,0.9815311431884766,0.08139485120773315,0.000595471693235793,0.9776580929756165,0.027056008577346802
Haar_06,Robust GRAPE,150,0.9846018552780151,0.0684291198849678,0.0005934868568017803,0.9815738797187805,0.02306985855102539
Haar_06,Robust GRAPE,175,0.9863476157188416,0.05705951899290085,0.0005911471310077294,0.9843557476997375,0.018508553504943848
Haar_06,Robust GRAPE,200,0.9874738454818726,0.051928602159023285,0.0005884554974801316,0.986378014087677,0.01718693971633911
Haar_06,Robust GRAPE,225,0.9903032779693604,0.041929375380277634,0.0005854153862986362,0.9889464378356934,0.014119327068328857
Haar_06,Robust GRAPE,250,0.9906810522079468,0.03936007246375084,0.000582030671624932,0.9895195364952087,0.013040393590927124
Haar_06,Robust GRAPE,275,0.9916006922721863,0.03405255824327469,0.0005783056667657171,0.9905984997749329,0.010834425687789917
Haar_06,Robust GRAPE,300,0.9899391531944275,0.03853578120470047,0.000574245118676038,0.9892406463623047,0.011810302734375
Haar_06,Robust GRAPE,325,0.9935038089752197,0.028849858790636063,0.0005698542019100181,0.9924166798591614,0.00984683632850647
Haar_06,Robust GRAPE,350,0.9834485650062561,0.06372113525867462,0.0005651385120266685,0.9820379614830017,0.01947164535522461
Haar_06,Robust GRAPE,375,0.994802713394165,0.024442637339234352,0.0005601040584591952,0.9935398101806641,0.008523374795913696
Haar_06,Robust GRAPE,400,0.9922799468040466,0.032639987766742706,0.0005547572568568876,0.9911727905273438,0.010728389024734497
Haar_06,Robust GRAPE,425,0.9936120510101318,0.030296089127659798,0.0005491049209093409,0.9917665719985962,0.01044967770576477
Haar_06,Robust GRAPE,450,0.9921177625656128,0.03024696744978428,0.0005431542536634437,0.9915065169334412,0.009247392416000366
Haar_06,Robust GRAPE,475,0.9930312633514404,0.028331754729151726,0.0005369128383441814,0.9919889569282532,0.008901238441467285
Haar_06,Robust GRAPE,500,0.9952811002731323,0.023668969050049782,0.0005303886286909646,0.9937564730644226,0.008470982313156128
Haar_06,Robust GRAPE,525,0.9948118329048157,0.023598168045282364,0.0005235899388217924,0.9936445355415344,0.008036315441131592
Haar_06,Robust GRAPE,550,0.9932000041007996,0.02599993534386158,0.0005165254326381668,0.992776095867157,0.007983952760696411
Haar_06,Robust GRAPE,575,0.9935941100120544,0.028034942224621773,0.0005092041127842604,0.9926479458808899,0.009517908096313477
Haar_06,Robust GRAPE,600,0.9952292442321777,0.022124875336885452,0.0005016353091744084,0.9942635893821716,0.0077450573444366455
Haar_06,Robust GRAPE,625,0.9937957525253296,0.02687416784465313,0.0004938286671035459,0.9924286007881165,0.008732229471206665
Haar_06,Robust GRAPE,650,0.9943310618400574,0.024621836841106415,0.00048579413495573756,0.9930993914604187,0.008034825325012207
Haar_06,Robust GRAPE,675,0.994295060634613,0.025369906798005104,0.0004775419515264692,0.9932491183280945,0.008609384298324585
Haar_06,Robust GRAPE,700,0.9957002401351929,0.019802289083600044,0.0004690826329748505,0.9947345852851868,0.0068247318267822266
Haar_06,Robust GRAPE,725,0.9950502514839172,0.021880604326725006,0.0004604269594223624,0.9938522577285767,0.007188707590103149
Haar_06,Robust GRAPE,750,0.9958793520927429,0.02011360414326191,0.000451585961215223,0.9945240020751953,0.007011234760284424
Haar_06,Robust GRAPE,775,0.9949290752410889,0.02158745937049389,0.00044257090486788037,0.9942702651023865,0.007191121578216553
Haar_06,Robust GRAPE,800,0.9957249760627747,0.01951359026134014,0.0004333932787055453,0.9947805404663086,0.0066793859004974365
Haar_06,Robust GRAPE,825,0.9959931969642639,0.02002546936273575,0.0004240647782240588,0.9944685101509094,0.0069914162158966064
Haar_06,Robust GRAPE,850,0.9961865544319153,0.01851596310734749,0.00041459729118575135,0.9950089454650879,0.006474226713180542
Haar_06,Robust GRAPE,875,0.996006190776825,0.01880512572824955,0.00040500288247029097,0.9949216842651367,0.006488621234893799
Haar_06,Robust GRAPE,900,0.9963952898979187,0.017439501360058784,0.000395293778699817,0.9953200221061707,0.006103157997131348
Haar_06,Robust GRAPE,925,0.9963112473487854,0.01822548545897007,0.0003854823526579618,0.9950839877128601,0.0064137279987335205
Haar_06,Robust GRAPE,950,0.9966155290603638,0.017053740099072456,0.00037558110752260914,0.9954020380973816,0.006047487258911133
Haar_06,Robust GRAPE,975,0.99650639295578,0.016995631158351898,0.0003656026609324877,0.9954496622085571,0.00596773624420166
Haar_06,Robust GRAPE,1000,0.996799647808075,0.01602323167026043,0.0003555597289078979,0.9957413077354431,0.0057093799114227295
Haar_06,Robust GRAPE,1025,0.9966793060302734,0.01677749492228031,0.0003454651096460691,0.9954633712768555,0.005946695804595947
Haar_06,Robust GRAPE,1050,0.9968863129615784,0.016049085184931755,0.0003353316672117932,0.9956781268119812,0.005742311477661133
Haar_06,Robust GRAPE,1075,0.9970004558563232,0.015272732824087143,0.00032517231514412183,0.9959505200386047,0.005482465028762817
Haar_06,Robust GRAPE,1100,0.9972274303436279,0.014556016772985458,0.00031500000000001264,0.9961450695991516,0.0052856504917144775
Haar_06,Robust GRAPE,1125,0.9968205690383911,0.015171551145613194,0.00030482768485590346,0.9959432482719421,0.005290210247039795
Haar_06,Robust GRAPE,1150,0.9962104558944702,0.01850946992635727,0.00029466833278823197,0.9950971603393555,0.006544649600982666
Haar_06,Robust GRAPE,1175,0.9961018562316895,0.016887741163372993,0.00028453489035395595,0.9955650568008423,0.00570303201675415
Haar_06,Robust GRAPE,1200,0.9972245693206787,0.01697300747036934,0.00027444027109212697,0.9954673647880554,0.006443232297897339
Haar_06,Robust GRAPE,1225,0.9961182475090027,0.016677187755703926,0.0002643973390675363,0.9954878091812134,0.00552213191986084
Haar_06,Robust GRAPE,1250,0.9967600107192993,0.014631303958594799,0.00025441889247741393,0.9960412979125977,0.004955023527145386
Haar_06,Robust GRAPE,1275,0.9975714087486267,0.015604828484356403,0.00024451764734206047,0.9958346486091614,0.006007194519042969
Haar_06,Robust GRAPE,1300,0.9976831078529358,0.01491027045994997,0.0002347062213002039,0.9960476756095886,0.005760639905929565
Haar_06,Robust GRAPE,1325,0.9967594146728516,0.014486592262983322,0.00022499711752972876,0.996112048625946,0.004905343055725098
Haar_06,Robust GRAPE,1350,0.9969743490219116,0.013948123902082443,0.00021540270881426725,0.9962732195854187,0.004797101020812988
Haar_06,Robust GRAPE,1375,0.9977777600288391,0.01409148145467043,0.00020593522177595922,0.9962851405143738,0.005436152219772339
Haar_06,Robust GRAPE,1400,0.997865617275238,0.013572003692388535,0.0001966067212944717,0.9964250922203064,0.005241721868515015
Haar_06,Robust GRAPE,1425,0.9971175789833069,0.01358646061271429,0.00018742909513213565,0.9963783621788025,0.004721522331237793
Haar_06,Robust GRAPE,1450,0.9972748160362244,0.013184790499508381,0.00017841403878479206,0.9965017437934875,0.004640817642211914
Haar_06,Robust GRAPE,1475,0.9979161024093628,0.013215024955570698,0.0001695730405776513,0.9965165257453918,0.0050983726978302
Haar_06,Robust GRAPE,1500,0.9979769587516785,0.012877353467047215,0.0001609173670251618,0.9966089129447937,0.004975408315658569
Haar_06,Robust GRAPE,1525,0.9973969459533691,0.012866922654211521,0.00015245804847354195,0.9966027140617371,0.004577666521072388
Haar_06,Robust GRAPE,1550,0.9974952936172485,0.012585343793034554,0.00014420586504427228,0.9966764450073242,0.004504650831222534
Haar_06,Robust GRAPE,1575,0.9980320930480957,0.012589001096785069,0.0001361713328964629,0.9966855049133301,0.004871010780334473
Haar_06,Robust GRAPE,1600,0.9980776309967041,0.012363840825855732,0.0001283646908255991,0.996757984161377,0.004799574613571167
Haar_06,Robust GRAPE,1625,0.9975941181182861,0.012284757569432259,0.0001207958872157459,0.9967582821846008,0.004424721002578735
Haar_06,Robust GRAPE,1650,0.9976617693901062,0.012123998254537582,0.00011347456736183846,0.9968032836914062,0.004392653703689575
Haar_06,Robust GRAPE,1675,0.998109757900238,0.011955865658819675,0.00010641006117821234,0.9968708157539368,0.004624277353286743
Haar_06,Robust GRAPE,1700,0.9979639649391174,0.011696749366819859,9.961137130904015e-05,0.9969334006309509,0.004396021366119385
Haar_06,Robust GRAPE,1725,0.9980083107948303,0.011628689244389534,9.308716165582323e-05,0.9969534277915955,0.004393547773361206
Haar_06,Robust GRAPE,1750,0.9980278015136719,0.011576931923627853,8.684574633656034e-05,0.9969684481620789,0.004382073879241943
Haar_06,Robust GRAPE,1775,0.9980428218841553,0.011523695662617683,8.089507909066261e-05,0.9969828724861145,0.004366189241409302
Haar_06,Robust GRAPE,1800,0.9980571269989014,0.011476652696728706,7.524274314311579e-05,0.9969946146011353,0.004352211952209473
Haar_06,Robust GRAPE,1825,0.9980640411376953,0.011436005122959614,6.989594154080749e-05,0.9970073103904724,0.004338115453720093
Haar_06,Robust GRAPE,1850,0.9980760812759399,0.01139141246676445,6.486148797333406e-05,0.9970184564590454,0.004323840141296387
Haar_06,Robust GRAPE,1875,0.9980856776237488,0.011352118104696274,6.0145798089983905e-05,0.9970289468765259,0.004311114549636841
Haar_06,Robust GRAPE,1900,0.9980944991111755,0.011315640062093735,5.575488132396362e-05,0.9970387816429138,0.004299193620681763
Haar_06,Robust GRAPE,1925,0.9981037974357605,0.011280300095677376,5.169433323428443e-05,0.9970481991767883,0.004288166761398315
Haar_06,Robust GRAPE,1950,0.998110830783844,0.011250426061451435,4.796932837506882e-05,0.9970569610595703,0.004278749227523804
Haar_06,Robust GRAPE,1975,0.9981178641319275,0.011222319677472115,4.458461370136463e-05,0.9970638155937195,0.004269301891326904
Haar_06,Robust GRAPE,2000,0.9981228709220886,0.011194505728781223,4.154450251986887e-05,0.9970709681510925,0.004258841276168823
Haar_06,Robust GRAPE,2025,0.9981293082237244,0.011167415417730808,3.885286899227088e-05,0.997079074382782,0.0042504966259002686
Haar_06,Robust GRAPE,2050,0.9981357455253601,0.011144950054585934,3.6513143198219925e-05,0.9970847964286804,0.004243582487106323
Haar_06,Robust GRAPE,2075,0.9981412291526794,0.011123700998723507,3.4528306764207154e-05,0.9970909357070923,0.004237145185470581
Haar_06,Robust GRAPE,2100,0.9981461763381958,0.011094977147877216,3.290088906393433e-05,0.9970981478691101,0.004226118326187134
Haar_06,Robust GRAPE,2125,0.9981516599655151,0.011075933463871479,3.163296399500936e-05,0.9971033930778503,0.0042205750942230225
Haar_06,Robust GRAPE,2150,0.9981561899185181,0.011056702584028244,3.072614733607778e-05,0.9971087574958801,0.004214346408843994
Haar_06,Robust GRAPE,2175,0.998160719871521,0.011037944816052914,3.018159468775736e-05,0.9971141219139099,0.0042084455490112305
Haar_06,Robust GRAPE,2200,0.9981676340103149,0.011015613563358784,2.9999999999999997e-05,0.997119128704071,0.0042015016078948975
Haar_06,NN-seeded GRAPE,1,0.9935338497161865,0.006466167978942394,0.00019999706997625503,,
Haar_06,NN-seeded GRAPE,20,0.9964220523834229,0.003577965311706066,0.000198830392356538,,
Haar_06,NN-seeded GRAPE,40,0.9979441165924072,0.002055901102721691,0.0001953503690480395,,
Haar_06,NN-seeded GRAPE,60,0.9982309937477112,0.001769023947417736,0.0001896456197978949,,
Haar_06,NN-seeded GRAPE,80,0.9983779788017273,0.0016220388934016228,0.00018185661446561998,,
Haar_06,NN-seeded GRAPE,100,0.998477578163147,0.001522439531981945,0.000172175144212722,,
Haar_06,NN-seeded GRAPE,120,0.9985588192939758,0.0014411984011530876,0.00016083959896778487,,
Haar_06,NN-seeded GRAPE,140,0.9986310005187988,0.0013690171763300896,0.00014812909747525683,,
Haar_06,NN-seeded GRAPE,160,0.9986898303031921,0.001310187391936779,0.0001343566144656199,,
Haar_06,NN-seeded GRAPE,180,0.998742401599884,0.0012576160952448845,0.00011986127417882194,,
Haar_06,NN-seeded GRAPE,200,0.9987895488739014,0.0012104688212275505,0.00010500000000000002,,
Haar_06,NN-seeded GRAPE,220,0.9988263845443726,0.001173633150756359,9.013872582117809e-05,,
Haar_06,NN-seeded GRAPE,240,0.9988604187965393,0.001139598898589611,7.564338553438001e-05,,
Haar_06,NN-seeded GRAPE,260,0.9988866448402405,0.0011133728548884392,6.187090252474307e-05,,
Haar_06,NN-seeded GRAPE,280,0.9989083409309387,0.001091676764190197,4.9160401032215056e-05,,
Haar_06,NN-seeded GRAPE,300,0.9989235997200012,0.001076417975127697,3.7824855787278006e-05,,
Haar_06,NN-seeded GRAPE,320,0.9989357590675354,0.0010642586275935173,2.8143385534380033e-05,,
Haar_06,NN-seeded GRAPE,340,0.9989467263221741,0.0010532913729548454,2.0354380202105085e-05,,
Haar_06,NN-seeded GRAPE,360,0.9989544749259949,0.0010455427691340446,1.4649630951960429e-05,,
Haar_06,NN-seeded GRAPE,380,0.9989579319953918,0.001042085699737072,1.1169607643461929e-05,,
Haar_06,NN-seeded GRAPE,400,0.9989650249481201,0.0010349927470088005,1e-05,,
Haar_06,CRAB-SPSA,1,0.0018786191940307617,0.9981213808059692,,,
Haar_06,CRAB-SPSA,25,0.00044149160385131836,0.9995585083961487,,,
Haar_06,CRAB-SPSA,50,0.006782174110412598,0.9932178258895874,,,
Haar_06,CRAB-SPSA,75,0.002574741840362549,0.9974252581596375,,,
Haar_06,CRAB-SPSA,100,0.019545555114746094,0.9804544448852539,,,
Haar_06,CRAB-SPSA,125,0.0025423765182495117,0.9974576234817505,,,
Haar_06,CRAB-SPSA,150,0.022144556045532227,0.9778554439544678,,,
Haar_06,CRAB-SPSA,175,0.005116164684295654,0.9948838353157043,,,
Haar_06,CRAB-SPSA,200,0.001364290714263916,0.9986357092857361,,,
Haar_06,CRAB-SPSA,225,0.010402977466583252,0.9895970225334167,,,
Haar_06,CRAB-SPSA,250,0.008620142936706543,0.9913798570632935,,,
Haar_06,CRAB-SPSA,275,0.011104941368103027,0.988895058631897,,,
Haar_06,CRAB-SPSA,300,0.036579251289367676,0.9634207487106323,,,
Haar_06,CRAB-SPSA,325,0.013082444667816162,0.9869175553321838,,,
Haar_06,CRAB-SPSA,350,0.0011932849884033203,0.9988067150115967,,,
Haar_06,CRAB-SPSA,375,0.06074118614196777,0.9392588138580322,,,
Haar_06,CRAB-SPSA,400,0.02904611825942993,0.9709538817405701,,,
Haar_06,CRAB-SPSA,425,0.03829634189605713,0.9617036581039429,,,
Haar_06,CRAB-SPSA,450,0.005872607231140137,0.9941273927688599,,,
Haar_06,CRAB-SPSA,475,0.006745576858520508,0.9932544231414795,,,
Haar_06,CRAB-SPSA,500,0.0210304856300354,0.9789695143699646,,,
Haar_06,CRAB-SPSA,525,0.015391111373901367,0.9846088886260986,,,
Haar_06,CRAB-SPSA,550,0.00020754337310791016,0.9997924566268921,,,
Haar_06,CRAB-SPSA,575,0.013612866401672363,0.9863871335983276,,,
Haar_06,CRAB-SPSA,600,0.022259414196014404,0.9777405858039856,,,
Haar_06,CRAB-SPSA,625,0.0048978328704833984,0.9951021671295166,,,
Haar_06,CRAB-SPSA,650,0.002123415470123291,0.9978765845298767,,,
Haar_06,CRAB-SPSA,675,0.010080873966217041,0.989919126033783,,,
Haar_06,CRAB-SPSA,700,0.015343070030212402,0.9846569299697876,,,
Haar_06,CRAB-SPSA,725,0.028451383113861084,0.9715486168861389,,,
Haar_06,CRAB-SPSA,750,0.011030316352844238,0.9889696836471558,,,
Haar_06,CRAB-SPSA,775,0.023459434509277344,0.9765405654907227,,,
Haar_06,CRAB-SPSA,800,0.004289805889129639,0.9957101941108704,,,
Haar_06,CRAB-SPSA,825,0.001717686653137207,0.9982823133468628,,,
Haar_06,CRAB-SPSA,850,0.002690553665161133,0.9973094463348389,,,
Haar_06,CRAB-SPSA,875,0.0020118355751037598,0.9979881644248962,,,
Haar_06,CRAB-SPSA,900,0.002757251262664795,0.9972427487373352,,,
Haar_06,CRAB-SPSA,925,0.0008044838905334473,0.9991955161094666,,,
Haar_06,CRAB-SPSA,950,0.006671786308288574,0.9933282136917114,,,
Haar_06,CRAB-SPSA,975,0.001395583152770996,0.998604416847229,,,
Haar_06,CRAB-SPSA,1000,0.003725707530975342,0.9962742924690247,,,
Haar_06,CRAB-SPSA,1025,0.007537543773651123,0.9924624562263489,,,
Haar_06,CRAB-SPSA,1050,0.014265716075897217,0.9857342839241028,,,
Haar_06,CRAB-SPSA,1075,0.0053231120109558105,0.9946768879890442,,,
Haar_06,CRAB-SPSA,1100,0.01651763916015625,0.9834823608398438,,,
Haar_06,CRAB-SPSA,1125,0.0043795108795166016,0.9956204891204834,,,
Haar_06,CRAB-SPSA,1150,0.001743912696838379,0.9982560873031616,,,
Haar_06,CRAB-SPSA,1175,0.011474370956420898,0.9885256290435791,,,
Haar_06,CRAB-SPSA,1200,0.014771342277526855,0.9852286577224731,,,
Haar_06,CRAB-SPSA,1225,0.01759892702102661,0.9824010729789734,,,
Haar_06,CRAB-SPSA,1250,0.02356475591659546,0.9764352440834045,,,
Haar_06,CRAB-SPSA,1275,0.022801995277404785,0.9771980047225952,,,
Haar_06,CRAB-SPSA,1300,0.011340796947479248,0.9886592030525208,,,
Haar_06,CRAB-SPSA,1325,0.01732724905014038,0.9826727509498596,,,
Haar_06,CRAB-SPSA,1350,0.012574195861816406,0.9874258041381836,,,
Haar_06,CRAB-SPSA,1375,0.008307337760925293,0.9916926622390747,,,
Haar_06,CRAB-SPSA,1400,0.09047609567642212,0.9095239043235779,,,
Haar_06,CRAB-SPSA,1425,0.18230634927749634,0.8176936507225037,,,
Haar_06,CRAB-SPSA,1450,0.04896068572998047,0.9510393142700195,,,
Haar_06,CRAB-SPSA,1475,0.15965425968170166,0.8403457403182983,,,
Haar_06,CRAB-SPSA,1500,0.09512078762054443,0.9048792123794556,,,
Haar_07,GRAPE,1,0.01574726402759552,0.9842531085014343,0.0007999995311938873,,
Haar_07,GRAPE,25,0.9257187247276306,0.07428161799907684,0.0007997070337714746,,
Haar_07,GRAPE,50,0.9615159034729004,0.03848443552851677,0.0007988285868185884,,
Haar_07,GRAPE,75,0.9832011461257935,0.016799194738268852,0.0007973660136428716,,
Haar_07,GRAPE,100,0.9885215759277344,0.01147876400500536,0.000795321569426152,,
Haar_07,GRAPE,125,0.9833239316940308,0.016676409170031548,0.0007926984065532274,,
Haar_07,GRAPE,150,0.9890599846839905,0.010940355248749256,0.000789500569751117,,
Haar_07,GRAPE,175,0.991672158241272,0.008328181691467762,0.0007857329898523859,,
Haar_07,GRAPE,200,0.9923317432403564,0.007668597158044577,0.0007814014761921583,,
Haar_07,GRAPE,225,0.9929683208465576,0.007032019551843405,0.0007765127076505443,,
Haar_07,GRAPE,250,0.9928972721099854,0.00710306828841567,0.0007710742223542895,,
Haar_07,GRAPE,275,0.9935767650604248,0.006423575337976217,0.0007650944060535315,,
Haar_07,GRAPE,300,0.9823861718177795,0.017614169046282768,0.0007585824791915802,,
Haar_07,GRAPE,325,0.9931782484054565,0.006822091527283192,0.0007515484826876632,,
Haar_07,GRAPE,350,0.9929878115653992,0.007012528367340565,0.0007440032624545552,,
Haar_07,GRAPE,375,0.9952311515808105,0.004769188351929188,0.0007359584526749675,,
Haar_07,GRAPE,400,0.9944031238555908,0.005597216077148914,0.0007274264578624801,,
Haar_07,GRAPE,425,0.9952569603919983,0.004743379540741444,0.000718420433734683,,
Haar_07,GRAPE,450,0.9861882925033569,0.013812047429382801,0.0007089542669280117,,
Haar_07,GRAPE,475,0.9919686317443848,0.008031708188354969,0.0006990425535855607,,
Haar_07,GRAPE,500,0.9928522706031799,0.007148069329559803,0.000688700576850888,,
Haar_07,GRAPE,525,0.9932265877723694,0.00677375216037035,0.000677944283302518,,
Haar_07,GRAPE,550,0.9946724772453308,0.005327862687408924,0.00066679025836547,,
Haar_07,GRAPE,575,0.9943446516990662,0.0056556882336735725,0.000655255700737737,,
Haar_07,GRAPE,600,0.9954730272293091,0.004527312703430653,0.00064335839587114,,
Haar_07,GRAPE,625,0.9944446086883545,0.005555730778723955,0.0006311166885474491,,
Haar_07,GRAPE,650,0.9953977465629578,0.004602592904120684,0.0006185494545920606,,
Haar_07,GRAPE,675,0.9956017136573792,0.004398625809699297,0.0006056760717688429,,
Haar_07,GRAPE,700,0.996379554271698,0.0036207851953804493,0.0005925163899010278,,
Haar_07,GRAPE,725,0.9953807592391968,0.00461958022788167,0.0005790907002642228,,
Haar_07,GRAPE,750,0.9961416125297546,0.0038587269373238087,0.0005654197042987343,,
Haar_07,GRAPE,775,0.9963557720184326,0.00364456744864583,0.0005515244816894474,,
Haar_07,GRAPE,800,0.9968527555465698,0.003147583920508623,0.0005374264578624799,,
Haar_07,GRAPE,825,0.9964673519134521,0.0035329873207956553,0.0005231473709487284,,
Haar_07,GRAPE,850,0.9970415234565735,0.0029588157776743174,0.0005087092382652451,,
Haar_07,GRAPE,875,0.9968698620796204,0.0031304771546274424,0.0004941343223661304,,
Haar_07,GRAPE,900,0.9973503947257996,0.002649944508448243,0.00047944509671528975,,
Haar_07,GRAPE,925,0.9971234202384949,0.0028769189957529306,0.00046466421103398016,,
Haar_07,GRAPE,950,0.9975110292434692,0.0024893097579479218,0.0004498144563765829,,
Haar_07,GRAPE,975,0.997421383857727,0.0025789551436901093,0.00043491872998844796,,
Haar_07,GRAPE,1000,0.9987006783485413,0.0012996606528759003,0.00042000000000000175,,
Haar_07,GRAPE,1025,0.9988058805465698,0.001194458338432014,0.00040508127001155555,,
Haar_07,GRAPE,1050,0.9988916516304016,0.0011086872546002269,0.0003901855436234205,,
Haar_07,GRAPE,1075,0.9989095330238342,0.0010908057447522879,0.00037533578896602334,,
Haar_07,GRAPE,1100,0.998930037021637,0.0010703017469495535,0.00036055490328471386,,
Haar_07,GRAPE,1125,0.9989473223686218,0.0010530162835493684,0.0003458656776338729,,
Haar_07,GRAPE,1150,0.9989665746688843,0.0010337639832869172,0.0003312907617347575,,
Haar_07,GRAPE,1175,0.9989813566207886,0.0010189820313826203,0.00031685262905127316,,
Haar_07,GRAPE,1200,0.9989968538284302,0.001003484707325697,0.0003025735421375214,,
Haar_07,GRAPE,1225,0.9990111589431763,0.0009891795925796032,0.00028847551831055404,,
Haar_07,GRAPE,1250,0.9990251064300537,0.0009752320474945009,0.00027458029570126747,,
Haar_07,GRAPE,1275,0.9990365505218506,0.000963787897489965,0.0002609092997357791,,
Haar_07,GRAPE,1300,0.9990494251251221,0.0009509132360108197,0.0002474836100989745,,
Haar_07,GRAPE,1325,0.9990580081939697,0.0009423301671631634,0.0002343239282311593,,
Haar_07,GRAPE,1350,0.9990699291229248,0.0009304091800004244,0.00022145054540794148,,
Haar_07,GRAPE,1375,0.9990774393081665,0.0009228989365510643,0.0002088833114525531,,
Haar_07,GRAPE,1400,0.9990910887718201,0.0009092494728974998,0.000196641604128862,,
Haar_07,GRAPE,1425,0.9990984797477722,0.0009018584387376904,0.00018474429926226482,,
Haar_07,GRAPE,1450,0.9991078972816467,0.0008924409048631787,0.00017320974163453172,,
Haar_07,GRAPE,1475,0.9991123080253601,0.0008880301029421389,0.0001620557166974835,,
Haar_07,GRAPE,1500,0.9991223216056824,0.0008780165226198733,0.00015129942314911333,,
Haar_07,GRAPE,1525,0.9991275668144226,0.000872771255671978,0.00014095744641444083,,
Haar_07,GRAPE,1550,0.9991348385810852,0.0008654994890093803,0.00013104573307198958,,
Haar_07,GRAPE,1575,0.9991410374641418,0.0008593005477450788,0.00012157956626531827,,
Haar_07,GRAPE,1600,0.9991459250450134,0.0008544129668734968,0.00011257354213752138,,
Haar_07,GRAPE,1625,0.9991530776023865,0.0008472604095004499,0.00010404154732503417,,
Haar_07,GRAPE,1650,0.9991557002067566,0.0008446377469226718,9.599673754544633e-05,,
Haar_07,GRAPE,1675,0.9991584420204163,0.0008418959332630038,8.845151731233827e-05,,
Haar_07,GRAPE,1700,0.9991647601127625,0.0008355778409168124,8.141752080842129e-05,,
Haar_07,GRAPE,1725,0.9991690516471863,0.0008312862482853234,7.490559394647008e-05,,
Haar_07,GRAPE,1750,0.9991706013679504,0.0008297365275211632,6.892577764571179e-05,,
Haar_07,GRAPE,1775,0.9991752505302429,0.0008250873652286828,6.348729234945667e-05,,
Haar_07,GRAPE,1800,0.9991781115531921,0.000822226342279464,5.859852380784215e-05,,
Haar_07,GRAPE,1825,0.9991803765296936,0.0008199613657779992,5.426701014761444e-05,,
Haar_07,GRAPE,1850,0.9991835951805115,0.0008167426567524672,5.049943024888318e-05,,
Haar_07,GRAPE,1875,0.9991869330406189,0.0008134047966450453,4.730159344677261e-05,,
Haar_07,GRAPE,1900,0.9991886019706726,0.0008117358665913343,4.46784305738478e-05,,
Haar_07,GRAPE,1925,0.9991913437843323,0.0008089940529316664,4.2633986357128065e-05,,
Haar_07,GRAPE,1950,0.99919193983078,0.0008083980064839125,4.117141318141141e-05,,
Haar_07,GRAPE,1975,0.999196469783783,0.0008038680534809828,4.029296622852532e-05,,
Haar_07,GRAPE,2000,0.9991958737373352,0.0008044640417210758,4e-05,,
Haar_07,Robust GRAPE,1,0.021867847070097923,3.429342269897461,0.0005999997094176884,0.02067362144589424,0.9812554717063904
Haar_07,Robust GRAPE,25,0.895843505859375,0.5630099773406982,0.0005998184053122424,0.8539503216743469,0.2085355520248413
Haar_07,Robust GRAPE,50,0.9574244618415833,0.21014754474163055,0.0005992738526639225,0.9475792050361633,0.07676717638969421
Haar_07,Robust GRAPE,75,0.9724167585372925,0.14000901579856873,0.0005983670360049908,0.9628216624259949,0.05016472935676575
Haar_07,Robust GRAPE,100,0.9793857932090759,0.10615785419940948,0.0005970991109360656,0.9740707278251648,0.03974267840385437
Haar_07,Robust GRAPE,125,0.9866631627082825,0.07179004698991776,0.000595471693235793,0.9811844229698181,0.026424795389175415
Haar_07,Robust GRAPE,150,0.9872710704803467,0.06411056965589523,0.0005934868568017803,0.9832273721694946,0.023072361946105957
Haar_07,Robust GRAPE,175,0.9891251921653748,0.05690447986125946,0.0005911471310077294,0.9854632616043091,0.020994991064071655
Haar_07,Robust GRAPE,200,0.9858479499816895,0.06002324819564819,0.0005884554974801316,0.9837066531181335,0.019718289375305176
Haar_07,Robust GRAPE,225,0.9925209879875183,0.042671993374824524,0.0005854153862986362,0.988925576210022,0.016078799962997437
Haar_07,Robust GRAPE,250,0.9882659316062927,0.05085928365588188,0.000582030671624932,0.9864387512207031,0.01704239845275879
Haar_07,Robust GRAPE,275,0.9862820506095886,0.05617745593190193,0.0005783056667657171,0.9847321510314941,0.018127501010894775
Haar_07,Robust GRAPE,300,0.991034209728241,0.04308207705616951,0.000574245118676038,0.9881471991539001,0.014842033386230469
Haar_07,Robust GRAPE,325,0.9937781691551208,0.032957397401332855,0.0005698542019100181,0.9913482666015625,0.01205560564994812
Haar_07,Robust GRAPE,350,0.9919393062591553,0.04038335010409355,0.0005651385120266685,0.9892129898071289,0.014356851577758789
Haar_07,Robust GRAPE,375,0.993309497833252,0.034922558814287186,0.0005601040584591952,0.9908836483955383,0.012743473052978516
Haar_07,Robust GRAPE,400,0.993197500705719,0.035180043429136276,0.0005547572568568876,0.990689754486084,0.012711286544799805
Haar_07,Robust GRAPE,425,0.994161069393158,0.03182335942983627,0.0005491049209093409,0.9916945695877075,0.011785686016082764
Haar_07,Robust GRAPE,450,0.9938244819641113,0.032708823680877686,0.0005431542536634437,0.9914636611938477,0.011997699737548828
Haar_07,Robust GRAPE,475,0.9946908354759216,0.029765449464321136,0.0005369128383441814,0.9922752380371094,0.011154085397720337
Haar_07,Robust GRAPE,500,0.9949044585227966,0.029067816212773323,0.0005303886286909646,0.9924397468566895,0.010941088199615479
Haar_07,Robust GRAPE,525,0.9954299926757812,0.026583446189761162,0.0005235899388217924,0.9931745529174805,0.01012510061264038
Haar_07,Robust GRAPE,550,0.9952301979064941,0.02780350297689438,0.0005165254326381668,0.9927563071250916,0.010526388883590698
Haar_07,Robust GRAPE,575,0.9954771995544434,0.026905743405222893,0.0005092041127842604,0.9929798245429993,0.010241597890853882
Haar_07,Robust GRAPE,600,0.99692702293396,0.02088695392012596,0.0005016353091744084,0.9947723746299744,0.008390665054321289
Haar_07,Robust GRAPE,625,0.9934353232383728,0.030552851036190987,0.0004938286671035459,0.9918748736381531,0.010575145483016968
Haar_07,Robust GRAPE,650,0.9947898387908936,0.03008093126118183,0.00048579413495573756,0.9921091198921204,0.011319667100906372
Haar_07,Robust GRAPE,675,0.995949923992157,0.025653941556811333,0.0004775419515264692,0.9933795928955078,0.009988725185394287
Haar_07,Robust GRAPE,700,0.9946908354759216,0.02646469697356224,0.0004690826329748505,0.9929715991020203,0.009417831897735596
Haar_07,Robust GRAPE,725,0.9956007599830627,0.023650409653782845,0.0004604269594223624,0.9938318133354187,0.008721709251403809
Haar_07,Robust GRAPE,750,0.996290922164917,0.02413237653672695,0.000451585961215223,0.9937845468521118,0.009471625089645386
Haar_07,Robust GRAPE,775,0.9967202544212341,0.02177281863987446,0.00044257090486788037,0.9943634867668152,0.008570760488510132
Haar_07,Robust GRAPE,800,0.9959772825241089,0.02246943861246109,0.0004333932787055453,0.9942092299461365,0.008437037467956543
Haar_07,Robust GRAPE,825,0.9965750575065613,0.020346147939562798,0.0004240647782240588,0.9947822690010071,0.007802009582519531
Haar_07,Robust GRAPE,850,0.9969890117645264,0.02035856433212757,0.00041459729118575135,0.9947395324707031,0.008057773113250732
Haar_07,Robust GRAPE,875,0.9974789023399353,0.018402395769953728,0.00040500288247029097,0.9953117370605469,0.007461756467819214
Haar_07,Robust GRAPE,900,0.9964925050735474,0.020214280113577843,0.000395293778699817,0.9947630763053894,0.007646322250366211
Haar_07,Robust GRAPE,925,0.9967377781867981,0.01930166594684124,0.0003854823526579618,0.9950090646743774,0.007365405559539795
Haar_07,Robust GRAPE,950,0.998026967048645,0.01590222679078579,0.00037558110752260914,0.9960001111030579,0.006619244813919067
Haar_07,Robust GRAPE,975,0.9982098937034607,0.015137629583477974,0.0003656026609324877,0.996202290058136,0.00636628270149231
Haar_07,Robust GRAPE,1000,0.9973462820053101,0.016835736110806465,0.0003555597289078979,0.9956819415092468,0.006575673818588257
Haar_07,Robust GRAPE,1025,0.9976115226745605,0.015772389248013496,0.0003454651096460691,0.9959859848022461,0.006246298551559448
Haar_07,Robust GRAPE,1050,0.9980911612510681,0.015355183742940426,0.0003353316672117932,0.9961124658584595,0.006372272968292236
Haar_07,Robust GRAPE,1075,0.9983341693878174,0.0143774738535285,0.00032517231514412183,0.996372401714325,0.0060558021068573
Haar_07,Robust GRAPE,1100,0.9976203441619873,0.015265745110809803,0.00031500000000001264,0.9961029887199402,0.00599244236946106
Haar_07,Robust GRAPE,1125,0.997702956199646,0.014843848533928394,0.00030482768485590346,0.9962215423583984,0.005845308303833008
Haar_07,Robust GRAPE,1150,0.9979845881462097,0.014760792255401611,0.00029466833278823197,0.9963933825492859,0.006092280149459839
Haar_07,Robust GRAPE,1175,0.9970298409461975,0.01947672851383686,0.00028453489035395595,0.9949232935905457,0.007619649171829224
Haar_07,Robust GRAPE,1200,0.9969135522842407,0.020187389105558395,0.00027444027109212697,0.9947006106376648,0.007867485284805298
Haar_07,Robust GRAPE,1225,0.9976934194564819,0.017994146794080734,0.0002643973390675363,0.9952911734580994,0.0073188841342926025
Haar_07,Robust GRAPE,1250,0.9983662962913513,0.012883114628493786,0.00025441889247741393,0.9968120455741882,0.005374103784561157
Haar_07,Robust GRAPE,1275,0.9979336261749268,0.013064444065093994,0.00024451764734206047,0.9966911673545837,0.005125850439071655
Haar_07,Robust GRAPE,1300,0.9977177381515503,0.015136724337935448,0.0002347062213002039,0.9962092638015747,0.006042212247848511
Haar_07,Robust GRAPE,1325,0.9987266659736633,0.011616316623985767,0.00022499711752972876,0.9970613718032837,0.0049359798431396484
Haar_07,Robust GRAPE,1350,0.9982535243034363,0.012201890349388123,0.00021540270881426725,0.9969369173049927,0.004927933216094971
Haar_07,Robust GRAPE,1375,0.9985683560371399,0.011264597997069359,0.00020593522177595922,0.9971985816955566,0.004687398672103882
Haar_07,Robust GRAPE,1400,0.9988205432891846,0.011490261182188988,0.0001966067212944717,0.9970943331718445,0.004936486482620239
Haar_07,Robust GRAPE,1425,0.9989301562309265,0.01098197977989912,0.00018742909513213565,0.9972387552261353,0.004766941070556641
Haar_07,Robust GRAPE,1450,0.9986331462860107,0.010887780226767063,0.00017841403878479206,0.9972862601280212,0.0045378804206848145
Haar_07,Robust GRAPE,1475,0.9986962676048279,0.010537209920585155,0.0001695730405776513,0.9973797798156738,0.004408597946166992
Haar_07,Robust GRAPE,1500,0.9989719390869141,0.010481816716492176,0.0001609173670251618,0.9973676800727844,0.004547387361526489
Haar_07,Robust GRAPE,1525,0.9990713596343994,0.010188889689743519,0.00015245804847354195,0.997448742389679,0.0044723451137542725
Haar_07,Robust GRAPE,1550,0.9987440705299377,0.010105052962899208,0.00014420586504427228,0.9974848628044128,0.004222393035888672
Haar_07,Robust GRAPE,1575,0.998799204826355,0.009839126840233803,0.0001361713328964629,0.9975536465644836,0.0041277408599853516
Haar_07,Robust GRAPE,1600,0.9991459250450134,0.009679077193140984,0.0001283646908255991,0.997584342956543,0.004272639751434326
Haar_07,Robust GRAPE,1625,0.9991173148155212,0.009252984076738358,0.0001207958872157459,0.9977063536643982,0.00405082106590271
Haar_07,Robust GRAPE,1650,0.9991025328636169,0.009150901809334755,0.00011347456736183846,0.9977313876152039,0.0039896368980407715
Haar_07,Robust GRAPE,1675,0.9991130232810974,0.00906345620751381,0.00010641006117821234,0.9977512359619141,0.003951549530029297
Haar_07,Robust GRAPE,1700,0.9991182684898376,0.008981434628367424,9.961137130904015e-05,0.9977709054946899,0.003913462162017822
Haar_07,Robust GRAPE,1725,0.9991222023963928,0.008903450332581997,9.308716165582323e-05,0.9977893829345703,0.003876417875289917
Haar_07,Robust GRAPE,1750,0.999128520488739,0.008839613758027554,8.684574633656034e-05,0.9978046417236328,0.0038482844829559326
Haar_07,Robust GRAPE,1775,0.9991318583488464,0.008779425173997879,8.089507909066261e-05,0.9978196024894714,0.0038203299045562744
Haar_07,Robust GRAPE,1800,0.9991382956504822,0.008715534582734108,7.524274314311579e-05,0.997834324836731,0.0037917792797088623
Haar_07,Robust GRAPE,1825,0.9991462826728821,0.00865795649588108,6.989594154080749e-05,0.9978469014167786,0.003767162561416626
Haar_07,Robust GRAPE,1850,0.999151885509491,0.008607453666627407,6.486148797333406e-05,0.997859001159668,0.003745347261428833
Haar_07,Robust GRAPE,1875,0.9991547465324402,0.008563769981265068,6.0145798089983905e-05,0.9978693127632141,0.0037249624729156494
Haar_07,Robust GRAPE,1900,0.999155580997467,0.00852195080369711,5.575488132396362e-05,0.9978801608085632,0.0037048757076263428
Haar_07,Robust GRAPE,1925,0.9991607069969177,0.008483565412461758,5.169433323428443e-05,0.9978887438774109,0.003688424825668335
Haar_07,Robust GRAPE,1950,0.9991640448570251,0.008447268977761269,4.796932837506882e-05,0.9978975653648376,0.003672301769256592
Haar_07,Robust GRAPE,1975,0.9991645216941833,0.008414680138230324,4.458461370136463e-05,0.9979061484336853,0.0036565959453582764
Haar_07,Robust GRAPE,2000,0.9991689324378967,0.008379945531487465,4.154450251986887e-05,0.9979131817817688,0.0036411285400390625
Haar_07,Robust GRAPE,2025,0.99917072057724,0.00834919884800911,3.885286899227088e-05,0.9979203343391418,0.0036265552043914795
Haar_07,Robust GRAPE,2050,0.9991714358329773,0.008323309943079948,3.6513143198219925e-05,0.997926652431488,0.0036140084266662598
Haar_07,Robust GRAPE,2075,0.9991759657859802,0.00829599890857935,3.4528306764207154e-05,0.9979324340820312,0.0036026835441589355
Haar_07,Robust GRAPE,2100,0.9991781115531921,0.008273107931017876,3.290088906393433e-05,0.997938334941864,0.003592759370803833
Haar_07,Robust GRAPE,2125,0.9991797804832458,0.008246449753642082,3.163296399500936e-05,0.9979443550109863,0.003580152988433838
Haar_07,Robust GRAPE,2150,0.999182403087616,0.008219627663493156,3.072614733607778e-05,0.9979506731033325,0.0035681724548339844
Haar_07,Robust GRAPE,2175,0.9991829991340637,0.008201009593904018,3.018159468775736e-05,0.9979549646377563,0.0035590827465057373
Haar_07,Robust GRAPE,2200,0.9991863369941711,0.00817805901169777,2.9999999999999997e-05,0.9979608654975891,0.0035498738288879395
Haar_07,NN-seeded GRAPE,1,0.9952185153961182,0.004781493451446295,0.00019999706997625503,,
Haar_07,NN-seeded GRAPE,20,0.9951515793800354,0.0048484294675290585,0.000198830392356538,,
Haar_07,NN-seeded GRAPE,40,0.9982456564903259,0.001754352473653853,0.0001953503690480395,,
Haar_07,NN-seeded GRAPE,60,0.9985818862915039,0.0014181226724758744,0.0001896456197978949,,
Haar_07,NN-seeded GRAPE,80,0.9987465739250183,0.0012534350389614701,0.00018185661446561998,,
Haar_07,NN-seeded GRAPE,100,0.9988350868225098,0.001164922141470015,0.000172175144212722,,
Haar_07,NN-seeded GRAPE,120,0.9989030957221985,0.0010969132417812943,0.00016083959896778487,,
Haar_07,NN-seeded GRAPE,140,0.998956024646759,0.0010439843172207475,0.00014812909747525683,,
Haar_07,NN-seeded GRAPE,160,0.9990023374557495,0.000997671508230269,0.0001343566144656199,,
Haar_07,NN-seeded GRAPE,180,0.999037504196167,0.0009625047096051276,0.00011986127417882194,,
Haar_07,NN-seeded GRAPE,200,0.9990673065185547,0.0009327023872174323,0.00010500000000000002,,
Haar_07,NN-seeded GRAPE,220,0.9990919232368469,0.0009080856689251959,9.013872582117809e-05,,
Haar_07,NN-seeded GRAPE,240,0.9991149306297302,0.0008850782760418952,7.564338553438001e-05,,
Haar_07,NN-seeded GRAPE,260,0.999131977558136,0.0008680313476361334,6.187090252474307e-05,,
Haar_07,NN-seeded GRAPE,280,0.9991461634635925,0.0008538454421795905,4.9160401032215056e-05,,
Haar_07,NN-seeded GRAPE,300,0.9991578459739685,0.0008421629318036139,3.7824855787278006e-05,,
Haar_07,NN-seeded GRAPE,320,0.9991655945777893,0.0008344143279828131,2.8143385534380033e-05,,
Haar_07,NN-seeded GRAPE,340,0.9991729855537415,0.0008270233520306647,2.0354380202105085e-05,,
Haar_07,NN-seeded GRAPE,360,0.9991759657859802,0.0008240431197918952,1.4649630951960429e-05,,
Haar_07,NN-seeded GRAPE,380,0.9991822838783264,0.0008177250274457037,1.1169607643461929e-05,,
Haar_07,NN-seeded GRAPE,400,0.999182403087616,0.000817605818156153,1e-05,,
Haar_07,CRAB-SPSA,1,0.0022919774055480957,0.9977080225944519,,,
Haar_07,CRAB-SPSA,25,0.022269129753112793,0.9777308702468872,,,
Haar_07,CRAB-SPSA,50,0.016311049461364746,0.9836889505386353,,,
Haar_07,CRAB-SPSA,75,0.047749996185302734,0.9522500038146973,,,
Haar_07,CRAB-SPSA,100,0.060503363609313965,0.939496636390686,,,
Haar_07,CRAB-SPSA,125,0.02226567268371582,0.9777343273162842,,,
Haar_07,CRAB-SPSA,150,0.011372506618499756,0.9886274933815002,,,
Haar_07,CRAB-SPSA,175,0.019265294075012207,0.9807347059249878,,,
Haar_07,CRAB-SPSA,200,0.009124219417572021,0.990875780582428,,,
Haar_07,CRAB-SPSA,225,0.014155089855194092,0.9858449101448059,,,
Haar_07,CRAB-SPSA,250,0.019386768341064453,0.9806132316589355,,,
Haar_07,CRAB-SPSA,275,0.0020518898963928223,0.9979481101036072,,,
Haar_07,CRAB-SPSA,300,0.008913993835449219,0.9910860061645508,,,
Haar_07,CRAB-SPSA,325,0.022574007511138916,0.9774259924888611,,,
Haar_07,CRAB-SPSA,350,0.029341578483581543,0.9706584215164185,,,
Haar_07,CRAB-SPSA,375,0.0009987950325012207,0.9990012049674988,,,
Haar_07,CRAB-SPSA,400,0.03397178649902344,0.9660282135009766,,,
Haar_07,CRAB-SPSA,425,0.031009018421173096,0.9689909815788269,,,
Haar_07,CRAB-SPSA,450,0.11275297403335571,0.8872470259666443,,,
Haar_07,CRAB-SPSA,475,0.008473992347717285,0.9915260076522827,,,
Haar_07,CRAB-SPSA,500,0.0032399892807006836,0.9967600107192993,,,
Haar_07,CRAB-SPSA,525,0.004846692085266113,0.9951533079147339,,,
Haar_07,CRAB-SPSA,550,0.006691634654998779,0.9933083653450012,,,
Haar_07,CRAB-SPSA,575,0.002251744270324707,0.9977482557296753,,,
Haar_07,CRAB-SPSA,600,0.0029293298721313477,0.9970706701278687,,,
Haar_07,CRAB-SPSA,625,0.008280336856842041,0.991719663143158,,,
Haar_07,CRAB-SPSA,650,0.02219301462173462,0.9778069853782654,,,
Haar_07,CRAB-SPSA,675,0.04689443111419678,0.9531055688858032,,,
Haar_07,CRAB-SPSA,700,0.17114901542663574,0.8288509845733643,,,
Haar_07,CRAB-SPSA,725,0.01828557252883911,0.9817144274711609,,,
Haar_07,CRAB-SPSA,750,0.013467252254486084,0.9865327477455139,,,
Haar_07,CRAB-SPSA,775,0.01689356565475464,0.9831064343452454,,,
Haar_07,CRAB-SPSA,800,0.009778439998626709,0.9902215600013733,,,
Haar_07,CRAB-SPSA,825,0.002753019332885742,0.9972469806671143,,,
Haar_07,CRAB-SPSA,850,0.0031205415725708008,0.9968794584274292,,,
Haar_07,CRAB-SPSA,875,0.0027304887771606445,0.9972695112228394,,,
Haar_07,CRAB-SPSA,900,0.00918126106262207,0.9908187389373779,,,
Haar_07,CRAB-SPSA,925,0.027358412742614746,0.9726415872573853,,,
Haar_07,CRAB-SPSA,950,0.013708293437957764,0.9862917065620422,,,
Haar_07,CRAB-SPSA,975,0.010465502738952637,0.9895344972610474,,,
Haar_07,CRAB-SPSA,1000,0.0015168190002441406,0.9984831809997559,,,
Haar_07,CRAB-SPSA,1025,0.00793522596359253,0.9920647740364075,,,
Haar_07,CRAB-SPSA,1050,0.002941310405731201,0.9970586895942688,,,
Haar_07,CRAB-SPSA,1075,0.00037604570388793945,0.9996239542961121,,,
Haar_07,CRAB-SPSA,1100,0.000863194465637207,0.9991368055343628,,,
Haar_07,CRAB-SPSA,1125,0.03351795673370361,0.9664820432662964,,,
Haar_07,CRAB-SPSA,1150,0.09087663888931274,0.9091233611106873,,,
Haar_07,CRAB-SPSA,1175,0.029309451580047607,0.9706905484199524,,,
Haar_07,CRAB-SPSA,1200,0.003950059413909912,0.9960499405860901,,,
Haar_07,CRAB-SPSA,1225,0.011357426643371582,0.9886425733566284,,,
Haar_07,CRAB-SPSA,1250,0.0713578462600708,0.9286421537399292,,,
Haar_07,CRAB-SPSA,1275,0.010693788528442383,0.9893062114715576,,,
Haar_07,CRAB-SPSA,1300,0.011914849281311035,0.988085150718689,,,
Haar_07,CRAB-SPSA,1325,0.04197472333908081,0.9580252766609192,,,
Haar_07,CRAB-SPSA,1350,0.019331395626068115,0.9806686043739319,,,
Haar_07,CRAB-SPSA,1375,0.035439133644104004,0.964560866355896,,,
Haar_07,CRAB-SPSA,1400,0.025899648666381836,0.9741003513336182,,,
Haar_07,CRAB-SPSA,1425,0.01961749792098999,0.98038250207901,,,
Haar_07,CRAB-SPSA,1450,0.04151540994644165,0.9584845900535583,,,
Haar_07,CRAB-SPSA,1475,0.045284807682037354,0.9547151923179626,,,
Haar_07,CRAB-SPSA,1500,0.11074680089950562,0.8892531991004944,,,
